{"level":"INFO","message":"[5:20:05.983 PM]: Creating new connection object"}
{"level":"INFO","message":"[5:20:05.991 PM]: Creating Connection[id: 5a593db5-88ac-42d2-bd2e-e509d139db16] with host: udnznon-atscalepartner.snowflakecomputing.com, account: udnznon-atscalepartner, accessUrl: https://udnznon-atscalepartner.snowflakecomputing.com, user: atscale_cli, role: ACCOUNTADMIN, database: SE_DEMO_LIBRARY, schema: AS_ADVENTURE, warehouse: SE_DEMO_JM_MEDIUM, proxy was not configured, password is provided, region: undefined, authenticator: SNOWFLAKE, ocsp mode: FAIL_OPEN, os: darwin, os version: 25.5.0"}
{"level":"INFO","message":"[5:20:05.991 PM]: Connection[id: 5a593db5-88ac-42d2-bd2e-e509d139db16] additional details: passcode in password is provided, passcode is not provided, private key is not provided, application: undefined, client name: snowflake-sdk, client version: 2.4.0, retry timeout: 300, private key path: undefined, private key pass is not provided, client store temporary credential: false, browser response timeout: 120000"}
{"level":"INFO","message":"[5:20:05.991 PM]: Connection[id: 5a593db5-88ac-42d2-bd2e-e509d139db16] - connection object created successfully."}
{"level":"INFO","message":"[5:20:05.992 PM]: Connection[id: 5a593db5-88ac-42d2-bd2e-e509d139db16] - async connecting. Associated Snowflake domain: GLOBAL"}
{"level":"INFO","message":"[5:20:05.992 PM]: Trying to initialize Easy Logging"}
{"level":"INFO","message":"[5:20:05.993 PM]: No client config detected."}
{"level":"INFO","message":"[5:20:05.993 PM]: No config file path found. Client config will not be used."}
{"level":"INFO","message":"[5:20:05.993 PM]: Easy Logging is disabled as no config has been found"}
{"level":"INFO","message":"[5:20:05.993 PM]: Connection[id: 5a593db5-88ac-42d2-bd2e-e509d139db16] - authentication successful using: SNOWFLAKE"}
{"level":"INFO","message":"[5:20:07.091 PM]: Connection[id: 5a593db5-88ac-42d2-bd2e-e509d139db16] - connection established successfully after 1099.65 milliseconds"}
{"level":"INFO","message":"[5:20:49.078 PM]: Creating new connection object"}
{"level":"INFO","message":"[5:20:49.089 PM]: Creating Connection[id: fd5eb17f-0ea3-4a8d-8eb6-7eb9793c3e88] with host: udnznon-atscalepartner.snowflakecomputing.com, account: udnznon-atscalepartner, accessUrl: https://udnznon-atscalepartner.snowflakecomputing.com, user: atscale_cli, role: ACCOUNTADMIN, database: SE_DEMO_LIBRARY, schema: AS_ADVENTURE, warehouse: SE_DEMO_JM_MEDIUM, proxy was not configured, password is provided, region: undefined, authenticator: SNOWFLAKE, ocsp mode: FAIL_OPEN, os: darwin, os version: 25.5.0"}
{"level":"INFO","message":"[5:20:49.090 PM]: Connection[id: fd5eb17f-0ea3-4a8d-8eb6-7eb9793c3e88] additional details: passcode in password is provided, passcode is not provided, private key is not provided, application: undefined, client name: snowflake-sdk, client version: 2.4.0, retry timeout: 300, private key path: undefined, private key pass is not provided, client store temporary credential: false, browser response timeout: 120000"}
{"level":"INFO","message":"[5:20:49.090 PM]: Connection[id: fd5eb17f-0ea3-4a8d-8eb6-7eb9793c3e88] - connection object created successfully."}
{"level":"INFO","message":"[5:20:49.090 PM]: Connection[id: fd5eb17f-0ea3-4a8d-8eb6-7eb9793c3e88] - async connecting. Associated Snowflake domain: GLOBAL"}
{"level":"INFO","message":"[5:20:49.090 PM]: Trying to initialize Easy Logging"}
{"level":"INFO","message":"[5:20:49.091 PM]: No client config detected."}
{"level":"INFO","message":"[5:20:49.092 PM]: No config file path found. Client config will not be used."}
{"level":"INFO","message":"[5:20:49.092 PM]: Easy Logging is disabled as no config has been found"}
{"level":"INFO","message":"[5:20:49.092 PM]: Connection[id: fd5eb17f-0ea3-4a8d-8eb6-7eb9793c3e88] - authentication successful using: SNOWFLAKE"}
{"level":"INFO","message":"[5:20:50.286 PM]: Connection[id: fd5eb17f-0ea3-4a8d-8eb6-7eb9793c3e88] - connection established successfully after 1196.05 milliseconds"}
{"level":"INFO","message":"[5:21:26.605 PM]: Creating new connection object"}
{"level":"INFO","message":"[5:21:26.612 PM]: Creating Connection[id: 3a29c7f9-73bf-43ff-a621-3d7b9c8fa060] with host: udnznon-atscalepartner.snowflakecomputing.com, account: udnznon-atscalepartner, accessUrl: https://udnznon-atscalepartner.snowflakecomputing.com, user: atscale_cli, role: ACCOUNTADMIN, database: SE_DEMO_LIBRARY, schema: AS_ADVENTURE, warehouse: SE_DEMO_JM_MEDIUM, proxy was not configured, password is provided, region: undefined, authenticator: SNOWFLAKE, ocsp mode: FAIL_OPEN, os: darwin, os version: 25.5.0"}
{"level":"INFO","message":"[5:21:26.612 PM]: Connection[id: 3a29c7f9-73bf-43ff-a621-3d7b9c8fa060] additional details: passcode in password is provided, passcode is not provided, private key is not provided, application: undefined, client name: snowflake-sdk, client version: 2.4.0, retry timeout: 300, private key path: undefined, private key pass is not provided, client store temporary credential: false, browser response timeout: 120000"}
{"level":"INFO","message":"[5:21:26.612 PM]: Connection[id: 3a29c7f9-73bf-43ff-a621-3d7b9c8fa060] - connection object created successfully."}
{"level":"INFO","message":"[5:21:26.612 PM]: Connection[id: 3a29c7f9-73bf-43ff-a621-3d7b9c8fa060] - async connecting. Associated Snowflake domain: GLOBAL"}
{"level":"INFO","message":"[5:21:26.612 PM]: Trying to initialize Easy Logging"}
{"level":"INFO","message":"[5:21:26.613 PM]: No client config detected."}
{"level":"INFO","message":"[5:21:26.613 PM]: No config file path found. Client config will not be used."}
{"level":"INFO","message":"[5:21:26.614 PM]: Easy Logging is disabled as no config has been found"}
{"level":"INFO","message":"[5:21:26.614 PM]: Connection[id: 3a29c7f9-73bf-43ff-a621-3d7b9c8fa060] - authentication successful using: SNOWFLAKE"}
{"level":"INFO","message":"[5:21:27.731 PM]: Connection[id: 3a29c7f9-73bf-43ff-a621-3d7b9c8fa060] - connection established successfully after 1119.04 milliseconds"}
{"level":"INFO","message":"[5:24:47.660 PM]: Creating new connection object"}
{"level":"INFO","message":"[5:24:47.665 PM]: Creating Connection[id: 403949be-0822-48ae-9ed4-e430ec1607a3] with host: udnznon-atscalepartner.snowflakecomputing.com, account: udnznon-atscalepartner, accessUrl: https://udnznon-atscalepartner.snowflakecomputing.com, user: atscale_cli, role: ACCOUNTADMIN, database: SE_DEMO_LIBRARY, schema: JAVIER_SYNTH, warehouse: SE_DEMO_JM_MEDIUM, proxy was not configured, password is provided, region: undefined, authenticator: SNOWFLAKE, ocsp mode: FAIL_OPEN, os: darwin, os version: 25.5.0"}
{"level":"INFO","message":"[5:24:47.666 PM]: Connection[id: 403949be-0822-48ae-9ed4-e430ec1607a3] additional details: passcode in password is provided, passcode is not provided, private key is not provided, application: undefined, client name: snowflake-sdk, client version: 2.4.0, retry timeout: 300, private key path: undefined, private key pass is not provided, client store temporary credential: false, browser response timeout: 120000"}
{"level":"INFO","message":"[5:24:47.666 PM]: Connection[id: 403949be-0822-48ae-9ed4-e430ec1607a3] - connection object created successfully."}
{"level":"INFO","message":"[5:24:47.666 PM]: Connection[id: 403949be-0822-48ae-9ed4-e430ec1607a3] - async connecting. Associated Snowflake domain: GLOBAL"}
{"level":"INFO","message":"[5:24:47.666 PM]: Trying to initialize Easy Logging"}
{"level":"INFO","message":"[5:24:47.667 PM]: No client config detected."}
{"level":"INFO","message":"[5:24:47.667 PM]: No config file path found. Client config will not be used."}
{"level":"INFO","message":"[5:24:47.668 PM]: Easy Logging is disabled as no config has been found"}
{"level":"INFO","message":"[5:24:47.668 PM]: Connection[id: 403949be-0822-48ae-9ed4-e430ec1607a3] - authentication successful using: SNOWFLAKE"}
{"level":"INFO","message":"[5:24:48.720 PM]: Connection[id: 403949be-0822-48ae-9ed4-e430ec1607a3] - connection established successfully after 1053.69 milliseconds"}
{"level":"INFO","message":"[6:02:45.800 PM]: Creating new connection object"}
{"level":"INFO","message":"[6:02:45.807 PM]: Creating Connection[id: 4f38fdfe-03bc-4842-8135-1a591c98e400] with host: udnznon-atscalepartner.snowflakecomputing.com, account: udnznon-atscalepartner, accessUrl: https://udnznon-atscalepartner.snowflakecomputing.com, user: atscale_cli, role: ACCOUNTADMIN, database: SE_DEMO_LIBRARY, schema: AS_ADVENTURE, warehouse: SE_DEMO_JM_MEDIUM, proxy was not configured, password is provided, region: undefined, authenticator: SNOWFLAKE, ocsp mode: FAIL_OPEN, os: darwin, os version: 25.5.0"}
{"level":"INFO","message":"[6:02:45.807 PM]: Connection[id: 4f38fdfe-03bc-4842-8135-1a591c98e400] additional details: passcode in password is provided, passcode is not provided, private key is not provided, application: undefined, client name: snowflake-sdk, client version: 2.4.0, retry timeout: 300, private key path: undefined, private key pass is not provided, client store temporary credential: false, browser response timeout: 120000"}
{"level":"INFO","message":"[6:02:45.807 PM]: Connection[id: 4f38fdfe-03bc-4842-8135-1a591c98e400] - connection object created successfully."}
{"level":"INFO","message":"[6:02:45.807 PM]: Connection[id: 4f38fdfe-03bc-4842-8135-1a591c98e400] - async connecting. Associated Snowflake domain: GLOBAL"}
{"level":"INFO","message":"[6:02:45.808 PM]: Trying to initialize Easy Logging"}
{"level":"INFO","message":"[6:02:45.809 PM]: No client config detected."}
{"level":"INFO","message":"[6:02:45.809 PM]: No config file path found. Client config will not be used."}
{"level":"INFO","message":"[6:02:45.809 PM]: Easy Logging is disabled as no config has been found"}
{"level":"INFO","message":"[6:02:45.809 PM]: Connection[id: 4f38fdfe-03bc-4842-8135-1a591c98e400] - authentication successful using: SNOWFLAKE"}
{"level":"INFO","message":"[6:02:47.251 PM]: Connection[id: 4f38fdfe-03bc-4842-8135-1a591c98e400] - connection established successfully after 1443.47 milliseconds"}
{"level":"INFO","message":"[6:08:05.451 PM]: Creating new connection object"}
{"level":"INFO","message":"[6:08:05.457 PM]: Creating Connection[id: 6a95c406-dfb0-4da9-8d89-01bddbc297f7] with host: udnznon-atscalepartner.snowflakecomputing.com, account: udnznon-atscalepartner, accessUrl: https://udnznon-atscalepartner.snowflakecomputing.com, user: atscale_cli, role: ACCOUNTADMIN, database: SE_DEMO_LIBRARY, schema: JAVIER_SYNTH, warehouse: SE_DEMO_JM_MEDIUM, proxy was not configured, password is provided, region: undefined, authenticator: SNOWFLAKE, ocsp mode: FAIL_OPEN, os: darwin, os version: 25.5.0"}
{"level":"INFO","message":"[6:08:05.457 PM]: Connection[id: 6a95c406-dfb0-4da9-8d89-01bddbc297f7] additional details: passcode in password is provided, passcode is not provided, private key is not provided, application: undefined, client name: snowflake-sdk, client version: 2.4.0, retry timeout: 300, private key path: undefined, private key pass is not provided, client store temporary credential: false, browser response timeout: 120000"}
{"level":"INFO","message":"[6:08:05.457 PM]: Connection[id: 6a95c406-dfb0-4da9-8d89-01bddbc297f7] - connection object created successfully."}
{"level":"INFO","message":"[6:08:05.457 PM]: Connection[id: 6a95c406-dfb0-4da9-8d89-01bddbc297f7] - async connecting. Associated Snowflake domain: GLOBAL"}
{"level":"INFO","message":"[6:08:05.458 PM]: Trying to initialize Easy Logging"}
{"level":"INFO","message":"[6:08:05.459 PM]: No client config detected."}
{"level":"INFO","message":"[6:08:05.459 PM]: No config file path found. Client config will not be used."}
{"level":"INFO","message":"[6:08:05.459 PM]: Easy Logging is disabled as no config has been found"}
{"level":"INFO","message":"[6:08:05.459 PM]: Connection[id: 6a95c406-dfb0-4da9-8d89-01bddbc297f7] - authentication successful using: SNOWFLAKE"}
{"level":"INFO","message":"[6:08:06.641 PM]: Connection[id: 6a95c406-dfb0-4da9-8d89-01bddbc297f7] - connection established successfully after 1183.5 milliseconds"}
{"level":"INFO","message":"[8:28:47.141 AM]: Creating new connection object"}
{"level":"INFO","message":"[8:28:47.147 AM]: Creating Connection[id: 3b380793-e713-4175-a606-bc28bf10b39b] with host: udnznon-atscalepartner.snowflakecomputing.com, account: udnznon-atscalepartner, accessUrl: https://udnznon-atscalepartner.snowflakecomputing.com, user: atscale_cli, role: ACCOUNTADMIN, database: SE_DEMO_LIBRARY, schema: AS_ADVENTURE, warehouse: SE_DEMO_JM_MEDIUM, proxy was not configured, password is provided, region: undefined, authenticator: SNOWFLAKE, ocsp mode: FAIL_OPEN, os: darwin, os version: 25.5.0"}
{"level":"INFO","message":"[8:28:47.148 AM]: Connection[id: 3b380793-e713-4175-a606-bc28bf10b39b] additional details: passcode in password is provided, passcode is not provided, private key is not provided, application: undefined, client name: snowflake-sdk, client version: 2.4.0, retry timeout: 300, private key path: undefined, private key pass is not provided, client store temporary credential: false, browser response timeout: 120000"}
{"level":"INFO","message":"[8:28:47.148 AM]: Connection[id: 3b380793-e713-4175-a606-bc28bf10b39b] - connection object created successfully."}
{"level":"INFO","message":"[8:28:47.148 AM]: Connection[id: 3b380793-e713-4175-a606-bc28bf10b39b] - async connecting. Associated Snowflake domain: GLOBAL"}
{"level":"INFO","message":"[8:28:47.148 AM]: Trying to initialize Easy Logging"}
{"level":"INFO","message":"[8:28:47.149 AM]: No client config detected."}
{"level":"INFO","message":"[8:28:47.149 AM]: No config file path found. Client config will not be used."}
{"level":"INFO","message":"[8:28:47.149 AM]: Easy Logging is disabled as no config has been found"}
{"level":"INFO","message":"[8:28:47.149 AM]: Connection[id: 3b380793-e713-4175-a606-bc28bf10b39b] - authentication successful using: SNOWFLAKE"}
{"level":"INFO","message":"[8:28:47.928 AM]: Connection[id: 3b380793-e713-4175-a606-bc28bf10b39b] - connection established successfully after 779.52 milliseconds"}
{"level":"INFO","message":"[8:35:24.648 AM]: Creating new connection object"}
{"level":"INFO","message":"[8:35:24.655 AM]: Creating Connection[id: 49e995d6-f48e-42c5-a7a5-0ae5a48e4ac2] with host: udnznon-atscalepartner.snowflakecomputing.com, account: udnznon-atscalepartner, accessUrl: https://udnznon-atscalepartner.snowflakecomputing.com, user: atscale_cli, role: ACCOUNTADMIN, database: SE_DEMO_LIBRARY, schema: JAVIER_SYNTH, warehouse: SE_DEMO_JM_MEDIUM, proxy was not configured, password is provided, region: undefined, authenticator: SNOWFLAKE, ocsp mode: FAIL_OPEN, os: darwin, os version: 25.5.0"}
{"level":"INFO","message":"[8:35:24.656 AM]: Connection[id: 49e995d6-f48e-42c5-a7a5-0ae5a48e4ac2] additional details: passcode in password is provided, passcode is not provided, private key is not provided, application: undefined, client name: snowflake-sdk, client version: 2.4.0, retry timeout: 300, private key path: undefined, private key pass is not provided, client store temporary credential: false, browser response timeout: 120000"}
{"level":"INFO","message":"[8:35:24.656 AM]: Connection[id: 49e995d6-f48e-42c5-a7a5-0ae5a48e4ac2] - connection object created successfully."}
{"level":"INFO","message":"[8:35:24.656 AM]: Connection[id: 49e995d6-f48e-42c5-a7a5-0ae5a48e4ac2] - async connecting. Associated Snowflake domain: GLOBAL"}
{"level":"INFO","message":"[8:35:24.656 AM]: Trying to initialize Easy Logging"}
{"level":"INFO","message":"[8:35:24.658 AM]: No client config detected."}
{"level":"INFO","message":"[8:35:24.658 AM]: No config file path found. Client config will not be used."}
{"level":"INFO","message":"[8:35:24.658 AM]: Easy Logging is disabled as no config has been found"}
{"level":"INFO","message":"[8:35:24.658 AM]: Connection[id: 49e995d6-f48e-42c5-a7a5-0ae5a48e4ac2] - authentication successful using: SNOWFLAKE"}
{"level":"INFO","message":"[8:35:25.943 AM]: Connection[id: 49e995d6-f48e-42c5-a7a5-0ae5a48e4ac2] - connection established successfully after 1286.51 milliseconds"}
{"level":"INFO","message":"[8:43:13.995 AM]: Creating new connection object"}
{"level":"INFO","message":"[8:43:14.005 AM]: Creating Connection[id: 56feada8-7348-4fcf-b6e7-ae2477550894] with host: udnznon-atscalepartner.snowflakecomputing.com, account: udnznon-atscalepartner, accessUrl: https://udnznon-atscalepartner.snowflakecomputing.com, user: atscale_cli, role: ACCOUNTADMIN, database: SE_DEMO_LIBRARY, schema: AS_ADVENTURE, warehouse: SE_DEMO_JM_MEDIUM, proxy was not configured, password is provided, region: undefined, authenticator: SNOWFLAKE, ocsp mode: FAIL_OPEN, os: darwin, os version: 25.5.0"}
{"level":"INFO","message":"[8:43:14.005 AM]: Connection[id: 56feada8-7348-4fcf-b6e7-ae2477550894] additional details: passcode in password is provided, passcode is not provided, private key is not provided, application: undefined, client name: snowflake-sdk, client version: 2.4.0, retry timeout: 300, private key path: undefined, private key pass is not provided, client store temporary credential: false, browser response timeout: 120000"}
{"level":"INFO","message":"[8:43:14.005 AM]: Connection[id: 56feada8-7348-4fcf-b6e7-ae2477550894] - connection object created successfully."}
{"level":"INFO","message":"[8:43:14.005 AM]: Connection[id: 56feada8-7348-4fcf-b6e7-ae2477550894] - async connecting. Associated Snowflake domain: GLOBAL"}
{"level":"INFO","message":"[8:43:14.005 AM]: Trying to initialize Easy Logging"}
{"level":"INFO","message":"[8:43:14.007 AM]: No client config detected."}
{"level":"INFO","message":"[8:43:14.007 AM]: No config file path found. Client config will not be used."}
{"level":"INFO","message":"[8:43:14.007 AM]: Easy Logging is disabled as no config has been found"}
{"level":"INFO","message":"[8:43:14.007 AM]: Connection[id: 56feada8-7348-4fcf-b6e7-ae2477550894] - authentication successful using: SNOWFLAKE"}
{"level":"INFO","message":"[8:43:14.897 AM]: Connection[id: 56feada8-7348-4fcf-b6e7-ae2477550894] - connection established successfully after 892 milliseconds"}
{"level":"INFO","message":"[9:08:39.699 AM]: Creating new connection object"}
{"level":"INFO","message":"[9:08:39.707 AM]: Creating Connection[id: 4dda344e-3546-4976-a8c0-2e43f89ec7ef] with host: udnznon-atscalepartner.snowflakecomputing.com, account: udnznon-atscalepartner, accessUrl: https://udnznon-atscalepartner.snowflakecomputing.com, user: atscale_cli, role: ACCOUNTADMIN, database: SE_DEMO_LIBRARY, schema: AS_ADVENTURE, warehouse: SE_DEMO_JM_MEDIUM, proxy was not configured, password is provided, region: undefined, authenticator: SNOWFLAKE, ocsp mode: FAIL_OPEN, os: darwin, os version: 25.5.0"}
{"level":"INFO","message":"[9:08:39.708 AM]: Connection[id: 4dda344e-3546-4976-a8c0-2e43f89ec7ef] additional details: passcode in password is provided, passcode is not provided, private key is not provided, application: undefined, client name: snowflake-sdk, client version: 2.4.0, retry timeout: 300, private key path: undefined, private key pass is not provided, client store temporary credential: false, browser response timeout: 120000"}
{"level":"INFO","message":"[9:08:39.710 AM]: Connection[id: 4dda344e-3546-4976-a8c0-2e43f89ec7ef] - connection object created successfully."}
{"level":"INFO","message":"[9:08:39.710 AM]: Connection[id: 4dda344e-3546-4976-a8c0-2e43f89ec7ef] - async connecting. Associated Snowflake domain: GLOBAL"}
{"level":"INFO","message":"[9:08:39.710 AM]: Trying to initialize Easy Logging"}
{"level":"INFO","message":"[9:08:39.711 AM]: No client config detected."}
{"level":"INFO","message":"[9:08:39.711 AM]: No config file path found. Client config will not be used."}
{"level":"INFO","message":"[9:08:39.712 AM]: Easy Logging is disabled as no config has been found"}
{"level":"INFO","message":"[9:08:39.712 AM]: Connection[id: 4dda344e-3546-4976-a8c0-2e43f89ec7ef] - authentication successful using: SNOWFLAKE"}
{"level":"INFO","message":"[9:08:41.420 AM]: Connection[id: 4dda344e-3546-4976-a8c0-2e43f89ec7ef] - connection established successfully after 1710.49 milliseconds"}
{"level":"INFO","message":"[9:12:16.393 AM]: Creating new connection object"}
{"level":"INFO","message":"[9:12:16.398 AM]: Creating Connection[id: 31d5ff57-46c5-48af-b9cf-480b712a2907] with host: udnznon-atscalepartner.snowflakecomputing.com, account: udnznon-atscalepartner, accessUrl: https://udnznon-atscalepartner.snowflakecomputing.com, user: atscale_cli, role: ACCOUNTADMIN, database: SE_DEMO_LIBRARY, schema: JAVIER_SYNTH, warehouse: SE_DEMO_JM_MEDIUM, proxy was not configured, password is provided, region: undefined, authenticator: SNOWFLAKE, ocsp mode: FAIL_OPEN, os: darwin, os version: 25.5.0"}
{"level":"INFO","message":"[9:12:16.399 AM]: Connection[id: 31d5ff57-46c5-48af-b9cf-480b712a2907] additional details: passcode in password is provided, passcode is not provided, private key is not provided, application: undefined, client name: snowflake-sdk, client version: 2.4.0, retry timeout: 300, private key path: undefined, private key pass is not provided, client store temporary credential: false, browser response timeout: 120000"}
{"level":"INFO","message":"[9:12:16.399 AM]: Connection[id: 31d5ff57-46c5-48af-b9cf-480b712a2907] - connection object created successfully."}
{"level":"INFO","message":"[9:12:16.399 AM]: Connection[id: 31d5ff57-46c5-48af-b9cf-480b712a2907] - async connecting. Associated Snowflake domain: GLOBAL"}
{"level":"INFO","message":"[9:12:16.399 AM]: Trying to initialize Easy Logging"}
{"level":"INFO","message":"[9:12:16.400 AM]: No client config detected."}
{"level":"INFO","message":"[9:12:16.401 AM]: No config file path found. Client config will not be used."}
{"level":"INFO","message":"[9:12:16.401 AM]: Easy Logging is disabled as no config has been found"}
{"level":"INFO","message":"[9:12:16.401 AM]: Connection[id: 31d5ff57-46c5-48af-b9cf-480b712a2907] - authentication successful using: SNOWFLAKE"}
{"level":"INFO","message":"[9:12:18.902 AM]: Connection[id: 31d5ff57-46c5-48af-b9cf-480b712a2907] - connection established successfully after 2502.58 milliseconds"}
{"level":"INFO","message":"[2:34:16.165 AM]: Creating new connection object"}
{"level":"INFO","message":"[2:34:16.172 AM]: Creating Connection[id: 11fa91f6-e7e0-4a84-8cae-a52106850a85] with host: udnznon-atscalepartner.snowflakecomputing.com, account: udnznon-atscalepartner, accessUrl: https://udnznon-atscalepartner.snowflakecomputing.com, user: atscale_cli, role: ACCOUNTADMIN, database: SE_DEMO_LIBRARY, schema: AS_ADVENTURE, warehouse: SE_DEMO_JM_MEDIUM, proxy was not configured, password is provided, region: undefined, authenticator: SNOWFLAKE, ocsp mode: FAIL_OPEN, os: darwin, os version: 25.5.0"}
{"level":"INFO","message":"[2:34:16.173 AM]: Connection[id: 11fa91f6-e7e0-4a84-8cae-a52106850a85] additional details: passcode in password is provided, passcode is not provided, private key is not provided, application: undefined, client name: snowflake-sdk, client version: 2.4.0, retry timeout: 300, private key path: undefined, private key pass is not provided, client store temporary credential: false, browser response timeout: 120000"}
{"level":"INFO","message":"[2:34:16.173 AM]: Connection[id: 11fa91f6-e7e0-4a84-8cae-a52106850a85] - connection object created successfully."}
{"level":"INFO","message":"[2:34:16.173 AM]: Connection[id: 11fa91f6-e7e0-4a84-8cae-a52106850a85] - async connecting. Associated Snowflake domain: GLOBAL"}
{"level":"INFO","message":"[2:34:16.173 AM]: Trying to initialize Easy Logging"}
{"level":"INFO","message":"[2:34:16.174 AM]: No client config detected."}
{"level":"INFO","message":"[2:34:16.174 AM]: No config file path found. Client config will not be used."}
{"level":"INFO","message":"[2:34:16.174 AM]: Easy Logging is disabled as no config has been found"}
{"level":"INFO","message":"[2:34:16.174 AM]: Connection[id: 11fa91f6-e7e0-4a84-8cae-a52106850a85] - authentication successful using: SNOWFLAKE"}
{"level":"INFO","message":"[2:34:17.403 AM]: Connection[id: 11fa91f6-e7e0-4a84-8cae-a52106850a85] - connection established successfully after 1229.73 milliseconds"}
{"level":"WARN","message":"[2:34:27.521 AM]: Query result precision loss detected when converting 3.54185858585859e+35 to a JavaScript Number.\n\nFetch as string or BigInt instead:\nhttps://docs.snowflake.com/en/developer-guide/node-js/nodejs-driver-consume#fetching-integer-data-types-as-bigint\nhttps://docs.snowflake.com/en/developer-guide/node-js/nodejs-driver-consume#fetching-data-types-as-strings\n\nThis will throw an error in future driver versions."}
{"level":"WARN","message":"[2:34:27.522 AM]: Query result precision loss detected when converting 3.54185858585859e+35 to a JavaScript Number.\n\nFetch as string or BigInt instead:\nhttps://docs.snowflake.com/en/developer-guide/node-js/nodejs-driver-consume#fetching-integer-data-types-as-bigint\nhttps://docs.snowflake.com/en/developer-guide/node-js/nodejs-driver-consume#fetching-data-types-as-strings\n\nThis will throw an error in future driver versions."}
{"level":"WARN","message":"[2:34:27.522 AM]: Query result precision loss detected when converting 3.54185858585859e+35 to a JavaScript Number.\n\nFetch as string or BigInt instead:\nhttps://docs.snowflake.com/en/developer-guide/node-js/nodejs-driver-consume#fetching-integer-data-types-as-bigint\nhttps://docs.snowflake.com/en/developer-guide/node-js/nodejs-driver-consume#fetching-data-types-as-strings\n\nThis will throw an error in future driver versions."}
{"level":"WARN","message":"[2:34:27.522 AM]: Query result precision loss detected when converting 3.34090909090909e+35 to a JavaScript Number.\n\nFetch as string or BigInt instead:\nhttps://docs.snowflake.com/en/developer-guide/node-js/nodejs-driver-consume#fetching-integer-data-types-as-bigint\nhttps://docs.snowflake.com/en/developer-guide/node-js/nodejs-driver-consume#fetching-data-types-as-strings\n\nThis will throw an error in future driver versions."}
{"level":"WARN","message":"[2:34:27.523 AM]: Query result precision loss detected when converting 3.54185858585859e+35 to a JavaScript Number.\n\nFetch as string or BigInt instead:\nhttps://docs.snowflake.com/en/developer-guide/node-js/nodejs-driver-consume#fetching-integer-data-types-as-bigint\nhttps://docs.snowflake.com/en/developer-guide/node-js/nodejs-driver-consume#fetching-data-types-as-strings\n\nThis will throw an error in future driver versions."}
{"level":"WARN","message":"[2:34:27.523 AM]: Query result precision loss detected when converting 3.54185858585859e+35 to a JavaScript Number.\n\nFetch as string or BigInt instead:\nhttps://docs.snowflake.com/en/developer-guide/node-js/nodejs-driver-consume#fetching-integer-data-types-as-bigint\nhttps://docs.snowflake.com/en/developer-guide/node-js/nodejs-driver-consume#fetching-data-types-as-strings\n\nThis will throw an error in future driver versions."}
{"level":"WARN","message":"[2:34:27.523 AM]: Query result precision loss detected when converting 3.36565656565657e+35 to a JavaScript Number.\n\nFetch as string or BigInt instead:\nhttps://docs.snowflake.com/en/developer-guide/node-js/nodejs-driver-consume#fetching-integer-data-types-as-bigint\nhttps://docs.snowflake.com/en/developer-guide/node-js/nodejs-driver-consume#fetching-data-types-as-strings\n\nThis will throw an error in future driver versions."}
{"level":"WARN","message":"[2:34:27.523 AM]: Query result precision loss detected when converting 3.54185858585859e+35 to a JavaScript Number.\n\nFetch as string or BigInt instead:\nhttps://docs.snowflake.com/en/developer-guide/node-js/nodejs-driver-consume#fetching-integer-data-types-as-bigint\nhttps://docs.snowflake.com/en/developer-guide/node-js/nodejs-driver-consume#fetching-data-types-as-strings\n\nThis will throw an error in future driver versions."}
{"level":"WARN","message":"[2:34:27.523 AM]: Query result precision loss detected when converting 2.02830303030303e+35 to a JavaScript Number.\n\nFetch as string or BigInt instead:\nhttps://docs.snowflake.com/en/developer-guide/node-js/nodejs-driver-consume#fetching-integer-data-types-as-bigint\nhttps://docs.snowflake.com/en/developer-guide/node-js/nodejs-driver-consume#fetching-data-types-as-strings\n\nThis will throw an error in future driver versions."}
{"level":"WARN","message":"[2:34:27.523 AM]: Query result precision loss detected when converting 2.1599595959596e+35 to a JavaScript Number.\n\nFetch as string or BigInt instead:\nhttps://docs.snowflake.com/en/developer-guide/node-js/nodejs-driver-consume#fetching-integer-data-types-as-bigint\nhttps://docs.snowflake.com/en/developer-guide/node-js/nodejs-driver-consume#fetching-data-types-as-strings\n\nThis will throw an error in future driver versions."}
{"level":"WARN","message":"[2:34:27.523 AM]: Query result precision loss detected when converting 2.41832323232323e+35 to a JavaScript Number.\n\nFetch as string or BigInt instead:\nhttps://docs.snowflake.com/en/developer-guide/node-js/nodejs-driver-consume#fetching-integer-data-types-as-bigint\nhttps://docs.snowflake.com/en/developer-guide/node-js/nodejs-driver-consume#fetching-data-types-as-strings\n\nThis will throw an error in future driver versions."}
{"level":"WARN","message":"[2:34:27.523 AM]: Query result precision loss detected when converting 2.41832323232323e+35 to a JavaScript Number.\n\nFetch as string or BigInt instead:\nhttps://docs.snowflake.com/en/developer-guide/node-js/nodejs-driver-consume#fetching-integer-data-types-as-bigint\nhttps://docs.snowflake.com/en/developer-guide/node-js/nodejs-driver-consume#fetching-data-types-as-strings\n\nThis will throw an error in future driver versions."}
{"level":"WARN","message":"[2:34:27.523 AM]: Query result precision loss detected when converting 2.1599595959596e+35 to a JavaScript Number.\n\nFetch as string or BigInt instead:\nhttps://docs.snowflake.com/en/developer-guide/node-js/nodejs-driver-consume#fetching-integer-data-types-as-bigint\nhttps://docs.snowflake.com/en/developer-guide/node-js/nodejs-driver-consume#fetching-data-types-as-strings\n\nThis will throw an error in future driver versions."}
{"level":"WARN","message":"[2:34:27.523 AM]: Query result precision loss detected when converting 2.1599595959596e+35 to a JavaScript Number.\n\nFetch as string or BigInt instead:\nhttps://docs.snowflake.com/en/developer-guide/node-js/nodejs-driver-consume#fetching-integer-data-types-as-bigint\nhttps://docs.snowflake.com/en/developer-guide/node-js/nodejs-driver-consume#fetching-data-types-as-strings\n\nThis will throw an error in future driver versions."}
{"level":"WARN","message":"[2:34:27.523 AM]: Query result precision loss detected when converting 2.1599595959596e+35 to a JavaScript Number.\n\nFetch as string or BigInt instead:\nhttps://docs.snowflake.com/en/developer-guide/node-js/nodejs-driver-consume#fetching-integer-data-types-as-bigint\nhttps://docs.snowflake.com/en/developer-guide/node-js/nodejs-driver-consume#fetching-data-types-as-strings\n\nThis will throw an error in future driver versions."}
{"level":"WARN","message":"[2:34:27.523 AM]: Query result precision loss detected when converting 2.02830303030303e+35 to a JavaScript Number.\n\nFetch as string or BigInt instead:\nhttps://docs.snowflake.com/en/developer-guide/node-js/nodejs-driver-consume#fetching-integer-data-types-as-bigint\nhttps://docs.snowflake.com/en/developer-guide/node-js/nodejs-driver-consume#fetching-data-types-as-strings\n\nThis will throw an error in future driver versions."}
{"level":"WARN","message":"[2:34:27.523 AM]: Query result precision loss detected when converting 2.05008080808081e+35 to a JavaScript Number.\n\nFetch as string or BigInt instead:\nhttps://docs.snowflake.com/en/developer-guide/node-js/nodejs-driver-consume#fetching-integer-data-types-as-bigint\nhttps://docs.snowflake.com/en/developer-guide/node-js/nodejs-driver-consume#fetching-data-types-as-strings\n\nThis will throw an error in future driver versions."}
{"level":"WARN","message":"[2:34:27.523 AM]: Query result precision loss detected when converting 9.8989898989899e+34 to a JavaScript Number.\n\nFetch as string or BigInt instead:\nhttps://docs.snowflake.com/en/developer-guide/node-js/nodejs-driver-consume#fetching-integer-data-types-as-bigint\nhttps://docs.snowflake.com/en/developer-guide/node-js/nodejs-driver-consume#fetching-data-types-as-strings\n\nThis will throw an error in future driver versions."}
{"level":"WARN","message":"[2:34:27.523 AM]: Query result precision loss detected when converting 2.1599595959596e+35 to a JavaScript Number.\n\nFetch as string or BigInt instead:\nhttps://docs.snowflake.com/en/developer-guide/node-js/nodejs-driver-consume#fetching-integer-data-types-as-bigint\nhttps://docs.snowflake.com/en/developer-guide/node-js/nodejs-driver-consume#fetching-data-types-as-strings\n\nThis will throw an error in future driver versions."}
{"level":"WARN","message":"[2:34:27.523 AM]: Query result precision loss detected when converting 9.8989898989899e+34 to a JavaScript Number.\n\nFetch as string or BigInt instead:\nhttps://docs.snowflake.com/en/developer-guide/node-js/nodejs-driver-consume#fetching-integer-data-types-as-bigint\nhttps://docs.snowflake.com/en/developer-guide/node-js/nodejs-driver-consume#fetching-data-types-as-strings\n\nThis will throw an error in future driver versions."}
{"level":"WARN","message":"[2:34:27.523 AM]: Query result precision loss detected when converting 7.75090909090909e+34 to a JavaScript Number.\n\nFetch as string or BigInt instead:\nhttps://docs.snowflake.com/en/developer-guide/node-js/nodejs-driver-consume#fetching-integer-data-types-as-bigint\nhttps://docs.snowflake.com/en/developer-guide/node-js/nodejs-driver-consume#fetching-data-types-as-strings\n\nThis will throw an error in future driver versions."}
{"level":"WARN","message":"[2:34:27.524 AM]: Query result precision loss detected when converting 2.05008080808081e+35 to a JavaScript Number.\n\nFetch as string or BigInt instead:\nhttps://docs.snowflake.com/en/developer-guide/node-js/nodejs-driver-consume#fetching-integer-data-types-as-bigint\nhttps://docs.snowflake.com/en/developer-guide/node-js/nodejs-driver-consume#fetching-data-types-as-strings\n\nThis will throw an error in future driver versions."}
{"level":"WARN","message":"[2:34:27.524 AM]: Query result precision loss detected when converting 7.75090909090909e+34 to a JavaScript Number.\n\nFetch as string or BigInt instead:\nhttps://docs.snowflake.com/en/developer-guide/node-js/nodejs-driver-consume#fetching-integer-data-types-as-bigint\nhttps://docs.snowflake.com/en/developer-guide/node-js/nodejs-driver-consume#fetching-data-types-as-strings\n\nThis will throw an error in future driver versions."}
{"level":"WARN","message":"[2:34:27.524 AM]: Query result precision loss detected when converting 2.41832323232323e+35 to a JavaScript Number.\n\nFetch as string or BigInt instead:\nhttps://docs.snowflake.com/en/developer-guide/node-js/nodejs-driver-consume#fetching-integer-data-types-as-bigint\nhttps://docs.snowflake.com/en/developer-guide/node-js/nodejs-driver-consume#fetching-data-types-as-strings\n\nThis will throw an error in future driver versions."}
{"level":"WARN","message":"[2:34:27.524 AM]: Query result precision loss detected when converting 3.54185858585859e+35 to a JavaScript Number.\n\nFetch as string or BigInt instead:\nhttps://docs.snowflake.com/en/developer-guide/node-js/nodejs-driver-consume#fetching-integer-data-types-as-bigint\nhttps://docs.snowflake.com/en/developer-guide/node-js/nodejs-driver-consume#fetching-data-types-as-strings\n\nThis will throw an error in future driver versions."}
{"level":"WARN","message":"[2:34:27.524 AM]: Query result precision loss detected when converting 3.54185858585859e+35 to a JavaScript Number.\n\nFetch as string or BigInt instead:\nhttps://docs.snowflake.com/en/developer-guide/node-js/nodejs-driver-consume#fetching-integer-data-types-as-bigint\nhttps://docs.snowflake.com/en/developer-guide/node-js/nodejs-driver-consume#fetching-data-types-as-strings\n\nThis will throw an error in future driver versions."}
{"level":"WARN","message":"[2:34:27.524 AM]: Query result precision loss detected when converting 3.54185858585859e+35 to a JavaScript Number.\n\nFetch as string or BigInt instead:\nhttps://docs.snowflake.com/en/developer-guide/node-js/nodejs-driver-consume#fetching-integer-data-types-as-bigint\nhttps://docs.snowflake.com/en/developer-guide/node-js/nodejs-driver-consume#fetching-data-types-as-strings\n\nThis will throw an error in future driver versions."}
{"level":"WARN","message":"[2:34:27.524 AM]: Query result precision loss detected when converting 6.91939393939394e+34 to a JavaScript Number.\n\nFetch as string or BigInt instead:\nhttps://docs.snowflake.com/en/developer-guide/node-js/nodejs-driver-consume#fetching-integer-data-types-as-bigint\nhttps://docs.snowflake.com/en/developer-guide/node-js/nodejs-driver-consume#fetching-data-types-as-strings\n\nThis will throw an error in future driver versions."}
{"level":"WARN","message":"[2:34:27.524 AM]: Query result precision loss detected when converting 3.36565656565657e+35 to a JavaScript Number.\n\nFetch as string or BigInt instead:\nhttps://docs.snowflake.com/en/developer-guide/node-js/nodejs-driver-consume#fetching-integer-data-types-as-bigint\nhttps://docs.snowflake.com/en/developer-guide/node-js/nodejs-driver-consume#fetching-data-types-as-strings\n\nThis will throw an error in future driver versions."}
{"level":"WARN","message":"[2:34:27.524 AM]: Query result precision loss detected when converting 3.54185858585859e+35 to a JavaScript Number.\n\nFetch as string or BigInt instead:\nhttps://docs.snowflake.com/en/developer-guide/node-js/nodejs-driver-consume#fetching-integer-data-types-as-bigint\nhttps://docs.snowflake.com/en/developer-guide/node-js/nodejs-driver-consume#fetching-data-types-as-strings\n\nThis will throw an error in future driver versions."}
{"level":"WARN","message":"[2:34:27.524 AM]: Query result precision loss detected when converting 3.34090909090909e+35 to a JavaScript Number.\n\nFetch as string or BigInt instead:\nhttps://docs.snowflake.com/en/developer-guide/node-js/nodejs-driver-consume#fetching-integer-data-types-as-bigint\nhttps://docs.snowflake.com/en/developer-guide/node-js/nodejs-driver-consume#fetching-data-types-as-strings\n\nThis will throw an error in future driver versions."}
{"level":"WARN","message":"[2:34:27.524 AM]: Query result precision loss detected when converting 3.54185858585859e+35 to a JavaScript Number.\n\nFetch as string or BigInt instead:\nhttps://docs.snowflake.com/en/developer-guide/node-js/nodejs-driver-consume#fetching-integer-data-types-as-bigint\nhttps://docs.snowflake.com/en/developer-guide/node-js/nodejs-driver-consume#fetching-data-types-as-strings\n\nThis will throw an error in future driver versions."}
{"level":"WARN","message":"[2:34:27.524 AM]: Query result precision loss detected when converting 3.54185858585859e+35 to a JavaScript Number.\n\nFetch as string or BigInt instead:\nhttps://docs.snowflake.com/en/developer-guide/node-js/nodejs-driver-consume#fetching-integer-data-types-as-bigint\nhttps://docs.snowflake.com/en/developer-guide/node-js/nodejs-driver-consume#fetching-data-types-as-strings\n\nThis will throw an error in future driver versions."}
{"level":"WARN","message":"[2:34:27.524 AM]: Query result precision loss detected when converting 2.1599595959596e+35 to a JavaScript Number.\n\nFetch as string or BigInt instead:\nhttps://docs.snowflake.com/en/developer-guide/node-js/nodejs-driver-consume#fetching-integer-data-types-as-bigint\nhttps://docs.snowflake.com/en/developer-guide/node-js/nodejs-driver-consume#fetching-data-types-as-strings\n\nThis will throw an error in future driver versions."}
{"level":"WARN","message":"[2:34:27.524 AM]: Query result precision loss detected when converting 9.8989898989899e+34 to a JavaScript Number.\n\nFetch as string or BigInt instead:\nhttps://docs.snowflake.com/en/developer-guide/node-js/nodejs-driver-consume#fetching-integer-data-types-as-bigint\nhttps://docs.snowflake.com/en/developer-guide/node-js/nodejs-driver-consume#fetching-data-types-as-strings\n\nThis will throw an error in future driver versions."}
{"level":"WARN","message":"[2:34:27.524 AM]: Query result precision loss detected when converting 7.75090909090909e+34 to a JavaScript Number.\n\nFetch as string or BigInt instead:\nhttps://docs.snowflake.com/en/developer-guide/node-js/nodejs-driver-consume#fetching-integer-data-types-as-bigint\nhttps://docs.snowflake.com/en/developer-guide/node-js/nodejs-driver-consume#fetching-data-types-as-strings\n\nThis will throw an error in future driver versions."}
{"level":"WARN","message":"[2:34:27.524 AM]: Query result precision loss detected when converting 2.02830303030303e+35 to a JavaScript Number.\n\nFetch as string or BigInt instead:\nhttps://docs.snowflake.com/en/developer-guide/node-js/nodejs-driver-consume#fetching-integer-data-types-as-bigint\nhttps://docs.snowflake.com/en/developer-guide/node-js/nodejs-driver-consume#fetching-data-types-as-strings\n\nThis will throw an error in future driver versions."}
{"level":"WARN","message":"[2:34:27.524 AM]: Query result precision loss detected when converting 7.75090909090909e+34 to a JavaScript Number.\n\nFetch as string or BigInt instead:\nhttps://docs.snowflake.com/en/developer-guide/node-js/nodejs-driver-consume#fetching-integer-data-types-as-bigint\nhttps://docs.snowflake.com/en/developer-guide/node-js/nodejs-driver-consume#fetching-data-types-as-strings\n\nThis will throw an error in future driver versions."}
{"level":"WARN","message":"[2:34:27.524 AM]: Query result precision loss detected when converting 9.8989898989899e+34 to a JavaScript Number.\n\nFetch as string or BigInt instead:\nhttps://docs.snowflake.com/en/developer-guide/node-js/nodejs-driver-consume#fetching-integer-data-types-as-bigint\nhttps://docs.snowflake.com/en/developer-guide/node-js/nodejs-driver-consume#fetching-data-types-as-strings\n\nThis will throw an error in future driver versions."}
{"level":"WARN","message":"[2:34:27.524 AM]: Query result precision loss detected when converting 2.02830303030303e+35 to a JavaScript Number.\n\nFetch as string or BigInt instead:\nhttps://docs.snowflake.com/en/developer-guide/node-js/nodejs-driver-consume#fetching-integer-data-types-as-bigint\nhttps://docs.snowflake.com/en/developer-guide/node-js/nodejs-driver-consume#fetching-data-types-as-strings\n\nThis will throw an error in future driver versions."}
{"level":"WARN","message":"[2:34:27.524 AM]: Query result precision loss detected when converting 2.1599595959596e+35 to a JavaScript Number.\n\nFetch as string or BigInt instead:\nhttps://docs.snowflake.com/en/developer-guide/node-js/nodejs-driver-consume#fetching-integer-data-types-as-bigint\nhttps://docs.snowflake.com/en/developer-guide/node-js/nodejs-driver-consume#fetching-data-types-as-strings\n\nThis will throw an error in future driver versions."}
{"level":"WARN","message":"[2:34:27.524 AM]: Query result precision loss detected when converting 9.8989898989899e+34 to a JavaScript Number.\n\nFetch as string or BigInt instead:\nhttps://docs.snowflake.com/en/developer-guide/node-js/nodejs-driver-consume#fetching-integer-data-types-as-bigint\nhttps://docs.snowflake.com/en/developer-guide/node-js/nodejs-driver-consume#fetching-data-types-as-strings\n\nThis will throw an error in future driver versions."}
{"level":"WARN","message":"[2:34:27.524 AM]: Query result precision loss detected when converting 3.54185858585859e+35 to a JavaScript Number.\n\nFetch as string or BigInt instead:\nhttps://docs.snowflake.com/en/developer-guide/node-js/nodejs-driver-consume#fetching-integer-data-types-as-bigint\nhttps://docs.snowflake.com/en/developer-guide/node-js/nodejs-driver-consume#fetching-data-types-as-strings\n\nThis will throw an error in future driver versions."}
{"level":"WARN","message":"[2:34:27.524 AM]: Query result precision loss detected when converting 3.54185858585859e+35 to a JavaScript Number.\n\nFetch as string or BigInt instead:\nhttps://docs.snowflake.com/en/developer-guide/node-js/nodejs-driver-consume#fetching-integer-data-types-as-bigint\nhttps://docs.snowflake.com/en/developer-guide/node-js/nodejs-driver-consume#fetching-data-types-as-strings\n\nThis will throw an error in future driver versions."}
{"level":"WARN","message":"[2:34:27.524 AM]: Query result precision loss detected when converting 3.54185858585859e+35 to a JavaScript Number.\n\nFetch as string or BigInt instead:\nhttps://docs.snowflake.com/en/developer-guide/node-js/nodejs-driver-consume#fetching-integer-data-types-as-bigint\nhttps://docs.snowflake.com/en/developer-guide/node-js/nodejs-driver-consume#fetching-data-types-as-strings\n\nThis will throw an error in future driver versions."}
{"level":"WARN","message":"[2:34:27.524 AM]: Query result precision loss detected when converting 3.54185858585859e+35 to a JavaScript Number.\n\nFetch as string or BigInt instead:\nhttps://docs.snowflake.com/en/developer-guide/node-js/nodejs-driver-consume#fetching-integer-data-types-as-bigint\nhttps://docs.snowflake.com/en/developer-guide/node-js/nodejs-driver-consume#fetching-data-types-as-strings\n\nThis will throw an error in future driver versions."}
{"level":"WARN","message":"[2:34:27.524 AM]: Query result precision loss detected when converting 6.91939393939394e+34 to a JavaScript Number.\n\nFetch as string or BigInt instead:\nhttps://docs.snowflake.com/en/developer-guide/node-js/nodejs-driver-consume#fetching-integer-data-types-as-bigint\nhttps://docs.snowflake.com/en/developer-guide/node-js/nodejs-driver-consume#fetching-data-types-as-strings\n\nThis will throw an error in future driver versions."}
{"level":"WARN","message":"[2:34:27.524 AM]: Query result precision loss detected when converting 3.54185858585859e+35 to a JavaScript Number.\n\nFetch as string or BigInt instead:\nhttps://docs.snowflake.com/en/developer-guide/node-js/nodejs-driver-consume#fetching-integer-data-types-as-bigint\nhttps://docs.snowflake.com/en/developer-guide/node-js/nodejs-driver-consume#fetching-data-types-as-strings\n\nThis will throw an error in future driver versions."}
{"level":"WARN","message":"[2:34:27.524 AM]: Query result precision loss detected when converting 3.54185858585859e+35 to a JavaScript Number.\n\nFetch as string or BigInt instead:\nhttps://docs.snowflake.com/en/developer-guide/node-js/nodejs-driver-consume#fetching-integer-data-types-as-bigint\nhttps://docs.snowflake.com/en/developer-guide/node-js/nodejs-driver-consume#fetching-data-types-as-strings\n\nThis will throw an error in future driver versions."}
{"level":"WARN","message":"[2:34:27.524 AM]: Query result precision loss detected when converting 3.54185858585859e+35 to a JavaScript Number.\n\nFetch as string or BigInt instead:\nhttps://docs.snowflake.com/en/developer-guide/node-js/nodejs-driver-consume#fetching-integer-data-types-as-bigint\nhttps://docs.snowflake.com/en/developer-guide/node-js/nodejs-driver-consume#fetching-data-types-as-strings\n\nThis will throw an error in future driver versions."}
{"level":"WARN","message":"[2:34:27.524 AM]: Query result precision loss detected when converting 3.54185858585859e+35 to a JavaScript Number.\n\nFetch as string or BigInt instead:\nhttps://docs.snowflake.com/en/developer-guide/node-js/nodejs-driver-consume#fetching-integer-data-types-as-bigint\nhttps://docs.snowflake.com/en/developer-guide/node-js/nodejs-driver-consume#fetching-data-types-as-strings\n\nThis will throw an error in future driver versions."}
{"level":"WARN","message":"[2:34:27.524 AM]: Query result precision loss detected when converting 2.07878787878788e+33 to a JavaScript Number.\n\nFetch as string or BigInt instead:\nhttps://docs.snowflake.com/en/developer-guide/node-js/nodejs-driver-consume#fetching-integer-data-types-as-bigint\nhttps://docs.snowflake.com/en/developer-guide/node-js/nodejs-driver-consume#fetching-data-types-as-strings\n\nThis will throw an error in future driver versions."}
{"level":"WARN","message":"[2:34:27.524 AM]: Query result precision loss detected when converting 3.95959595959596e+32 to a JavaScript Number.\n\nFetch as string or BigInt instead:\nhttps://docs.snowflake.com/en/developer-guide/node-js/nodejs-driver-consume#fetching-integer-data-types-as-bigint\nhttps://docs.snowflake.com/en/developer-guide/node-js/nodejs-driver-consume#fetching-data-types-as-strings\n\nThis will throw an error in future driver versions."}
{"level":"WARN","message":"[2:34:27.524 AM]: Query result precision loss detected when converting 3.46464646464647e+33 to a JavaScript Number.\n\nFetch as string or BigInt instead:\nhttps://docs.snowflake.com/en/developer-guide/node-js/nodejs-driver-consume#fetching-integer-data-types-as-bigint\nhttps://docs.snowflake.com/en/developer-guide/node-js/nodejs-driver-consume#fetching-data-types-as-strings\n\nThis will throw an error in future driver versions."}
{"level":"WARN","message":"[2:34:27.524 AM]: Query result precision loss detected when converting 4.94949494949495e+32 to a JavaScript Number.\n\nFetch as string or BigInt instead:\nhttps://docs.snowflake.com/en/developer-guide/node-js/nodejs-driver-consume#fetching-integer-data-types-as-bigint\nhttps://docs.snowflake.com/en/developer-guide/node-js/nodejs-driver-consume#fetching-data-types-as-strings\n\nThis will throw an error in future driver versions."}
{"level":"WARN","message":"[2:34:27.524 AM]: Query result precision loss detected when converting 8.90909090909091e+32 to a JavaScript Number.\n\nFetch as string or BigInt instead:\nhttps://docs.snowflake.com/en/developer-guide/node-js/nodejs-driver-consume#fetching-integer-data-types-as-bigint\nhttps://docs.snowflake.com/en/developer-guide/node-js/nodejs-driver-consume#fetching-data-types-as-strings\n\nThis will throw an error in future driver versions."}
{"level":"WARN","message":"[2:34:27.525 AM]: Query result precision loss detected when converting 3.46464646464647e+33 to a JavaScript Number.\n\nFetch as string or BigInt instead:\nhttps://docs.snowflake.com/en/developer-guide/node-js/nodejs-driver-consume#fetching-integer-data-types-as-bigint\nhttps://docs.snowflake.com/en/developer-guide/node-js/nodejs-driver-consume#fetching-data-types-as-strings\n\nThis will throw an error in future driver versions."}
{"level":"WARN","message":"[2:34:27.525 AM]: Query result precision loss detected when converting 6.33535353535354e+33 to a JavaScript Number.\n\nFetch as string or BigInt instead:\nhttps://docs.snowflake.com/en/developer-guide/node-js/nodejs-driver-consume#fetching-integer-data-types-as-bigint\nhttps://docs.snowflake.com/en/developer-guide/node-js/nodejs-driver-consume#fetching-data-types-as-strings\n\nThis will throw an error in future driver versions."}
{"level":"WARN","message":"[2:34:27.525 AM]: Query result precision loss detected when converting 3.95959595959596e+32 to a JavaScript Number.\n\nFetch as string or BigInt instead:\nhttps://docs.snowflake.com/en/developer-guide/node-js/nodejs-driver-consume#fetching-integer-data-types-as-bigint\nhttps://docs.snowflake.com/en/developer-guide/node-js/nodejs-driver-consume#fetching-data-types-as-strings\n\nThis will throw an error in future driver versions."}
{"level":"WARN","message":"[2:34:27.525 AM]: Query result precision loss detected when converting 3.95959595959596e+32 to a JavaScript Number.\n\nFetch as string or BigInt instead:\nhttps://docs.snowflake.com/en/developer-guide/node-js/nodejs-driver-consume#fetching-integer-data-types-as-bigint\nhttps://docs.snowflake.com/en/developer-guide/node-js/nodejs-driver-consume#fetching-data-types-as-strings\n\nThis will throw an error in future driver versions."}
{"level":"WARN","message":"[2:34:27.525 AM]: Query result precision loss detected when converting 2.07878787878788e+33 to a JavaScript Number.\n\nFetch as string or BigInt instead:\nhttps://docs.snowflake.com/en/developer-guide/node-js/nodejs-driver-consume#fetching-integer-data-types-as-bigint\nhttps://docs.snowflake.com/en/developer-guide/node-js/nodejs-driver-consume#fetching-data-types-as-strings\n\nThis will throw an error in future driver versions."}
{"level":"WARN","message":"[2:34:27.525 AM]: Query result precision loss detected when converting 1.97979797979798e+32 to a JavaScript Number.\n\nFetch as string or BigInt instead:\nhttps://docs.snowflake.com/en/developer-guide/node-js/nodejs-driver-consume#fetching-integer-data-types-as-bigint\nhttps://docs.snowflake.com/en/developer-guide/node-js/nodejs-driver-consume#fetching-data-types-as-strings\n\nThis will throw an error in future driver versions."}
{"level":"WARN","message":"[2:34:27.525 AM]: Query result precision loss detected when converting 2.47474747474748e+33 to a JavaScript Number.\n\nFetch as string or BigInt instead:\nhttps://docs.snowflake.com/en/developer-guide/node-js/nodejs-driver-consume#fetching-integer-data-types-as-bigint\nhttps://docs.snowflake.com/en/developer-guide/node-js/nodejs-driver-consume#fetching-data-types-as-strings\n\nThis will throw an error in future driver versions."}
{"level":"WARN","message":"[2:34:27.525 AM]: Query result precision loss detected when converting 1.97979797979798e+32 to a JavaScript Number.\n\nFetch as string or BigInt instead:\nhttps://docs.snowflake.com/en/developer-guide/node-js/nodejs-driver-consume#fetching-integer-data-types-as-bigint\nhttps://docs.snowflake.com/en/developer-guide/node-js/nodejs-driver-consume#fetching-data-types-as-strings\n\nThis will throw an error in future driver versions."}
{"level":"WARN","message":"[2:34:27.525 AM]: Query result precision loss detected when converting 2.07878787878788e+33 to a JavaScript Number.\n\nFetch as string or BigInt instead:\nhttps://docs.snowflake.com/en/developer-guide/node-js/nodejs-driver-consume#fetching-integer-data-types-as-bigint\nhttps://docs.snowflake.com/en/developer-guide/node-js/nodejs-driver-consume#fetching-data-types-as-strings\n\nThis will throw an error in future driver versions."}
{"level":"WARN","message":"[2:34:27.525 AM]: Query result precision loss detected when converting 3.95959595959596e+32 to a JavaScript Number.\n\nFetch as string or BigInt instead:\nhttps://docs.snowflake.com/en/developer-guide/node-js/nodejs-driver-consume#fetching-integer-data-types-as-bigint\nhttps://docs.snowflake.com/en/developer-guide/node-js/nodejs-driver-consume#fetching-data-types-as-strings\n\nThis will throw an error in future driver versions."}
{"level":"WARN","message":"[2:34:27.525 AM]: Query result precision loss detected when converting 2.47474747474748e+33 to a JavaScript Number.\n\nFetch as string or BigInt instead:\nhttps://docs.snowflake.com/en/developer-guide/node-js/nodejs-driver-consume#fetching-integer-data-types-as-bigint\nhttps://docs.snowflake.com/en/developer-guide/node-js/nodejs-driver-consume#fetching-data-types-as-strings\n\nThis will throw an error in future driver versions."}
{"level":"WARN","message":"[2:34:27.525 AM]: Query result precision loss detected when converting 4.94949494949495e+32 to a JavaScript Number.\n\nFetch as string or BigInt instead:\nhttps://docs.snowflake.com/en/developer-guide/node-js/nodejs-driver-consume#fetching-integer-data-types-as-bigint\nhttps://docs.snowflake.com/en/developer-guide/node-js/nodejs-driver-consume#fetching-data-types-as-strings\n\nThis will throw an error in future driver versions."}
{"level":"WARN","message":"[2:34:27.525 AM]: Query result precision loss detected when converting 1.97979797979798e+32 to a JavaScript Number.\n\nFetch as string or BigInt instead:\nhttps://docs.snowflake.com/en/developer-guide/node-js/nodejs-driver-consume#fetching-integer-data-types-as-bigint\nhttps://docs.snowflake.com/en/developer-guide/node-js/nodejs-driver-consume#fetching-data-types-as-strings\n\nThis will throw an error in future driver versions."}
{"level":"WARN","message":"[2:34:27.525 AM]: Query result precision loss detected when converting 2.96969696969697e+33 to a JavaScript Number.\n\nFetch as string or BigInt instead:\nhttps://docs.snowflake.com/en/developer-guide/node-js/nodejs-driver-consume#fetching-integer-data-types-as-bigint\nhttps://docs.snowflake.com/en/developer-guide/node-js/nodejs-driver-consume#fetching-data-types-as-strings\n\nThis will throw an error in future driver versions."}
{"level":"WARN","message":"[2:34:27.525 AM]: Query result precision loss detected when converting 4.94949494949495e+32 to a JavaScript Number.\n\nFetch as string or BigInt instead:\nhttps://docs.snowflake.com/en/developer-guide/node-js/nodejs-driver-consume#fetching-integer-data-types-as-bigint\nhttps://docs.snowflake.com/en/developer-guide/node-js/nodejs-driver-consume#fetching-data-types-as-strings\n\nThis will throw an error in future driver versions."}
{"level":"WARN","message":"[2:34:27.525 AM]: Query result precision loss detected when converting 3.26666666666667e+33 to a JavaScript Number.\n\nFetch as string or BigInt instead:\nhttps://docs.snowflake.com/en/developer-guide/node-js/nodejs-driver-consume#fetching-integer-data-types-as-bigint\nhttps://docs.snowflake.com/en/developer-guide/node-js/nodejs-driver-consume#fetching-data-types-as-strings\n\nThis will throw an error in future driver versions."}
{"level":"WARN","message":"[2:34:27.525 AM]: Query result precision loss detected when converting 3.95959595959596e+32 to a JavaScript Number.\n\nFetch as string or BigInt instead:\nhttps://docs.snowflake.com/en/developer-guide/node-js/nodejs-driver-consume#fetching-integer-data-types-as-bigint\nhttps://docs.snowflake.com/en/developer-guide/node-js/nodejs-driver-consume#fetching-data-types-as-strings\n\nThis will throw an error in future driver versions."}
{"level":"WARN","message":"[2:34:27.525 AM]: Query result precision loss detected when converting 2.37575757575758e+33 to a JavaScript Number.\n\nFetch as string or BigInt instead:\nhttps://docs.snowflake.com/en/developer-guide/node-js/nodejs-driver-consume#fetching-integer-data-types-as-bigint\nhttps://docs.snowflake.com/en/developer-guide/node-js/nodejs-driver-consume#fetching-data-types-as-strings\n\nThis will throw an error in future driver versions."}
{"level":"WARN","message":"[2:34:27.525 AM]: Query result precision loss detected when converting 3.26666666666667e+33 to a JavaScript Number.\n\nFetch as string or BigInt instead:\nhttps://docs.snowflake.com/en/developer-guide/node-js/nodejs-driver-consume#fetching-integer-data-types-as-bigint\nhttps://docs.snowflake.com/en/developer-guide/node-js/nodejs-driver-consume#fetching-data-types-as-strings\n\nThis will throw an error in future driver versions."}
{"level":"WARN","message":"[2:34:27.525 AM]: Query result precision loss detected when converting 3.95959595959596e+32 to a JavaScript Number.\n\nFetch as string or BigInt instead:\nhttps://docs.snowflake.com/en/developer-guide/node-js/nodejs-driver-consume#fetching-integer-data-types-as-bigint\nhttps://docs.snowflake.com/en/developer-guide/node-js/nodejs-driver-consume#fetching-data-types-as-strings\n\nThis will throw an error in future driver versions."}
{"level":"WARN","message":"[2:34:27.525 AM]: Query result precision loss detected when converting 3.46464646464647e+33 to a JavaScript Number.\n\nFetch as string or BigInt instead:\nhttps://docs.snowflake.com/en/developer-guide/node-js/nodejs-driver-consume#fetching-integer-data-types-as-bigint\nhttps://docs.snowflake.com/en/developer-guide/node-js/nodejs-driver-consume#fetching-data-types-as-strings\n\nThis will throw an error in future driver versions."}
{"level":"WARN","message":"[2:34:27.525 AM]: Query result precision loss detected when converting 4.94949494949495e+32 to a JavaScript Number.\n\nFetch as string or BigInt instead:\nhttps://docs.snowflake.com/en/developer-guide/node-js/nodejs-driver-consume#fetching-integer-data-types-as-bigint\nhttps://docs.snowflake.com/en/developer-guide/node-js/nodejs-driver-consume#fetching-data-types-as-strings\n\nThis will throw an error in future driver versions."}
{"level":"WARN","message":"[2:34:27.525 AM]: Query result precision loss detected when converting 2.96969696969697e+33 to a JavaScript Number.\n\nFetch as string or BigInt instead:\nhttps://docs.snowflake.com/en/developer-guide/node-js/nodejs-driver-consume#fetching-integer-data-types-as-bigint\nhttps://docs.snowflake.com/en/developer-guide/node-js/nodejs-driver-consume#fetching-data-types-as-strings\n\nThis will throw an error in future driver versions."}
{"level":"WARN","message":"[2:34:27.525 AM]: Query result precision loss detected when converting 1.97979797979798e+32 to a JavaScript Number.\n\nFetch as string or BigInt instead:\nhttps://docs.snowflake.com/en/developer-guide/node-js/nodejs-driver-consume#fetching-integer-data-types-as-bigint\nhttps://docs.snowflake.com/en/developer-guide/node-js/nodejs-driver-consume#fetching-data-types-as-strings\n\nThis will throw an error in future driver versions."}
{"level":"WARN","message":"[2:34:27.525 AM]: Query result precision loss detected when converting 4.94949494949495e+32 to a JavaScript Number.\n\nFetch as string or BigInt instead:\nhttps://docs.snowflake.com/en/developer-guide/node-js/nodejs-driver-consume#fetching-integer-data-types-as-bigint\nhttps://docs.snowflake.com/en/developer-guide/node-js/nodejs-driver-consume#fetching-data-types-as-strings\n\nThis will throw an error in future driver versions."}
{"level":"WARN","message":"[2:34:27.525 AM]: Query result precision loss detected when converting 9.8989898989899e+32 to a JavaScript Number.\n\nFetch as string or BigInt instead:\nhttps://docs.snowflake.com/en/developer-guide/node-js/nodejs-driver-consume#fetching-integer-data-types-as-bigint\nhttps://docs.snowflake.com/en/developer-guide/node-js/nodejs-driver-consume#fetching-data-types-as-strings\n\nThis will throw an error in future driver versions."}
{"level":"WARN","message":"[2:34:27.525 AM]: Query result precision loss detected when converting 6.92929292929293e+33 to a JavaScript Number.\n\nFetch as string or BigInt instead:\nhttps://docs.snowflake.com/en/developer-guide/node-js/nodejs-driver-consume#fetching-integer-data-types-as-bigint\nhttps://docs.snowflake.com/en/developer-guide/node-js/nodejs-driver-consume#fetching-data-types-as-strings\n\nThis will throw an error in future driver versions."}
{"level":"WARN","message":"[2:34:27.525 AM]: Query result precision loss detected when converting 6.92929292929293e+33 to a JavaScript Number.\n\nFetch as string or BigInt instead:\nhttps://docs.snowflake.com/en/developer-guide/node-js/nodejs-driver-consume#fetching-integer-data-types-as-bigint\nhttps://docs.snowflake.com/en/developer-guide/node-js/nodejs-driver-consume#fetching-data-types-as-strings\n\nThis will throw an error in future driver versions."}
{"level":"WARN","message":"[2:34:27.525 AM]: Query result precision loss detected when converting 4.94949494949495e+32 to a JavaScript Number.\n\nFetch as string or BigInt instead:\nhttps://docs.snowflake.com/en/developer-guide/node-js/nodejs-driver-consume#fetching-integer-data-types-as-bigint\nhttps://docs.snowflake.com/en/developer-guide/node-js/nodejs-driver-consume#fetching-data-types-as-strings\n\nThis will throw an error in future driver versions."}
{"level":"WARN","message":"[2:34:27.525 AM]: Query result precision loss detected when converting 1.97979797979798e+32 to a JavaScript Number.\n\nFetch as string or BigInt instead:\nhttps://docs.snowflake.com/en/developer-guide/node-js/nodejs-driver-consume#fetching-integer-data-types-as-bigint\nhttps://docs.snowflake.com/en/developer-guide/node-js/nodejs-driver-consume#fetching-data-types-as-strings\n\nThis will throw an error in future driver versions."}
{"level":"WARN","message":"[2:34:27.525 AM]: Query result precision loss detected when converting 1.18787878787879e+34 to a JavaScript Number.\n\nFetch as string or BigInt instead:\nhttps://docs.snowflake.com/en/developer-guide/node-js/nodejs-driver-consume#fetching-integer-data-types-as-bigint\nhttps://docs.snowflake.com/en/developer-guide/node-js/nodejs-driver-consume#fetching-data-types-as-strings\n\nThis will throw an error in future driver versions."}
{"level":"WARN","message":"[2:34:27.525 AM]: Query result precision loss detected when converting 2.17777777777778e+33 to a JavaScript Number.\n\nFetch as string or BigInt instead:\nhttps://docs.snowflake.com/en/developer-guide/node-js/nodejs-driver-consume#fetching-integer-data-types-as-bigint\nhttps://docs.snowflake.com/en/developer-guide/node-js/nodejs-driver-consume#fetching-data-types-as-strings\n\nThis will throw an error in future driver versions."}
{"level":"WARN","message":"[2:34:27.525 AM]: Query result precision loss detected when converting 8.90909090909091e+32 to a JavaScript Number.\n\nFetch as string or BigInt instead:\nhttps://docs.snowflake.com/en/developer-guide/node-js/nodejs-driver-consume#fetching-integer-data-types-as-bigint\nhttps://docs.snowflake.com/en/developer-guide/node-js/nodejs-driver-consume#fetching-data-types-as-strings\n\nThis will throw an error in future driver versions."}
{"level":"WARN","message":"[2:34:27.525 AM]: Query result precision loss detected when converting 2.17777777777778e+33 to a JavaScript Number.\n\nFetch as string or BigInt instead:\nhttps://docs.snowflake.com/en/developer-guide/node-js/nodejs-driver-consume#fetching-integer-data-types-as-bigint\nhttps://docs.snowflake.com/en/developer-guide/node-js/nodejs-driver-consume#fetching-data-types-as-strings\n\nThis will throw an error in future driver versions."}
{"level":"WARN","message":"[2:34:27.525 AM]: Query result precision loss detected when converting 3.46464646464647e+33 to a JavaScript Number.\n\nFetch as string or BigInt instead:\nhttps://docs.snowflake.com/en/developer-guide/node-js/nodejs-driver-consume#fetching-integer-data-types-as-bigint\nhttps://docs.snowflake.com/en/developer-guide/node-js/nodejs-driver-consume#fetching-data-types-as-strings\n\nThis will throw an error in future driver versions."}
{"level":"WARN","message":"[2:34:27.525 AM]: Query result precision loss detected when converting 4.94949494949495e+32 to a JavaScript Number.\n\nFetch as string or BigInt instead:\nhttps://docs.snowflake.com/en/developer-guide/node-js/nodejs-driver-consume#fetching-integer-data-types-as-bigint\nhttps://docs.snowflake.com/en/developer-guide/node-js/nodejs-driver-consume#fetching-data-types-as-strings\n\nThis will throw an error in future driver versions."}
{"level":"WARN","message":"[2:34:27.525 AM]: Query result precision loss detected when converting 3.46464646464647e+33 to a JavaScript Number.\n\nFetch as string or BigInt instead:\nhttps://docs.snowflake.com/en/developer-guide/node-js/nodejs-driver-consume#fetching-integer-data-types-as-bigint\nhttps://docs.snowflake.com/en/developer-guide/node-js/nodejs-driver-consume#fetching-data-types-as-strings\n\nThis will throw an error in future driver versions."}
{"level":"WARN","message":"[2:34:27.525 AM]: Query result precision loss detected when converting 2.17777777777778e+33 to a JavaScript Number.\n\nFetch as string or BigInt instead:\nhttps://docs.snowflake.com/en/developer-guide/node-js/nodejs-driver-consume#fetching-integer-data-types-as-bigint\nhttps://docs.snowflake.com/en/developer-guide/node-js/nodejs-driver-consume#fetching-data-types-as-strings\n\nThis will throw an error in future driver versions."}
{"level":"WARN","message":"[2:34:27.525 AM]: Query result precision loss detected when converting 2.37575757575758e+33 to a JavaScript Number.\n\nFetch as string or BigInt instead:\nhttps://docs.snowflake.com/en/developer-guide/node-js/nodejs-driver-consume#fetching-integer-data-types-as-bigint\nhttps://docs.snowflake.com/en/developer-guide/node-js/nodejs-driver-consume#fetching-data-types-as-strings\n\nThis will throw an error in future driver versions."}
{"level":"WARN","message":"[2:34:27.525 AM]: Query result precision loss detected when converting 3.95959595959596e+32 to a JavaScript Number.\n\nFetch as string or BigInt instead:\nhttps://docs.snowflake.com/en/developer-guide/node-js/nodejs-driver-consume#fetching-integer-data-types-as-bigint\nhttps://docs.snowflake.com/en/developer-guide/node-js/nodejs-driver-consume#fetching-data-types-as-strings\n\nThis will throw an error in future driver versions."}
{"level":"WARN","message":"[2:34:27.525 AM]: Query result precision loss detected when converting 3.26666666666667e+33 to a JavaScript Number.\n\nFetch as string or BigInt instead:\nhttps://docs.snowflake.com/en/developer-guide/node-js/nodejs-driver-consume#fetching-integer-data-types-as-bigint\nhttps://docs.snowflake.com/en/developer-guide/node-js/nodejs-driver-consume#fetching-data-types-as-strings\n\nThis will throw an error in future driver versions."}
{"level":"WARN","message":"[2:34:27.525 AM]: Query result precision loss detected when converting 3.95959595959596e+32 to a JavaScript Number.\n\nFetch as string or BigInt instead:\nhttps://docs.snowflake.com/en/developer-guide/node-js/nodejs-driver-consume#fetching-integer-data-types-as-bigint\nhttps://docs.snowflake.com/en/developer-guide/node-js/nodejs-driver-consume#fetching-data-types-as-strings\n\nThis will throw an error in future driver versions."}
{"level":"WARN","message":"[2:34:27.525 AM]: Query result precision loss detected when converting 1.97979797979798e+32 to a JavaScript Number.\n\nFetch as string or BigInt instead:\nhttps://docs.snowflake.com/en/developer-guide/node-js/nodejs-driver-consume#fetching-integer-data-types-as-bigint\nhttps://docs.snowflake.com/en/developer-guide/node-js/nodejs-driver-consume#fetching-data-types-as-strings\n\nThis will throw an error in future driver versions."}
{"level":"WARN","message":"[2:34:27.525 AM]: Query result precision loss detected when converting 4.94949494949495e+32 to a JavaScript Number.\n\nFetch as string or BigInt instead:\nhttps://docs.snowflake.com/en/developer-guide/node-js/nodejs-driver-consume#fetching-integer-data-types-as-bigint\nhttps://docs.snowflake.com/en/developer-guide/node-js/nodejs-driver-consume#fetching-data-types-as-strings\n\nThis will throw an error in future driver versions."}
{"level":"WARN","message":"[2:34:27.525 AM]: Query result precision loss detected when converting 2.87070707070707e+33 to a JavaScript Number.\n\nFetch as string or BigInt instead:\nhttps://docs.snowflake.com/en/developer-guide/node-js/nodejs-driver-consume#fetching-integer-data-types-as-bigint\nhttps://docs.snowflake.com/en/developer-guide/node-js/nodejs-driver-consume#fetching-data-types-as-strings\n\nThis will throw an error in future driver versions."}
{"level":"WARN","message":"[2:34:27.525 AM]: Query result precision loss detected when converting 3.46464646464647e+33 to a JavaScript Number.\n\nFetch as string or BigInt instead:\nhttps://docs.snowflake.com/en/developer-guide/node-js/nodejs-driver-consume#fetching-integer-data-types-as-bigint\nhttps://docs.snowflake.com/en/developer-guide/node-js/nodejs-driver-consume#fetching-data-types-as-strings\n\nThis will throw an error in future driver versions."}
{"level":"WARN","message":"[2:34:27.525 AM]: Query result precision loss detected when converting 2.87070707070707e+33 to a JavaScript Number.\n\nFetch as string or BigInt instead:\nhttps://docs.snowflake.com/en/developer-guide/node-js/nodejs-driver-consume#fetching-integer-data-types-as-bigint\nhttps://docs.snowflake.com/en/developer-guide/node-js/nodejs-driver-consume#fetching-data-types-as-strings\n\nThis will throw an error in future driver versions."}
{"level":"WARN","message":"[2:34:27.525 AM]: Query result precision loss detected when converting 4.94949494949495e+32 to a JavaScript Number.\n\nFetch as string or BigInt instead:\nhttps://docs.snowflake.com/en/developer-guide/node-js/nodejs-driver-consume#fetching-integer-data-types-as-bigint\nhttps://docs.snowflake.com/en/developer-guide/node-js/nodejs-driver-consume#fetching-data-types-as-strings\n\nThis will throw an error in future driver versions."}
{"level":"WARN","message":"[2:34:27.526 AM]: Query result precision loss detected when converting 1.97979797979798e+32 to a JavaScript Number.\n\nFetch as string or BigInt instead:\nhttps://docs.snowflake.com/en/developer-guide/node-js/nodejs-driver-consume#fetching-integer-data-types-as-bigint\nhttps://docs.snowflake.com/en/developer-guide/node-js/nodejs-driver-consume#fetching-data-types-as-strings\n\nThis will throw an error in future driver versions."}
{"level":"WARN","message":"[2:34:27.526 AM]: Query result precision loss detected when converting 3.46464646464647e+33 to a JavaScript Number.\n\nFetch as string or BigInt instead:\nhttps://docs.snowflake.com/en/developer-guide/node-js/nodejs-driver-consume#fetching-integer-data-types-as-bigint\nhttps://docs.snowflake.com/en/developer-guide/node-js/nodejs-driver-consume#fetching-data-types-as-strings\n\nThis will throw an error in future driver versions."}
{"level":"WARN","message":"[2:34:27.526 AM]: Query result precision loss detected when converting 1.97979797979798e+32 to a JavaScript Number.\n\nFetch as string or BigInt instead:\nhttps://docs.snowflake.com/en/developer-guide/node-js/nodejs-driver-consume#fetching-integer-data-types-as-bigint\nhttps://docs.snowflake.com/en/developer-guide/node-js/nodejs-driver-consume#fetching-data-types-as-strings\n\nThis will throw an error in future driver versions."}
{"level":"WARN","message":"[2:34:27.526 AM]: Query result precision loss detected when converting 4.94949494949495e+32 to a JavaScript Number.\n\nFetch as string or BigInt instead:\nhttps://docs.snowflake.com/en/developer-guide/node-js/nodejs-driver-consume#fetching-integer-data-types-as-bigint\nhttps://docs.snowflake.com/en/developer-guide/node-js/nodejs-driver-consume#fetching-data-types-as-strings\n\nThis will throw an error in future driver versions."}
{"level":"WARN","message":"[2:34:27.526 AM]: Query result precision loss detected when converting 3.46464646464647e+33 to a JavaScript Number.\n\nFetch as string or BigInt instead:\nhttps://docs.snowflake.com/en/developer-guide/node-js/nodejs-driver-consume#fetching-integer-data-types-as-bigint\nhttps://docs.snowflake.com/en/developer-guide/node-js/nodejs-driver-consume#fetching-data-types-as-strings\n\nThis will throw an error in future driver versions."}
{"level":"WARN","message":"[2:34:27.526 AM]: Query result precision loss detected when converting 1.18787878787879e+34 to a JavaScript Number.\n\nFetch as string or BigInt instead:\nhttps://docs.snowflake.com/en/developer-guide/node-js/nodejs-driver-consume#fetching-integer-data-types-as-bigint\nhttps://docs.snowflake.com/en/developer-guide/node-js/nodejs-driver-consume#fetching-data-types-as-strings\n\nThis will throw an error in future driver versions."}
{"level":"WARN","message":"[2:34:27.526 AM]: Query result precision loss detected when converting 2.17777777777778e+33 to a JavaScript Number.\n\nFetch as string or BigInt instead:\nhttps://docs.snowflake.com/en/developer-guide/node-js/nodejs-driver-consume#fetching-integer-data-types-as-bigint\nhttps://docs.snowflake.com/en/developer-guide/node-js/nodejs-driver-consume#fetching-data-types-as-strings\n\nThis will throw an error in future driver versions."}
{"level":"WARN","message":"[2:34:27.526 AM]: Query result precision loss detected when converting 4.94949494949495e+32 to a JavaScript Number.\n\nFetch as string or BigInt instead:\nhttps://docs.snowflake.com/en/developer-guide/node-js/nodejs-driver-consume#fetching-integer-data-types-as-bigint\nhttps://docs.snowflake.com/en/developer-guide/node-js/nodejs-driver-consume#fetching-data-types-as-strings\n\nThis will throw an error in future driver versions."}
{"level":"WARN","message":"[2:34:27.526 AM]: Query result precision loss detected when converting 9.8989898989899e+32 to a JavaScript Number.\n\nFetch as string or BigInt instead:\nhttps://docs.snowflake.com/en/developer-guide/node-js/nodejs-driver-consume#fetching-integer-data-types-as-bigint\nhttps://docs.snowflake.com/en/developer-guide/node-js/nodejs-driver-consume#fetching-data-types-as-strings\n\nThis will throw an error in future driver versions."}
{"level":"WARN","message":"[2:34:27.526 AM]: Query result precision loss detected when converting 2.17777777777778e+33 to a JavaScript Number.\n\nFetch as string or BigInt instead:\nhttps://docs.snowflake.com/en/developer-guide/node-js/nodejs-driver-consume#fetching-integer-data-types-as-bigint\nhttps://docs.snowflake.com/en/developer-guide/node-js/nodejs-driver-consume#fetching-data-types-as-strings\n\nThis will throw an error in future driver versions."}
{"level":"WARN","message":"[2:34:27.526 AM]: Query result precision loss detected when converting 4.94949494949495e+32 to a JavaScript Number.\n\nFetch as string or BigInt instead:\nhttps://docs.snowflake.com/en/developer-guide/node-js/nodejs-driver-consume#fetching-integer-data-types-as-bigint\nhttps://docs.snowflake.com/en/developer-guide/node-js/nodejs-driver-consume#fetching-data-types-as-strings\n\nThis will throw an error in future driver versions."}
{"level":"WARN","message":"[2:34:27.526 AM]: Query result precision loss detected when converting 9.8989898989899e+32 to a JavaScript Number.\n\nFetch as string or BigInt instead:\nhttps://docs.snowflake.com/en/developer-guide/node-js/nodejs-driver-consume#fetching-integer-data-types-as-bigint\nhttps://docs.snowflake.com/en/developer-guide/node-js/nodejs-driver-consume#fetching-data-types-as-strings\n\nThis will throw an error in future driver versions."}
{"level":"WARN","message":"[2:34:27.526 AM]: Query result precision loss detected when converting 7.91919191919192e+32 to a JavaScript Number.\n\nFetch as string or BigInt instead:\nhttps://docs.snowflake.com/en/developer-guide/node-js/nodejs-driver-consume#fetching-integer-data-types-as-bigint\nhttps://docs.snowflake.com/en/developer-guide/node-js/nodejs-driver-consume#fetching-data-types-as-strings\n\nThis will throw an error in future driver versions."}
{"level":"WARN","message":"[2:34:27.526 AM]: Query result precision loss detected when converting 2.17777777777778e+33 to a JavaScript Number.\n\nFetch as string or BigInt instead:\nhttps://docs.snowflake.com/en/developer-guide/node-js/nodejs-driver-consume#fetching-integer-data-types-as-bigint\nhttps://docs.snowflake.com/en/developer-guide/node-js/nodejs-driver-consume#fetching-data-types-as-strings\n\nThis will throw an error in future driver versions."}
{"level":"WARN","message":"[2:34:27.526 AM]: Query result precision loss detected when converting 3.46464646464647e+33 to a JavaScript Number.\n\nFetch as string or BigInt instead:\nhttps://docs.snowflake.com/en/developer-guide/node-js/nodejs-driver-consume#fetching-integer-data-types-as-bigint\nhttps://docs.snowflake.com/en/developer-guide/node-js/nodejs-driver-consume#fetching-data-types-as-strings\n\nThis will throw an error in future driver versions."}
{"level":"WARN","message":"[2:34:27.526 AM]: Query result precision loss detected when converting 3.46464646464647e+33 to a JavaScript Number.\n\nFetch as string or BigInt instead:\nhttps://docs.snowflake.com/en/developer-guide/node-js/nodejs-driver-consume#fetching-integer-data-types-as-bigint\nhttps://docs.snowflake.com/en/developer-guide/node-js/nodejs-driver-consume#fetching-data-types-as-strings\n\nThis will throw an error in future driver versions."}
{"level":"WARN","message":"[2:34:27.526 AM]: Query result precision loss detected when converting 2.02830303030303e+35 to a JavaScript Number.\n\nFetch as string or BigInt instead:\nhttps://docs.snowflake.com/en/developer-guide/node-js/nodejs-driver-consume#fetching-integer-data-types-as-bigint\nhttps://docs.snowflake.com/en/developer-guide/node-js/nodejs-driver-consume#fetching-data-types-as-strings\n\nThis will throw an error in future driver versions."}
{"level":"WARN","message":"[2:34:27.526 AM]: Query result precision loss detected when converting 2.1599595959596e+35 to a JavaScript Number.\n\nFetch as string or BigInt instead:\nhttps://docs.snowflake.com/en/developer-guide/node-js/nodejs-driver-consume#fetching-integer-data-types-as-bigint\nhttps://docs.snowflake.com/en/developer-guide/node-js/nodejs-driver-consume#fetching-data-types-as-strings\n\nThis will throw an error in future driver versions."}
{"level":"WARN","message":"[2:34:27.526 AM]: Query result precision loss detected when converting 2.1599595959596e+35 to a JavaScript Number.\n\nFetch as string or BigInt instead:\nhttps://docs.snowflake.com/en/developer-guide/node-js/nodejs-driver-consume#fetching-integer-data-types-as-bigint\nhttps://docs.snowflake.com/en/developer-guide/node-js/nodejs-driver-consume#fetching-data-types-as-strings\n\nThis will throw an error in future driver versions."}
{"level":"WARN","message":"[2:34:27.526 AM]: Query result precision loss detected when converting 7.75090909090909e+34 to a JavaScript Number.\n\nFetch as string or BigInt instead:\nhttps://docs.snowflake.com/en/developer-guide/node-js/nodejs-driver-consume#fetching-integer-data-types-as-bigint\nhttps://docs.snowflake.com/en/developer-guide/node-js/nodejs-driver-consume#fetching-data-types-as-strings\n\nThis will throw an error in future driver versions."}
{"level":"WARN","message":"[2:34:27.526 AM]: Query result precision loss detected when converting 2.02830303030303e+35 to a JavaScript Number.\n\nFetch as string or BigInt instead:\nhttps://docs.snowflake.com/en/developer-guide/node-js/nodejs-driver-consume#fetching-integer-data-types-as-bigint\nhttps://docs.snowflake.com/en/developer-guide/node-js/nodejs-driver-consume#fetching-data-types-as-strings\n\nThis will throw an error in future driver versions."}
{"level":"WARN","message":"[2:34:27.526 AM]: Query result precision loss detected when converting 2.02830303030303e+35 to a JavaScript Number.\n\nFetch as string or BigInt instead:\nhttps://docs.snowflake.com/en/developer-guide/node-js/nodejs-driver-consume#fetching-integer-data-types-as-bigint\nhttps://docs.snowflake.com/en/developer-guide/node-js/nodejs-driver-consume#fetching-data-types-as-strings\n\nThis will throw an error in future driver versions."}
{"level":"WARN","message":"[2:34:27.526 AM]: Query result precision loss detected when converting 7.75090909090909e+34 to a JavaScript Number.\n\nFetch as string or BigInt instead:\nhttps://docs.snowflake.com/en/developer-guide/node-js/nodejs-driver-consume#fetching-integer-data-types-as-bigint\nhttps://docs.snowflake.com/en/developer-guide/node-js/nodejs-driver-consume#fetching-data-types-as-strings\n\nThis will throw an error in future driver versions."}
{"level":"WARN","message":"[2:34:27.526 AM]: Query result precision loss detected when converting 7.75090909090909e+34 to a JavaScript Number.\n\nFetch as string or BigInt instead:\nhttps://docs.snowflake.com/en/developer-guide/node-js/nodejs-driver-consume#fetching-integer-data-types-as-bigint\nhttps://docs.snowflake.com/en/developer-guide/node-js/nodejs-driver-consume#fetching-data-types-as-strings\n\nThis will throw an error in future driver versions."}
{"level":"WARN","message":"[2:34:27.526 AM]: Query result precision loss detected when converting 7.75090909090909e+34 to a JavaScript Number.\n\nFetch as string or BigInt instead:\nhttps://docs.snowflake.com/en/developer-guide/node-js/nodejs-driver-consume#fetching-integer-data-types-as-bigint\nhttps://docs.snowflake.com/en/developer-guide/node-js/nodejs-driver-consume#fetching-data-types-as-strings\n\nThis will throw an error in future driver versions."}
{"level":"WARN","message":"[2:34:27.526 AM]: Query result precision loss detected when converting 2.02830303030303e+35 to a JavaScript Number.\n\nFetch as string or BigInt instead:\nhttps://docs.snowflake.com/en/developer-guide/node-js/nodejs-driver-consume#fetching-integer-data-types-as-bigint\nhttps://docs.snowflake.com/en/developer-guide/node-js/nodejs-driver-consume#fetching-data-types-as-strings\n\nThis will throw an error in future driver versions."}
{"level":"WARN","message":"[2:34:27.526 AM]: Query result precision loss detected when converting 2.05008080808081e+35 to a JavaScript Number.\n\nFetch as string or BigInt instead:\nhttps://docs.snowflake.com/en/developer-guide/node-js/nodejs-driver-consume#fetching-integer-data-types-as-bigint\nhttps://docs.snowflake.com/en/developer-guide/node-js/nodejs-driver-consume#fetching-data-types-as-strings\n\nThis will throw an error in future driver versions."}
{"level":"WARN","message":"[2:34:27.526 AM]: Query result precision loss detected when converting 2.05008080808081e+35 to a JavaScript Number.\n\nFetch as string or BigInt instead:\nhttps://docs.snowflake.com/en/developer-guide/node-js/nodejs-driver-consume#fetching-integer-data-types-as-bigint\nhttps://docs.snowflake.com/en/developer-guide/node-js/nodejs-driver-consume#fetching-data-types-as-strings\n\nThis will throw an error in future driver versions."}
{"level":"WARN","message":"[2:34:27.526 AM]: Query result precision loss detected when converting 2.1599595959596e+35 to a JavaScript Number.\n\nFetch as string or BigInt instead:\nhttps://docs.snowflake.com/en/developer-guide/node-js/nodejs-driver-consume#fetching-integer-data-types-as-bigint\nhttps://docs.snowflake.com/en/developer-guide/node-js/nodejs-driver-consume#fetching-data-types-as-strings\n\nThis will throw an error in future driver versions."}
{"level":"WARN","message":"[2:34:27.526 AM]: Query result precision loss detected when converting 2.1599595959596e+35 to a JavaScript Number.\n\nFetch as string or BigInt instead:\nhttps://docs.snowflake.com/en/developer-guide/node-js/nodejs-driver-consume#fetching-integer-data-types-as-bigint\nhttps://docs.snowflake.com/en/developer-guide/node-js/nodejs-driver-consume#fetching-data-types-as-strings\n\nThis will throw an error in future driver versions."}
{"level":"WARN","message":"[2:34:27.526 AM]: Query result precision loss detected when converting 9.8989898989899e+34 to a JavaScript Number.\n\nFetch as string or BigInt instead:\nhttps://docs.snowflake.com/en/developer-guide/node-js/nodejs-driver-consume#fetching-integer-data-types-as-bigint\nhttps://docs.snowflake.com/en/developer-guide/node-js/nodejs-driver-consume#fetching-data-types-as-strings\n\nThis will throw an error in future driver versions."}
{"level":"WARN","message":"[2:34:27.526 AM]: Query result precision loss detected when converting 2.05008080808081e+35 to a JavaScript Number.\n\nFetch as string or BigInt instead:\nhttps://docs.snowflake.com/en/developer-guide/node-js/nodejs-driver-consume#fetching-integer-data-types-as-bigint\nhttps://docs.snowflake.com/en/developer-guide/node-js/nodejs-driver-consume#fetching-data-types-as-strings\n\nThis will throw an error in future driver versions."}
{"level":"WARN","message":"[2:34:27.526 AM]: Query result precision loss detected when converting 2.02830303030303e+35 to a JavaScript Number.\n\nFetch as string or BigInt instead:\nhttps://docs.snowflake.com/en/developer-guide/node-js/nodejs-driver-consume#fetching-integer-data-types-as-bigint\nhttps://docs.snowflake.com/en/developer-guide/node-js/nodejs-driver-consume#fetching-data-types-as-strings\n\nThis will throw an error in future driver versions."}
{"level":"WARN","message":"[2:34:27.526 AM]: Query result precision loss detected when converting 7.75090909090909e+34 to a JavaScript Number.\n\nFetch as string or BigInt instead:\nhttps://docs.snowflake.com/en/developer-guide/node-js/nodejs-driver-consume#fetching-integer-data-types-as-bigint\nhttps://docs.snowflake.com/en/developer-guide/node-js/nodejs-driver-consume#fetching-data-types-as-strings\n\nThis will throw an error in future driver versions."}
{"level":"WARN","message":"[2:34:27.526 AM]: Query result precision loss detected when converting 7.75090909090909e+34 to a JavaScript Number.\n\nFetch as string or BigInt instead:\nhttps://docs.snowflake.com/en/developer-guide/node-js/nodejs-driver-consume#fetching-integer-data-types-as-bigint\nhttps://docs.snowflake.com/en/developer-guide/node-js/nodejs-driver-consume#fetching-data-types-as-strings\n\nThis will throw an error in future driver versions."}
{"level":"WARN","message":"[2:34:27.526 AM]: Query result precision loss detected when converting 2.1599595959596e+35 to a JavaScript Number.\n\nFetch as string or BigInt instead:\nhttps://docs.snowflake.com/en/developer-guide/node-js/nodejs-driver-consume#fetching-integer-data-types-as-bigint\nhttps://docs.snowflake.com/en/developer-guide/node-js/nodejs-driver-consume#fetching-data-types-as-strings\n\nThis will throw an error in future driver versions."}
{"level":"WARN","message":"[2:34:27.526 AM]: Query result precision loss detected when converting 7.75090909090909e+34 to a JavaScript Number.\n\nFetch as string or BigInt instead:\nhttps://docs.snowflake.com/en/developer-guide/node-js/nodejs-driver-consume#fetching-integer-data-types-as-bigint\nhttps://docs.snowflake.com/en/developer-guide/node-js/nodejs-driver-consume#fetching-data-types-as-strings\n\nThis will throw an error in future driver versions."}
{"level":"WARN","message":"[2:34:27.526 AM]: Query result precision loss detected when converting 2.05008080808081e+35 to a JavaScript Number.\n\nFetch as string or BigInt instead:\nhttps://docs.snowflake.com/en/developer-guide/node-js/nodejs-driver-consume#fetching-integer-data-types-as-bigint\nhttps://docs.snowflake.com/en/developer-guide/node-js/nodejs-driver-consume#fetching-data-types-as-strings\n\nThis will throw an error in future driver versions."}
{"level":"WARN","message":"[2:34:27.526 AM]: Query result precision loss detected when converting 2.02830303030303e+35 to a JavaScript Number.\n\nFetch as string or BigInt instead:\nhttps://docs.snowflake.com/en/developer-guide/node-js/nodejs-driver-consume#fetching-integer-data-types-as-bigint\nhttps://docs.snowflake.com/en/developer-guide/node-js/nodejs-driver-consume#fetching-data-types-as-strings\n\nThis will throw an error in future driver versions."}
{"level":"WARN","message":"[2:34:27.526 AM]: Query result precision loss detected when converting 2.05008080808081e+35 to a JavaScript Number.\n\nFetch as string or BigInt instead:\nhttps://docs.snowflake.com/en/developer-guide/node-js/nodejs-driver-consume#fetching-integer-data-types-as-bigint\nhttps://docs.snowflake.com/en/developer-guide/node-js/nodejs-driver-consume#fetching-data-types-as-strings\n\nThis will throw an error in future driver versions."}
{"level":"WARN","message":"[2:34:27.526 AM]: Query result precision loss detected when converting 2.05008080808081e+35 to a JavaScript Number.\n\nFetch as string or BigInt instead:\nhttps://docs.snowflake.com/en/developer-guide/node-js/nodejs-driver-consume#fetching-integer-data-types-as-bigint\nhttps://docs.snowflake.com/en/developer-guide/node-js/nodejs-driver-consume#fetching-data-types-as-strings\n\nThis will throw an error in future driver versions."}
{"level":"WARN","message":"[2:34:27.526 AM]: Query result precision loss detected when converting 2.1599595959596e+35 to a JavaScript Number.\n\nFetch as string or BigInt instead:\nhttps://docs.snowflake.com/en/developer-guide/node-js/nodejs-driver-consume#fetching-integer-data-types-as-bigint\nhttps://docs.snowflake.com/en/developer-guide/node-js/nodejs-driver-consume#fetching-data-types-as-strings\n\nThis will throw an error in future driver versions."}
{"level":"WARN","message":"[2:34:27.526 AM]: Query result precision loss detected when converting 7.75090909090909e+34 to a JavaScript Number.\n\nFetch as string or BigInt instead:\nhttps://docs.snowflake.com/en/developer-guide/node-js/nodejs-driver-consume#fetching-integer-data-types-as-bigint\nhttps://docs.snowflake.com/en/developer-guide/node-js/nodejs-driver-consume#fetching-data-types-as-strings\n\nThis will throw an error in future driver versions."}
{"level":"WARN","message":"[2:34:27.526 AM]: Query result precision loss detected when converting 9.8989898989899e+34 to a JavaScript Number.\n\nFetch as string or BigInt instead:\nhttps://docs.snowflake.com/en/developer-guide/node-js/nodejs-driver-consume#fetching-integer-data-types-as-bigint\nhttps://docs.snowflake.com/en/developer-guide/node-js/nodejs-driver-consume#fetching-data-types-as-strings\n\nThis will throw an error in future driver versions."}
{"level":"WARN","message":"[2:34:27.526 AM]: Query result precision loss detected when converting 2.05008080808081e+35 to a JavaScript Number.\n\nFetch as string or BigInt instead:\nhttps://docs.snowflake.com/en/developer-guide/node-js/nodejs-driver-consume#fetching-integer-data-types-as-bigint\nhttps://docs.snowflake.com/en/developer-guide/node-js/nodejs-driver-consume#fetching-data-types-as-strings\n\nThis will throw an error in future driver versions."}
{"level":"WARN","message":"[2:34:27.526 AM]: Query result precision loss detected when converting 2.41832323232323e+35 to a JavaScript Number.\n\nFetch as string or BigInt instead:\nhttps://docs.snowflake.com/en/developer-guide/node-js/nodejs-driver-consume#fetching-integer-data-types-as-bigint\nhttps://docs.snowflake.com/en/developer-guide/node-js/nodejs-driver-consume#fetching-data-types-as-strings\n\nThis will throw an error in future driver versions."}
{"level":"WARN","message":"[2:34:27.526 AM]: Query result precision loss detected when converting 2.41832323232323e+35 to a JavaScript Number.\n\nFetch as string or BigInt instead:\nhttps://docs.snowflake.com/en/developer-guide/node-js/nodejs-driver-consume#fetching-integer-data-types-as-bigint\nhttps://docs.snowflake.com/en/developer-guide/node-js/nodejs-driver-consume#fetching-data-types-as-strings\n\nThis will throw an error in future driver versions."}
{"level":"WARN","message":"[2:34:27.526 AM]: Query result precision loss detected when converting 2.1599595959596e+35 to a JavaScript Number.\n\nFetch as string or BigInt instead:\nhttps://docs.snowflake.com/en/developer-guide/node-js/nodejs-driver-consume#fetching-integer-data-types-as-bigint\nhttps://docs.snowflake.com/en/developer-guide/node-js/nodejs-driver-consume#fetching-data-types-as-strings\n\nThis will throw an error in future driver versions."}
{"level":"WARN","message":"[2:34:27.526 AM]: Query result precision loss detected when converting 9.8989898989899e+34 to a JavaScript Number.\n\nFetch as string or BigInt instead:\nhttps://docs.snowflake.com/en/developer-guide/node-js/nodejs-driver-consume#fetching-integer-data-types-as-bigint\nhttps://docs.snowflake.com/en/developer-guide/node-js/nodejs-driver-consume#fetching-data-types-as-strings\n\nThis will throw an error in future driver versions."}
{"level":"WARN","message":"[2:34:27.526 AM]: Query result precision loss detected when converting 2.1599595959596e+35 to a JavaScript Number.\n\nFetch as string or BigInt instead:\nhttps://docs.snowflake.com/en/developer-guide/node-js/nodejs-driver-consume#fetching-integer-data-types-as-bigint\nhttps://docs.snowflake.com/en/developer-guide/node-js/nodejs-driver-consume#fetching-data-types-as-strings\n\nThis will throw an error in future driver versions."}
{"level":"WARN","message":"[2:34:27.526 AM]: Query result precision loss detected when converting 7.75090909090909e+34 to a JavaScript Number.\n\nFetch as string or BigInt instead:\nhttps://docs.snowflake.com/en/developer-guide/node-js/nodejs-driver-consume#fetching-integer-data-types-as-bigint\nhttps://docs.snowflake.com/en/developer-guide/node-js/nodejs-driver-consume#fetching-data-types-as-strings\n\nThis will throw an error in future driver versions."}
{"level":"WARN","message":"[2:34:27.526 AM]: Query result precision loss detected when converting 2.1599595959596e+35 to a JavaScript Number.\n\nFetch as string or BigInt instead:\nhttps://docs.snowflake.com/en/developer-guide/node-js/nodejs-driver-consume#fetching-integer-data-types-as-bigint\nhttps://docs.snowflake.com/en/developer-guide/node-js/nodejs-driver-consume#fetching-data-types-as-strings\n\nThis will throw an error in future driver versions."}
{"level":"WARN","message":"[2:34:27.526 AM]: Query result precision loss detected when converting 2.1599595959596e+35 to a JavaScript Number.\n\nFetch as string or BigInt instead:\nhttps://docs.snowflake.com/en/developer-guide/node-js/nodejs-driver-consume#fetching-integer-data-types-as-bigint\nhttps://docs.snowflake.com/en/developer-guide/node-js/nodejs-driver-consume#fetching-data-types-as-strings\n\nThis will throw an error in future driver versions."}
{"level":"WARN","message":"[2:34:27.526 AM]: Query result precision loss detected when converting 2.1599595959596e+35 to a JavaScript Number.\n\nFetch as string or BigInt instead:\nhttps://docs.snowflake.com/en/developer-guide/node-js/nodejs-driver-consume#fetching-integer-data-types-as-bigint\nhttps://docs.snowflake.com/en/developer-guide/node-js/nodejs-driver-consume#fetching-data-types-as-strings\n\nThis will throw an error in future driver versions."}
{"level":"WARN","message":"[2:34:27.526 AM]: Query result precision loss detected when converting 2.1599595959596e+35 to a JavaScript Number.\n\nFetch as string or BigInt instead:\nhttps://docs.snowflake.com/en/developer-guide/node-js/nodejs-driver-consume#fetching-integer-data-types-as-bigint\nhttps://docs.snowflake.com/en/developer-guide/node-js/nodejs-driver-consume#fetching-data-types-as-strings\n\nThis will throw an error in future driver versions."}
{"level":"WARN","message":"[2:34:27.526 AM]: Query result precision loss detected when converting 2.1599595959596e+35 to a JavaScript Number.\n\nFetch as string or BigInt instead:\nhttps://docs.snowflake.com/en/developer-guide/node-js/nodejs-driver-consume#fetching-integer-data-types-as-bigint\nhttps://docs.snowflake.com/en/developer-guide/node-js/nodejs-driver-consume#fetching-data-types-as-strings\n\nThis will throw an error in future driver versions."}
{"level":"WARN","message":"[2:34:27.526 AM]: Query result precision loss detected when converting 2.05008080808081e+35 to a JavaScript Number.\n\nFetch as string or BigInt instead:\nhttps://docs.snowflake.com/en/developer-guide/node-js/nodejs-driver-consume#fetching-integer-data-types-as-bigint\nhttps://docs.snowflake.com/en/developer-guide/node-js/nodejs-driver-consume#fetching-data-types-as-strings\n\nThis will throw an error in future driver versions."}
{"level":"WARN","message":"[2:34:27.526 AM]: Query result precision loss detected when converting 2.05008080808081e+35 to a JavaScript Number.\n\nFetch as string or BigInt instead:\nhttps://docs.snowflake.com/en/developer-guide/node-js/nodejs-driver-consume#fetching-integer-data-types-as-bigint\nhttps://docs.snowflake.com/en/developer-guide/node-js/nodejs-driver-consume#fetching-data-types-as-strings\n\nThis will throw an error in future driver versions."}
{"level":"WARN","message":"[2:34:27.526 AM]: Query result precision loss detected when converting 1.68381818181818e+35 to a JavaScript Number.\n\nFetch as string or BigInt instead:\nhttps://docs.snowflake.com/en/developer-guide/node-js/nodejs-driver-consume#fetching-integer-data-types-as-bigint\nhttps://docs.snowflake.com/en/developer-guide/node-js/nodejs-driver-consume#fetching-data-types-as-strings\n\nThis will throw an error in future driver versions."}
{"level":"WARN","message":"[2:34:27.526 AM]: Query result precision loss detected when converting 3.46464646464647e+33 to a JavaScript Number.\n\nFetch as string or BigInt instead:\nhttps://docs.snowflake.com/en/developer-guide/node-js/nodejs-driver-consume#fetching-integer-data-types-as-bigint\nhttps://docs.snowflake.com/en/developer-guide/node-js/nodejs-driver-consume#fetching-data-types-as-strings\n\nThis will throw an error in future driver versions."}
{"level":"WARN","message":"[2:34:27.526 AM]: Query result precision loss detected when converting 8.90909090909091e+32 to a JavaScript Number.\n\nFetch as string or BigInt instead:\nhttps://docs.snowflake.com/en/developer-guide/node-js/nodejs-driver-consume#fetching-integer-data-types-as-bigint\nhttps://docs.snowflake.com/en/developer-guide/node-js/nodejs-driver-consume#fetching-data-types-as-strings\n\nThis will throw an error in future driver versions."}
{"level":"WARN","message":"[2:34:27.526 AM]: Query result precision loss detected when converting 1.68381818181818e+35 to a JavaScript Number.\n\nFetch as string or BigInt instead:\nhttps://docs.snowflake.com/en/developer-guide/node-js/nodejs-driver-consume#fetching-integer-data-types-as-bigint\nhttps://docs.snowflake.com/en/developer-guide/node-js/nodejs-driver-consume#fetching-data-types-as-strings\n\nThis will throw an error in future driver versions."}
{"level":"WARN","message":"[2:34:27.526 AM]: Query result precision loss detected when converting 4.94949494949495e+32 to a JavaScript Number.\n\nFetch as string or BigInt instead:\nhttps://docs.snowflake.com/en/developer-guide/node-js/nodejs-driver-consume#fetching-integer-data-types-as-bigint\nhttps://docs.snowflake.com/en/developer-guide/node-js/nodejs-driver-consume#fetching-data-types-as-strings\n\nThis will throw an error in future driver versions."}
{"level":"WARN","message":"[2:34:27.526 AM]: Query result precision loss detected when converting 2.37575757575758e+33 to a JavaScript Number.\n\nFetch as string or BigInt instead:\nhttps://docs.snowflake.com/en/developer-guide/node-js/nodejs-driver-consume#fetching-integer-data-types-as-bigint\nhttps://docs.snowflake.com/en/developer-guide/node-js/nodejs-driver-consume#fetching-data-types-as-strings\n\nThis will throw an error in future driver versions."}
{"level":"WARN","message":"[2:34:27.526 AM]: Query result precision loss detected when converting 8.90909090909091e+32 to a JavaScript Number.\n\nFetch as string or BigInt instead:\nhttps://docs.snowflake.com/en/developer-guide/node-js/nodejs-driver-consume#fetching-integer-data-types-as-bigint\nhttps://docs.snowflake.com/en/developer-guide/node-js/nodejs-driver-consume#fetching-data-types-as-strings\n\nThis will throw an error in future driver versions."}
{"level":"WARN","message":"[2:34:27.526 AM]: Query result precision loss detected when converting 2.27181818181818e+35 to a JavaScript Number.\n\nFetch as string or BigInt instead:\nhttps://docs.snowflake.com/en/developer-guide/node-js/nodejs-driver-consume#fetching-integer-data-types-as-bigint\nhttps://docs.snowflake.com/en/developer-guide/node-js/nodejs-driver-consume#fetching-data-types-as-strings\n\nThis will throw an error in future driver versions."}
{"level":"WARN","message":"[2:34:27.526 AM]: Query result precision loss detected when converting 2.17777777777778e+33 to a JavaScript Number.\n\nFetch as string or BigInt instead:\nhttps://docs.snowflake.com/en/developer-guide/node-js/nodejs-driver-consume#fetching-integer-data-types-as-bigint\nhttps://docs.snowflake.com/en/developer-guide/node-js/nodejs-driver-consume#fetching-data-types-as-strings\n\nThis will throw an error in future driver versions."}
{"level":"WARN","message":"[2:34:27.526 AM]: Query result precision loss detected when converting 2.47474747474748e+33 to a JavaScript Number.\n\nFetch as string or BigInt instead:\nhttps://docs.snowflake.com/en/developer-guide/node-js/nodejs-driver-consume#fetching-integer-data-types-as-bigint\nhttps://docs.snowflake.com/en/developer-guide/node-js/nodejs-driver-consume#fetching-data-types-as-strings\n\nThis will throw an error in future driver versions."}
{"level":"WARN","message":"[2:34:27.526 AM]: Query result precision loss detected when converting 5.34545454545455e+33 to a JavaScript Number.\n\nFetch as string or BigInt instead:\nhttps://docs.snowflake.com/en/developer-guide/node-js/nodejs-driver-consume#fetching-integer-data-types-as-bigint\nhttps://docs.snowflake.com/en/developer-guide/node-js/nodejs-driver-consume#fetching-data-types-as-strings\n\nThis will throw an error in future driver versions."}
{"level":"WARN","message":"[2:34:27.526 AM]: Query result precision loss detected when converting 8.90909090909091e+32 to a JavaScript Number.\n\nFetch as string or BigInt instead:\nhttps://docs.snowflake.com/en/developer-guide/node-js/nodejs-driver-consume#fetching-integer-data-types-as-bigint\nhttps://docs.snowflake.com/en/developer-guide/node-js/nodejs-driver-consume#fetching-data-types-as-strings\n\nThis will throw an error in future driver versions."}
{"level":"WARN","message":"[2:34:27.526 AM]: Query result precision loss detected when converting 2.47474747474748e+33 to a JavaScript Number.\n\nFetch as string or BigInt instead:\nhttps://docs.snowflake.com/en/developer-guide/node-js/nodejs-driver-consume#fetching-integer-data-types-as-bigint\nhttps://docs.snowflake.com/en/developer-guide/node-js/nodejs-driver-consume#fetching-data-types-as-strings\n\nThis will throw an error in future driver versions."}
{"level":"WARN","message":"[2:34:27.526 AM]: Query result precision loss detected when converting 3.95959595959596e+32 to a JavaScript Number.\n\nFetch as string or BigInt instead:\nhttps://docs.snowflake.com/en/developer-guide/node-js/nodejs-driver-consume#fetching-integer-data-types-as-bigint\nhttps://docs.snowflake.com/en/developer-guide/node-js/nodejs-driver-consume#fetching-data-types-as-strings\n\nThis will throw an error in future driver versions."}
{"level":"WARN","message":"[2:34:27.526 AM]: Query result precision loss detected when converting 1.18787878787879e+34 to a JavaScript Number.\n\nFetch as string or BigInt instead:\nhttps://docs.snowflake.com/en/developer-guide/node-js/nodejs-driver-consume#fetching-integer-data-types-as-bigint\nhttps://docs.snowflake.com/en/developer-guide/node-js/nodejs-driver-consume#fetching-data-types-as-strings\n\nThis will throw an error in future driver versions."}
{"level":"WARN","message":"[2:34:27.526 AM]: Query result precision loss detected when converting 2.47474747474748e+33 to a JavaScript Number.\n\nFetch as string or BigInt instead:\nhttps://docs.snowflake.com/en/developer-guide/node-js/nodejs-driver-consume#fetching-integer-data-types-as-bigint\nhttps://docs.snowflake.com/en/developer-guide/node-js/nodejs-driver-consume#fetching-data-types-as-strings\n\nThis will throw an error in future driver versions."}
{"level":"WARN","message":"[2:34:27.526 AM]: Query result precision loss detected when converting 2.96969696969697e+33 to a JavaScript Number.\n\nFetch as string or BigInt instead:\nhttps://docs.snowflake.com/en/developer-guide/node-js/nodejs-driver-consume#fetching-integer-data-types-as-bigint\nhttps://docs.snowflake.com/en/developer-guide/node-js/nodejs-driver-consume#fetching-data-types-as-strings\n\nThis will throw an error in future driver versions."}
{"level":"WARN","message":"[2:34:27.526 AM]: Query result precision loss detected when converting 4.94949494949495e+32 to a JavaScript Number.\n\nFetch as string or BigInt instead:\nhttps://docs.snowflake.com/en/developer-guide/node-js/nodejs-driver-consume#fetching-integer-data-types-as-bigint\nhttps://docs.snowflake.com/en/developer-guide/node-js/nodejs-driver-consume#fetching-data-types-as-strings\n\nThis will throw an error in future driver versions."}
{"level":"WARN","message":"[2:34:27.526 AM]: Query result precision loss detected when converting 3.46464646464647e+33 to a JavaScript Number.\n\nFetch as string or BigInt instead:\nhttps://docs.snowflake.com/en/developer-guide/node-js/nodejs-driver-consume#fetching-integer-data-types-as-bigint\nhttps://docs.snowflake.com/en/developer-guide/node-js/nodejs-driver-consume#fetching-data-types-as-strings\n\nThis will throw an error in future driver versions."}
{"level":"WARN","message":"[2:34:27.526 AM]: Query result precision loss detected when converting 3.95959595959596e+32 to a JavaScript Number.\n\nFetch as string or BigInt instead:\nhttps://docs.snowflake.com/en/developer-guide/node-js/nodejs-driver-consume#fetching-integer-data-types-as-bigint\nhttps://docs.snowflake.com/en/developer-guide/node-js/nodejs-driver-consume#fetching-data-types-as-strings\n\nThis will throw an error in future driver versions."}
{"level":"WARN","message":"[2:34:27.526 AM]: Query result precision loss detected when converting 8.90909090909091e+32 to a JavaScript Number.\n\nFetch as string or BigInt instead:\nhttps://docs.snowflake.com/en/developer-guide/node-js/nodejs-driver-consume#fetching-integer-data-types-as-bigint\nhttps://docs.snowflake.com/en/developer-guide/node-js/nodejs-driver-consume#fetching-data-types-as-strings\n\nThis will throw an error in future driver versions."}
{"level":"WARN","message":"[2:34:27.526 AM]: Query result precision loss detected when converting 3.46464646464647e+33 to a JavaScript Number.\n\nFetch as string or BigInt instead:\nhttps://docs.snowflake.com/en/developer-guide/node-js/nodejs-driver-consume#fetching-integer-data-types-as-bigint\nhttps://docs.snowflake.com/en/developer-guide/node-js/nodejs-driver-consume#fetching-data-types-as-strings\n\nThis will throw an error in future driver versions."}
{"level":"WARN","message":"[2:34:27.526 AM]: Query result precision loss detected when converting 8.90909090909091e+32 to a JavaScript Number.\n\nFetch as string or BigInt instead:\nhttps://docs.snowflake.com/en/developer-guide/node-js/nodejs-driver-consume#fetching-integer-data-types-as-bigint\nhttps://docs.snowflake.com/en/developer-guide/node-js/nodejs-driver-consume#fetching-data-types-as-strings\n\nThis will throw an error in future driver versions."}
{"level":"WARN","message":"[2:34:27.526 AM]: Query result precision loss detected when converting 4.94949494949495e+32 to a JavaScript Number.\n\nFetch as string or BigInt instead:\nhttps://docs.snowflake.com/en/developer-guide/node-js/nodejs-driver-consume#fetching-integer-data-types-as-bigint\nhttps://docs.snowflake.com/en/developer-guide/node-js/nodejs-driver-consume#fetching-data-types-as-strings\n\nThis will throw an error in future driver versions."}
{"level":"WARN","message":"[2:34:27.526 AM]: Query result precision loss detected when converting 3.46464646464647e+33 to a JavaScript Number.\n\nFetch as string or BigInt instead:\nhttps://docs.snowflake.com/en/developer-guide/node-js/nodejs-driver-consume#fetching-integer-data-types-as-bigint\nhttps://docs.snowflake.com/en/developer-guide/node-js/nodejs-driver-consume#fetching-data-types-as-strings\n\nThis will throw an error in future driver versions."}
{"level":"WARN","message":"[2:34:27.526 AM]: Query result precision loss detected when converting 4.94949494949495e+33 to a JavaScript Number.\n\nFetch as string or BigInt instead:\nhttps://docs.snowflake.com/en/developer-guide/node-js/nodejs-driver-consume#fetching-integer-data-types-as-bigint\nhttps://docs.snowflake.com/en/developer-guide/node-js/nodejs-driver-consume#fetching-data-types-as-strings\n\nThis will throw an error in future driver versions."}
{"level":"WARN","message":"[2:34:27.526 AM]: Query result precision loss detected when converting 4.94949494949495e+33 to a JavaScript Number.\n\nFetch as string or BigInt instead:\nhttps://docs.snowflake.com/en/developer-guide/node-js/nodejs-driver-consume#fetching-integer-data-types-as-bigint\nhttps://docs.snowflake.com/en/developer-guide/node-js/nodejs-driver-consume#fetching-data-types-as-strings\n\nThis will throw an error in future driver versions."}
{"level":"WARN","message":"[2:34:27.526 AM]: Query result precision loss detected when converting 3.95959595959596e+32 to a JavaScript Number.\n\nFetch as string or BigInt instead:\nhttps://docs.snowflake.com/en/developer-guide/node-js/nodejs-driver-consume#fetching-integer-data-types-as-bigint\nhttps://docs.snowflake.com/en/developer-guide/node-js/nodejs-driver-consume#fetching-data-types-as-strings\n\nThis will throw an error in future driver versions."}
{"level":"WARN","message":"[2:34:27.527 AM]: Query result precision loss detected when converting 2.37575757575758e+33 to a JavaScript Number.\n\nFetch as string or BigInt instead:\nhttps://docs.snowflake.com/en/developer-guide/node-js/nodejs-driver-consume#fetching-integer-data-types-as-bigint\nhttps://docs.snowflake.com/en/developer-guide/node-js/nodejs-driver-consume#fetching-data-types-as-strings\n\nThis will throw an error in future driver versions."}
{"level":"WARN","message":"[2:34:27.527 AM]: Query result precision loss detected when converting 7.91919191919192e+32 to a JavaScript Number.\n\nFetch as string or BigInt instead:\nhttps://docs.snowflake.com/en/developer-guide/node-js/nodejs-driver-consume#fetching-integer-data-types-as-bigint\nhttps://docs.snowflake.com/en/developer-guide/node-js/nodejs-driver-consume#fetching-data-types-as-strings\n\nThis will throw an error in future driver versions."}
{"level":"WARN","message":"[2:34:27.527 AM]: Query result precision loss detected when converting 1.97979797979798e+32 to a JavaScript Number.\n\nFetch as string or BigInt instead:\nhttps://docs.snowflake.com/en/developer-guide/node-js/nodejs-driver-consume#fetching-integer-data-types-as-bigint\nhttps://docs.snowflake.com/en/developer-guide/node-js/nodejs-driver-consume#fetching-data-types-as-strings\n\nThis will throw an error in future driver versions."}
{"level":"WARN","message":"[2:34:27.527 AM]: Query result precision loss detected when converting 5.59292929292929e+34 to a JavaScript Number.\n\nFetch as string or BigInt instead:\nhttps://docs.snowflake.com/en/developer-guide/node-js/nodejs-driver-consume#fetching-integer-data-types-as-bigint\nhttps://docs.snowflake.com/en/developer-guide/node-js/nodejs-driver-consume#fetching-data-types-as-strings\n\nThis will throw an error in future driver versions."}
{"level":"WARN","message":"[2:34:27.527 AM]: Query result precision loss detected when converting 2.17777777777778e+33 to a JavaScript Number.\n\nFetch as string or BigInt instead:\nhttps://docs.snowflake.com/en/developer-guide/node-js/nodejs-driver-consume#fetching-integer-data-types-as-bigint\nhttps://docs.snowflake.com/en/developer-guide/node-js/nodejs-driver-consume#fetching-data-types-as-strings\n\nThis will throw an error in future driver versions."}
{"level":"WARN","message":"[2:34:27.527 AM]: Query result precision loss detected when converting 8.90909090909091e+32 to a JavaScript Number.\n\nFetch as string or BigInt instead:\nhttps://docs.snowflake.com/en/developer-guide/node-js/nodejs-driver-consume#fetching-integer-data-types-as-bigint\nhttps://docs.snowflake.com/en/developer-guide/node-js/nodejs-driver-consume#fetching-data-types-as-strings\n\nThis will throw an error in future driver versions."}
{"level":"WARN","message":"[2:34:27.527 AM]: Query result precision loss detected when converting 5.59292929292929e+34 to a JavaScript Number.\n\nFetch as string or BigInt instead:\nhttps://docs.snowflake.com/en/developer-guide/node-js/nodejs-driver-consume#fetching-integer-data-types-as-bigint\nhttps://docs.snowflake.com/en/developer-guide/node-js/nodejs-driver-consume#fetching-data-types-as-strings\n\nThis will throw an error in future driver versions."}
{"level":"WARN","message":"[2:34:27.527 AM]: Query result precision loss detected when converting 2.47474747474748e+33 to a JavaScript Number.\n\nFetch as string or BigInt instead:\nhttps://docs.snowflake.com/en/developer-guide/node-js/nodejs-driver-consume#fetching-integer-data-types-as-bigint\nhttps://docs.snowflake.com/en/developer-guide/node-js/nodejs-driver-consume#fetching-data-types-as-strings\n\nThis will throw an error in future driver versions."}
{"level":"WARN","message":"[2:34:27.527 AM]: Query result precision loss detected when converting 4.94949494949495e+32 to a JavaScript Number.\n\nFetch as string or BigInt instead:\nhttps://docs.snowflake.com/en/developer-guide/node-js/nodejs-driver-consume#fetching-integer-data-types-as-bigint\nhttps://docs.snowflake.com/en/developer-guide/node-js/nodejs-driver-consume#fetching-data-types-as-strings\n\nThis will throw an error in future driver versions."}
{"level":"WARN","message":"[2:34:27.527 AM]: Query result precision loss detected when converting 1.97979797979798e+32 to a JavaScript Number.\n\nFetch as string or BigInt instead:\nhttps://docs.snowflake.com/en/developer-guide/node-js/nodejs-driver-consume#fetching-integer-data-types-as-bigint\nhttps://docs.snowflake.com/en/developer-guide/node-js/nodejs-driver-consume#fetching-data-types-as-strings\n\nThis will throw an error in future driver versions."}
{"level":"WARN","message":"[2:34:27.527 AM]: Query result precision loss detected when converting 7.91919191919192e+32 to a JavaScript Number.\n\nFetch as string or BigInt instead:\nhttps://docs.snowflake.com/en/developer-guide/node-js/nodejs-driver-consume#fetching-integer-data-types-as-bigint\nhttps://docs.snowflake.com/en/developer-guide/node-js/nodejs-driver-consume#fetching-data-types-as-strings\n\nThis will throw an error in future driver versions."}
{"level":"WARN","message":"[2:34:27.527 AM]: Query result precision loss detected when converting 5.59292929292929e+34 to a JavaScript Number.\n\nFetch as string or BigInt instead:\nhttps://docs.snowflake.com/en/developer-guide/node-js/nodejs-driver-consume#fetching-integer-data-types-as-bigint\nhttps://docs.snowflake.com/en/developer-guide/node-js/nodejs-driver-consume#fetching-data-types-as-strings\n\nThis will throw an error in future driver versions."}
{"level":"WARN","message":"[2:34:27.527 AM]: Query result precision loss detected when converting 9.8989898989899e+32 to a JavaScript Number.\n\nFetch as string or BigInt instead:\nhttps://docs.snowflake.com/en/developer-guide/node-js/nodejs-driver-consume#fetching-integer-data-types-as-bigint\nhttps://docs.snowflake.com/en/developer-guide/node-js/nodejs-driver-consume#fetching-data-types-as-strings\n\nThis will throw an error in future driver versions."}
{"level":"WARN","message":"[2:34:27.527 AM]: Query result precision loss detected when converting 4.94949494949495e+32 to a JavaScript Number.\n\nFetch as string or BigInt instead:\nhttps://docs.snowflake.com/en/developer-guide/node-js/nodejs-driver-consume#fetching-integer-data-types-as-bigint\nhttps://docs.snowflake.com/en/developer-guide/node-js/nodejs-driver-consume#fetching-data-types-as-strings\n\nThis will throw an error in future driver versions."}
{"level":"WARN","message":"[2:34:27.527 AM]: Query result precision loss detected when converting 1.68381818181818e+35 to a JavaScript Number.\n\nFetch as string or BigInt instead:\nhttps://docs.snowflake.com/en/developer-guide/node-js/nodejs-driver-consume#fetching-integer-data-types-as-bigint\nhttps://docs.snowflake.com/en/developer-guide/node-js/nodejs-driver-consume#fetching-data-types-as-strings\n\nThis will throw an error in future driver versions."}
{"level":"WARN","message":"[2:34:27.527 AM]: Query result precision loss detected when converting 2.37575757575758e+33 to a JavaScript Number.\n\nFetch as string or BigInt instead:\nhttps://docs.snowflake.com/en/developer-guide/node-js/nodejs-driver-consume#fetching-integer-data-types-as-bigint\nhttps://docs.snowflake.com/en/developer-guide/node-js/nodejs-driver-consume#fetching-data-types-as-strings\n\nThis will throw an error in future driver versions."}
{"level":"WARN","message":"[2:34:27.527 AM]: Query result precision loss detected when converting 7.61232323232323e+34 to a JavaScript Number.\n\nFetch as string or BigInt instead:\nhttps://docs.snowflake.com/en/developer-guide/node-js/nodejs-driver-consume#fetching-integer-data-types-as-bigint\nhttps://docs.snowflake.com/en/developer-guide/node-js/nodejs-driver-consume#fetching-data-types-as-strings\n\nThis will throw an error in future driver versions."}
{"level":"WARN","message":"[2:34:27.527 AM]: Query result precision loss detected when converting 2.96969696969697e+33 to a JavaScript Number.\n\nFetch as string or BigInt instead:\nhttps://docs.snowflake.com/en/developer-guide/node-js/nodejs-driver-consume#fetching-integer-data-types-as-bigint\nhttps://docs.snowflake.com/en/developer-guide/node-js/nodejs-driver-consume#fetching-data-types-as-strings\n\nThis will throw an error in future driver versions."}
{"level":"WARN","message":"[2:34:27.527 AM]: Query result precision loss detected when converting 4.94949494949495e+32 to a JavaScript Number.\n\nFetch as string or BigInt instead:\nhttps://docs.snowflake.com/en/developer-guide/node-js/nodejs-driver-consume#fetching-integer-data-types-as-bigint\nhttps://docs.snowflake.com/en/developer-guide/node-js/nodejs-driver-consume#fetching-data-types-as-strings\n\nThis will throw an error in future driver versions."}
{"level":"WARN","message":"[2:34:27.527 AM]: Query result precision loss detected when converting 1.97979797979798e+32 to a JavaScript Number.\n\nFetch as string or BigInt instead:\nhttps://docs.snowflake.com/en/developer-guide/node-js/nodejs-driver-consume#fetching-integer-data-types-as-bigint\nhttps://docs.snowflake.com/en/developer-guide/node-js/nodejs-driver-consume#fetching-data-types-as-strings\n\nThis will throw an error in future driver versions."}
{"level":"WARN","message":"[2:34:27.527 AM]: Query result precision loss detected when converting 2.27181818181818e+35 to a JavaScript Number.\n\nFetch as string or BigInt instead:\nhttps://docs.snowflake.com/en/developer-guide/node-js/nodejs-driver-consume#fetching-integer-data-types-as-bigint\nhttps://docs.snowflake.com/en/developer-guide/node-js/nodejs-driver-consume#fetching-data-types-as-strings\n\nThis will throw an error in future driver versions."}
{"level":"WARN","message":"[2:34:27.527 AM]: Query result precision loss detected when converting 3.46464646464647e+33 to a JavaScript Number.\n\nFetch as string or BigInt instead:\nhttps://docs.snowflake.com/en/developer-guide/node-js/nodejs-driver-consume#fetching-integer-data-types-as-bigint\nhttps://docs.snowflake.com/en/developer-guide/node-js/nodejs-driver-consume#fetching-data-types-as-strings\n\nThis will throw an error in future driver versions."}
{"level":"WARN","message":"[2:34:27.527 AM]: Query result precision loss detected when converting 4.94949494949495e+32 to a JavaScript Number.\n\nFetch as string or BigInt instead:\nhttps://docs.snowflake.com/en/developer-guide/node-js/nodejs-driver-consume#fetching-integer-data-types-as-bigint\nhttps://docs.snowflake.com/en/developer-guide/node-js/nodejs-driver-consume#fetching-data-types-as-strings\n\nThis will throw an error in future driver versions."}
{"level":"WARN","message":"[2:34:27.527 AM]: Query result precision loss detected when converting 2.17777777777778e+33 to a JavaScript Number.\n\nFetch as string or BigInt instead:\nhttps://docs.snowflake.com/en/developer-guide/node-js/nodejs-driver-consume#fetching-integer-data-types-as-bigint\nhttps://docs.snowflake.com/en/developer-guide/node-js/nodejs-driver-consume#fetching-data-types-as-strings\n\nThis will throw an error in future driver versions."}
{"level":"WARN","message":"[2:34:27.527 AM]: Query result precision loss detected when converting 9.8989898989899e+32 to a JavaScript Number.\n\nFetch as string or BigInt instead:\nhttps://docs.snowflake.com/en/developer-guide/node-js/nodejs-driver-consume#fetching-integer-data-types-as-bigint\nhttps://docs.snowflake.com/en/developer-guide/node-js/nodejs-driver-consume#fetching-data-types-as-strings\n\nThis will throw an error in future driver versions."}
{"level":"WARN","message":"[2:34:27.527 AM]: Query result precision loss detected when converting 4.94949494949495e+32 to a JavaScript Number.\n\nFetch as string or BigInt instead:\nhttps://docs.snowflake.com/en/developer-guide/node-js/nodejs-driver-consume#fetching-integer-data-types-as-bigint\nhttps://docs.snowflake.com/en/developer-guide/node-js/nodejs-driver-consume#fetching-data-types-as-strings\n\nThis will throw an error in future driver versions."}
{"level":"WARN","message":"[2:34:27.527 AM]: Query result precision loss detected when converting 3.46464646464647e+33 to a JavaScript Number.\n\nFetch as string or BigInt instead:\nhttps://docs.snowflake.com/en/developer-guide/node-js/nodejs-driver-consume#fetching-integer-data-types-as-bigint\nhttps://docs.snowflake.com/en/developer-guide/node-js/nodejs-driver-consume#fetching-data-types-as-strings\n\nThis will throw an error in future driver versions."}
{"level":"WARN","message":"[2:34:27.527 AM]: Query result precision loss detected when converting 1.68381818181818e+35 to a JavaScript Number.\n\nFetch as string or BigInt instead:\nhttps://docs.snowflake.com/en/developer-guide/node-js/nodejs-driver-consume#fetching-integer-data-types-as-bigint\nhttps://docs.snowflake.com/en/developer-guide/node-js/nodejs-driver-consume#fetching-data-types-as-strings\n\nThis will throw an error in future driver versions."}
{"level":"WARN","message":"[2:34:27.527 AM]: Query result precision loss detected when converting 4.94949494949495e+33 to a JavaScript Number.\n\nFetch as string or BigInt instead:\nhttps://docs.snowflake.com/en/developer-guide/node-js/nodejs-driver-consume#fetching-integer-data-types-as-bigint\nhttps://docs.snowflake.com/en/developer-guide/node-js/nodejs-driver-consume#fetching-data-types-as-strings\n\nThis will throw an error in future driver versions."}
{"level":"WARN","message":"[2:34:27.527 AM]: Query result precision loss detected when converting 2.27181818181818e+35 to a JavaScript Number.\n\nFetch as string or BigInt instead:\nhttps://docs.snowflake.com/en/developer-guide/node-js/nodejs-driver-consume#fetching-integer-data-types-as-bigint\nhttps://docs.snowflake.com/en/developer-guide/node-js/nodejs-driver-consume#fetching-data-types-as-strings\n\nThis will throw an error in future driver versions."}
{"level":"WARN","message":"[2:34:27.527 AM]: Query result precision loss detected when converting 2.17777777777778e+33 to a JavaScript Number.\n\nFetch as string or BigInt instead:\nhttps://docs.snowflake.com/en/developer-guide/node-js/nodejs-driver-consume#fetching-integer-data-types-as-bigint\nhttps://docs.snowflake.com/en/developer-guide/node-js/nodejs-driver-consume#fetching-data-types-as-strings\n\nThis will throw an error in future driver versions."}
{"level":"WARN","message":"[2:34:27.527 AM]: Query result precision loss detected when converting 2.29656565656566e+35 to a JavaScript Number.\n\nFetch as string or BigInt instead:\nhttps://docs.snowflake.com/en/developer-guide/node-js/nodejs-driver-consume#fetching-integer-data-types-as-bigint\nhttps://docs.snowflake.com/en/developer-guide/node-js/nodejs-driver-consume#fetching-data-types-as-strings\n\nThis will throw an error in future driver versions."}
{"level":"WARN","message":"[2:34:27.527 AM]: Query result precision loss detected when converting 3.46464646464647e+33 to a JavaScript Number.\n\nFetch as string or BigInt instead:\nhttps://docs.snowflake.com/en/developer-guide/node-js/nodejs-driver-consume#fetching-integer-data-types-as-bigint\nhttps://docs.snowflake.com/en/developer-guide/node-js/nodejs-driver-consume#fetching-data-types-as-strings\n\nThis will throw an error in future driver versions."}
{"level":"WARN","message":"[2:34:27.527 AM]: Query result precision loss detected when converting 4.94949494949495e+32 to a JavaScript Number.\n\nFetch as string or BigInt instead:\nhttps://docs.snowflake.com/en/developer-guide/node-js/nodejs-driver-consume#fetching-integer-data-types-as-bigint\nhttps://docs.snowflake.com/en/developer-guide/node-js/nodejs-driver-consume#fetching-data-types-as-strings\n\nThis will throw an error in future driver versions."}
{"level":"WARN","message":"[2:34:27.527 AM]: Query result precision loss detected when converting 2.27181818181818e+35 to a JavaScript Number.\n\nFetch as string or BigInt instead:\nhttps://docs.snowflake.com/en/developer-guide/node-js/nodejs-driver-consume#fetching-integer-data-types-as-bigint\nhttps://docs.snowflake.com/en/developer-guide/node-js/nodejs-driver-consume#fetching-data-types-as-strings\n\nThis will throw an error in future driver versions."}
{"level":"WARN","message":"[2:34:27.527 AM]: Query result precision loss detected when converting 3.46464646464647e+33 to a JavaScript Number.\n\nFetch as string or BigInt instead:\nhttps://docs.snowflake.com/en/developer-guide/node-js/nodejs-driver-consume#fetching-integer-data-types-as-bigint\nhttps://docs.snowflake.com/en/developer-guide/node-js/nodejs-driver-consume#fetching-data-types-as-strings\n\nThis will throw an error in future driver versions."}
{"level":"WARN","message":"[2:34:27.527 AM]: Query result precision loss detected when converting 2.29656565656566e+35 to a JavaScript Number.\n\nFetch as string or BigInt instead:\nhttps://docs.snowflake.com/en/developer-guide/node-js/nodejs-driver-consume#fetching-integer-data-types-as-bigint\nhttps://docs.snowflake.com/en/developer-guide/node-js/nodejs-driver-consume#fetching-data-types-as-strings\n\nThis will throw an error in future driver versions."}
{"level":"WARN","message":"[2:34:27.527 AM]: Query result precision loss detected when converting 2.17777777777778e+33 to a JavaScript Number.\n\nFetch as string or BigInt instead:\nhttps://docs.snowflake.com/en/developer-guide/node-js/nodejs-driver-consume#fetching-integer-data-types-as-bigint\nhttps://docs.snowflake.com/en/developer-guide/node-js/nodejs-driver-consume#fetching-data-types-as-strings\n\nThis will throw an error in future driver versions."}
{"level":"WARN","message":"[2:34:27.527 AM]: Query result precision loss detected when converting 2.27181818181818e+35 to a JavaScript Number.\n\nFetch as string or BigInt instead:\nhttps://docs.snowflake.com/en/developer-guide/node-js/nodejs-driver-consume#fetching-integer-data-types-as-bigint\nhttps://docs.snowflake.com/en/developer-guide/node-js/nodejs-driver-consume#fetching-data-types-as-strings\n\nThis will throw an error in future driver versions."}
{"level":"WARN","message":"[2:34:27.527 AM]: Query result precision loss detected when converting 9.8989898989899e+32 to a JavaScript Number.\n\nFetch as string or BigInt instead:\nhttps://docs.snowflake.com/en/developer-guide/node-js/nodejs-driver-consume#fetching-integer-data-types-as-bigint\nhttps://docs.snowflake.com/en/developer-guide/node-js/nodejs-driver-consume#fetching-data-types-as-strings\n\nThis will throw an error in future driver versions."}
{"level":"WARN","message":"[2:34:27.527 AM]: Query result precision loss detected when converting 4.94949494949495e+32 to a JavaScript Number.\n\nFetch as string or BigInt instead:\nhttps://docs.snowflake.com/en/developer-guide/node-js/nodejs-driver-consume#fetching-integer-data-types-as-bigint\nhttps://docs.snowflake.com/en/developer-guide/node-js/nodejs-driver-consume#fetching-data-types-as-strings\n\nThis will throw an error in future driver versions."}
{"level":"WARN","message":"[2:34:27.527 AM]: Query result precision loss detected when converting 3.46464646464647e+33 to a JavaScript Number.\n\nFetch as string or BigInt instead:\nhttps://docs.snowflake.com/en/developer-guide/node-js/nodejs-driver-consume#fetching-integer-data-types-as-bigint\nhttps://docs.snowflake.com/en/developer-guide/node-js/nodejs-driver-consume#fetching-data-types-as-strings\n\nThis will throw an error in future driver versions."}
{"level":"WARN","message":"[2:34:27.527 AM]: Query result precision loss detected when converting 3.46464646464647e+33 to a JavaScript Number.\n\nFetch as string or BigInt instead:\nhttps://docs.snowflake.com/en/developer-guide/node-js/nodejs-driver-consume#fetching-integer-data-types-as-bigint\nhttps://docs.snowflake.com/en/developer-guide/node-js/nodejs-driver-consume#fetching-data-types-as-strings\n\nThis will throw an error in future driver versions."}
{"level":"WARN","message":"[2:34:27.527 AM]: Query result precision loss detected when converting 5.34545454545455e+33 to a JavaScript Number.\n\nFetch as string or BigInt instead:\nhttps://docs.snowflake.com/en/developer-guide/node-js/nodejs-driver-consume#fetching-integer-data-types-as-bigint\nhttps://docs.snowflake.com/en/developer-guide/node-js/nodejs-driver-consume#fetching-data-types-as-strings\n\nThis will throw an error in future driver versions."}
{"level":"WARN","message":"[2:34:27.527 AM]: Query result precision loss detected when converting 2.47474747474748e+33 to a JavaScript Number.\n\nFetch as string or BigInt instead:\nhttps://docs.snowflake.com/en/developer-guide/node-js/nodejs-driver-consume#fetching-integer-data-types-as-bigint\nhttps://docs.snowflake.com/en/developer-guide/node-js/nodejs-driver-consume#fetching-data-types-as-strings\n\nThis will throw an error in future driver versions."}
{"level":"WARN","message":"[2:34:27.527 AM]: Query result precision loss detected when converting 4.94949494949495e+32 to a JavaScript Number.\n\nFetch as string or BigInt instead:\nhttps://docs.snowflake.com/en/developer-guide/node-js/nodejs-driver-consume#fetching-integer-data-types-as-bigint\nhttps://docs.snowflake.com/en/developer-guide/node-js/nodejs-driver-consume#fetching-data-types-as-strings\n\nThis will throw an error in future driver versions."}
{"level":"WARN","message":"[2:34:27.527 AM]: Query result precision loss detected when converting 4.94949494949495e+33 to a JavaScript Number.\n\nFetch as string or BigInt instead:\nhttps://docs.snowflake.com/en/developer-guide/node-js/nodejs-driver-consume#fetching-integer-data-types-as-bigint\nhttps://docs.snowflake.com/en/developer-guide/node-js/nodejs-driver-consume#fetching-data-types-as-strings\n\nThis will throw an error in future driver versions."}
{"level":"WARN","message":"[2:34:27.527 AM]: Query result precision loss detected when converting 4.94949494949495e+32 to a JavaScript Number.\n\nFetch as string or BigInt instead:\nhttps://docs.snowflake.com/en/developer-guide/node-js/nodejs-driver-consume#fetching-integer-data-types-as-bigint\nhttps://docs.snowflake.com/en/developer-guide/node-js/nodejs-driver-consume#fetching-data-types-as-strings\n\nThis will throw an error in future driver versions."}
{"level":"WARN","message":"[2:34:27.527 AM]: Query result precision loss detected when converting 9.8989898989899e+32 to a JavaScript Number.\n\nFetch as string or BigInt instead:\nhttps://docs.snowflake.com/en/developer-guide/node-js/nodejs-driver-consume#fetching-integer-data-types-as-bigint\nhttps://docs.snowflake.com/en/developer-guide/node-js/nodejs-driver-consume#fetching-data-types-as-strings\n\nThis will throw an error in future driver versions."}
{"level":"WARN","message":"[2:34:27.527 AM]: Query result precision loss detected when converting 5.34545454545455e+33 to a JavaScript Number.\n\nFetch as string or BigInt instead:\nhttps://docs.snowflake.com/en/developer-guide/node-js/nodejs-driver-consume#fetching-integer-data-types-as-bigint\nhttps://docs.snowflake.com/en/developer-guide/node-js/nodejs-driver-consume#fetching-data-types-as-strings\n\nThis will throw an error in future driver versions."}
{"level":"WARN","message":"[2:34:27.527 AM]: Query result precision loss detected when converting 9.8989898989899e+32 to a JavaScript Number.\n\nFetch as string or BigInt instead:\nhttps://docs.snowflake.com/en/developer-guide/node-js/nodejs-driver-consume#fetching-integer-data-types-as-bigint\nhttps://docs.snowflake.com/en/developer-guide/node-js/nodejs-driver-consume#fetching-data-types-as-strings\n\nThis will throw an error in future driver versions."}
{"level":"WARN","message":"[2:34:27.527 AM]: Query result precision loss detected when converting 6.92929292929293e+33 to a JavaScript Number.\n\nFetch as string or BigInt instead:\nhttps://docs.snowflake.com/en/developer-guide/node-js/nodejs-driver-consume#fetching-integer-data-types-as-bigint\nhttps://docs.snowflake.com/en/developer-guide/node-js/nodejs-driver-consume#fetching-data-types-as-strings\n\nThis will throw an error in future driver versions."}
{"level":"WARN","message":"[2:34:27.527 AM]: Query result precision loss detected when converting 6.92929292929293e+33 to a JavaScript Number.\n\nFetch as string or BigInt instead:\nhttps://docs.snowflake.com/en/developer-guide/node-js/nodejs-driver-consume#fetching-integer-data-types-as-bigint\nhttps://docs.snowflake.com/en/developer-guide/node-js/nodejs-driver-consume#fetching-data-types-as-strings\n\nThis will throw an error in future driver versions."}
{"level":"WARN","message":"[2:34:27.527 AM]: Query result precision loss detected when converting 4.94949494949495e+32 to a JavaScript Number.\n\nFetch as string or BigInt instead:\nhttps://docs.snowflake.com/en/developer-guide/node-js/nodejs-driver-consume#fetching-integer-data-types-as-bigint\nhttps://docs.snowflake.com/en/developer-guide/node-js/nodejs-driver-consume#fetching-data-types-as-strings\n\nThis will throw an error in future driver versions."}
{"level":"WARN","message":"[2:34:27.527 AM]: Query result precision loss detected when converting 4.94949494949495e+32 to a JavaScript Number.\n\nFetch as string or BigInt instead:\nhttps://docs.snowflake.com/en/developer-guide/node-js/nodejs-driver-consume#fetching-integer-data-types-as-bigint\nhttps://docs.snowflake.com/en/developer-guide/node-js/nodejs-driver-consume#fetching-data-types-as-strings\n\nThis will throw an error in future driver versions."}
{"level":"WARN","message":"[2:34:27.527 AM]: Query result precision loss detected when converting 4.94949494949495e+32 to a JavaScript Number.\n\nFetch as string or BigInt instead:\nhttps://docs.snowflake.com/en/developer-guide/node-js/nodejs-driver-consume#fetching-integer-data-types-as-bigint\nhttps://docs.snowflake.com/en/developer-guide/node-js/nodejs-driver-consume#fetching-data-types-as-strings\n\nThis will throw an error in future driver versions."}
{"level":"WARN","message":"[2:34:27.527 AM]: Query result precision loss detected when converting 1.97979797979798e+32 to a JavaScript Number.\n\nFetch as string or BigInt instead:\nhttps://docs.snowflake.com/en/developer-guide/node-js/nodejs-driver-consume#fetching-integer-data-types-as-bigint\nhttps://docs.snowflake.com/en/developer-guide/node-js/nodejs-driver-consume#fetching-data-types-as-strings\n\nThis will throw an error in future driver versions."}
{"level":"WARN","message":"[2:34:27.527 AM]: Query result precision loss detected when converting 6.33535353535354e+33 to a JavaScript Number.\n\nFetch as string or BigInt instead:\nhttps://docs.snowflake.com/en/developer-guide/node-js/nodejs-driver-consume#fetching-integer-data-types-as-bigint\nhttps://docs.snowflake.com/en/developer-guide/node-js/nodejs-driver-consume#fetching-data-types-as-strings\n\nThis will throw an error in future driver versions."}
{"level":"WARN","message":"[2:34:27.527 AM]: Query result precision loss detected when converting 2.17777777777778e+33 to a JavaScript Number.\n\nFetch as string or BigInt instead:\nhttps://docs.snowflake.com/en/developer-guide/node-js/nodejs-driver-consume#fetching-integer-data-types-as-bigint\nhttps://docs.snowflake.com/en/developer-guide/node-js/nodejs-driver-consume#fetching-data-types-as-strings\n\nThis will throw an error in future driver versions."}
{"level":"WARN","message":"[2:34:27.527 AM]: Query result precision loss detected when converting 2.17777777777778e+33 to a JavaScript Number.\n\nFetch as string or BigInt instead:\nhttps://docs.snowflake.com/en/developer-guide/node-js/nodejs-driver-consume#fetching-integer-data-types-as-bigint\nhttps://docs.snowflake.com/en/developer-guide/node-js/nodejs-driver-consume#fetching-data-types-as-strings\n\nThis will throw an error in future driver versions."}
{"level":"WARN","message":"[2:34:27.815 AM]: Query result precision loss detected when converting 3.54185858585859e+35 to a JavaScript Number.\n\nFetch as string or BigInt instead:\nhttps://docs.snowflake.com/en/developer-guide/node-js/nodejs-driver-consume#fetching-integer-data-types-as-bigint\nhttps://docs.snowflake.com/en/developer-guide/node-js/nodejs-driver-consume#fetching-data-types-as-strings\n\nThis will throw an error in future driver versions."}
{"level":"WARN","message":"[2:34:27.816 AM]: Query result precision loss detected when converting 3.54185858585859e+35 to a JavaScript Number.\n\nFetch as string or BigInt instead:\nhttps://docs.snowflake.com/en/developer-guide/node-js/nodejs-driver-consume#fetching-integer-data-types-as-bigint\nhttps://docs.snowflake.com/en/developer-guide/node-js/nodejs-driver-consume#fetching-data-types-as-strings\n\nThis will throw an error in future driver versions."}
{"level":"WARN","message":"[2:34:27.816 AM]: Query result precision loss detected when converting 3.54185858585859e+35 to a JavaScript Number.\n\nFetch as string or BigInt instead:\nhttps://docs.snowflake.com/en/developer-guide/node-js/nodejs-driver-consume#fetching-integer-data-types-as-bigint\nhttps://docs.snowflake.com/en/developer-guide/node-js/nodejs-driver-consume#fetching-data-types-as-strings\n\nThis will throw an error in future driver versions."}
{"level":"WARN","message":"[2:34:27.816 AM]: Query result precision loss detected when converting 3.34090909090909e+35 to a JavaScript Number.\n\nFetch as string or BigInt instead:\nhttps://docs.snowflake.com/en/developer-guide/node-js/nodejs-driver-consume#fetching-integer-data-types-as-bigint\nhttps://docs.snowflake.com/en/developer-guide/node-js/nodejs-driver-consume#fetching-data-types-as-strings\n\nThis will throw an error in future driver versions."}
{"level":"WARN","message":"[2:34:27.816 AM]: Query result precision loss detected when converting 3.54185858585859e+35 to a JavaScript Number.\n\nFetch as string or BigInt instead:\nhttps://docs.snowflake.com/en/developer-guide/node-js/nodejs-driver-consume#fetching-integer-data-types-as-bigint\nhttps://docs.snowflake.com/en/developer-guide/node-js/nodejs-driver-consume#fetching-data-types-as-strings\n\nThis will throw an error in future driver versions."}
{"level":"WARN","message":"[2:34:27.816 AM]: Query result precision loss detected when converting 3.54185858585859e+35 to a JavaScript Number.\n\nFetch as string or BigInt instead:\nhttps://docs.snowflake.com/en/developer-guide/node-js/nodejs-driver-consume#fetching-integer-data-types-as-bigint\nhttps://docs.snowflake.com/en/developer-guide/node-js/nodejs-driver-consume#fetching-data-types-as-strings\n\nThis will throw an error in future driver versions."}
{"level":"WARN","message":"[2:34:27.816 AM]: Query result precision loss detected when converting 3.36565656565657e+35 to a JavaScript Number.\n\nFetch as string or BigInt instead:\nhttps://docs.snowflake.com/en/developer-guide/node-js/nodejs-driver-consume#fetching-integer-data-types-as-bigint\nhttps://docs.snowflake.com/en/developer-guide/node-js/nodejs-driver-consume#fetching-data-types-as-strings\n\nThis will throw an error in future driver versions."}
{"level":"WARN","message":"[2:34:27.816 AM]: Query result precision loss detected when converting 3.54185858585859e+35 to a JavaScript Number.\n\nFetch as string or BigInt instead:\nhttps://docs.snowflake.com/en/developer-guide/node-js/nodejs-driver-consume#fetching-integer-data-types-as-bigint\nhttps://docs.snowflake.com/en/developer-guide/node-js/nodejs-driver-consume#fetching-data-types-as-strings\n\nThis will throw an error in future driver versions."}
{"level":"WARN","message":"[2:34:27.816 AM]: Query result precision loss detected when converting 2.02830303030303e+35 to a JavaScript Number.\n\nFetch as string or BigInt instead:\nhttps://docs.snowflake.com/en/developer-guide/node-js/nodejs-driver-consume#fetching-integer-data-types-as-bigint\nhttps://docs.snowflake.com/en/developer-guide/node-js/nodejs-driver-consume#fetching-data-types-as-strings\n\nThis will throw an error in future driver versions."}
{"level":"WARN","message":"[2:34:27.816 AM]: Query result precision loss detected when converting 2.1599595959596e+35 to a JavaScript Number.\n\nFetch as string or BigInt instead:\nhttps://docs.snowflake.com/en/developer-guide/node-js/nodejs-driver-consume#fetching-integer-data-types-as-bigint\nhttps://docs.snowflake.com/en/developer-guide/node-js/nodejs-driver-consume#fetching-data-types-as-strings\n\nThis will throw an error in future driver versions."}
{"level":"WARN","message":"[2:34:27.816 AM]: Query result precision loss detected when converting 2.41832323232323e+35 to a JavaScript Number.\n\nFetch as string or BigInt instead:\nhttps://docs.snowflake.com/en/developer-guide/node-js/nodejs-driver-consume#fetching-integer-data-types-as-bigint\nhttps://docs.snowflake.com/en/developer-guide/node-js/nodejs-driver-consume#fetching-data-types-as-strings\n\nThis will throw an error in future driver versions."}
{"level":"WARN","message":"[2:34:27.816 AM]: Query result precision loss detected when converting 2.41832323232323e+35 to a JavaScript Number.\n\nFetch as string or BigInt instead:\nhttps://docs.snowflake.com/en/developer-guide/node-js/nodejs-driver-consume#fetching-integer-data-types-as-bigint\nhttps://docs.snowflake.com/en/developer-guide/node-js/nodejs-driver-consume#fetching-data-types-as-strings\n\nThis will throw an error in future driver versions."}
{"level":"WARN","message":"[2:34:27.816 AM]: Query result precision loss detected when converting 2.1599595959596e+35 to a JavaScript Number.\n\nFetch as string or BigInt instead:\nhttps://docs.snowflake.com/en/developer-guide/node-js/nodejs-driver-consume#fetching-integer-data-types-as-bigint\nhttps://docs.snowflake.com/en/developer-guide/node-js/nodejs-driver-consume#fetching-data-types-as-strings\n\nThis will throw an error in future driver versions."}
{"level":"WARN","message":"[2:34:27.816 AM]: Query result precision loss detected when converting 2.1599595959596e+35 to a JavaScript Number.\n\nFetch as string or BigInt instead:\nhttps://docs.snowflake.com/en/developer-guide/node-js/nodejs-driver-consume#fetching-integer-data-types-as-bigint\nhttps://docs.snowflake.com/en/developer-guide/node-js/nodejs-driver-consume#fetching-data-types-as-strings\n\nThis will throw an error in future driver versions."}
{"level":"WARN","message":"[2:34:27.816 AM]: Query result precision loss detected when converting 2.1599595959596e+35 to a JavaScript Number.\n\nFetch as string or BigInt instead:\nhttps://docs.snowflake.com/en/developer-guide/node-js/nodejs-driver-consume#fetching-integer-data-types-as-bigint\nhttps://docs.snowflake.com/en/developer-guide/node-js/nodejs-driver-consume#fetching-data-types-as-strings\n\nThis will throw an error in future driver versions."}
{"level":"WARN","message":"[2:34:27.816 AM]: Query result precision loss detected when converting 2.02830303030303e+35 to a JavaScript Number.\n\nFetch as string or BigInt instead:\nhttps://docs.snowflake.com/en/developer-guide/node-js/nodejs-driver-consume#fetching-integer-data-types-as-bigint\nhttps://docs.snowflake.com/en/developer-guide/node-js/nodejs-driver-consume#fetching-data-types-as-strings\n\nThis will throw an error in future driver versions."}
{"level":"WARN","message":"[2:34:27.816 AM]: Query result precision loss detected when converting 2.05008080808081e+35 to a JavaScript Number.\n\nFetch as string or BigInt instead:\nhttps://docs.snowflake.com/en/developer-guide/node-js/nodejs-driver-consume#fetching-integer-data-types-as-bigint\nhttps://docs.snowflake.com/en/developer-guide/node-js/nodejs-driver-consume#fetching-data-types-as-strings\n\nThis will throw an error in future driver versions."}
{"level":"WARN","message":"[2:34:27.816 AM]: Query result precision loss detected when converting 9.8989898989899e+34 to a JavaScript Number.\n\nFetch as string or BigInt instead:\nhttps://docs.snowflake.com/en/developer-guide/node-js/nodejs-driver-consume#fetching-integer-data-types-as-bigint\nhttps://docs.snowflake.com/en/developer-guide/node-js/nodejs-driver-consume#fetching-data-types-as-strings\n\nThis will throw an error in future driver versions."}
{"level":"WARN","message":"[2:34:27.816 AM]: Query result precision loss detected when converting 2.1599595959596e+35 to a JavaScript Number.\n\nFetch as string or BigInt instead:\nhttps://docs.snowflake.com/en/developer-guide/node-js/nodejs-driver-consume#fetching-integer-data-types-as-bigint\nhttps://docs.snowflake.com/en/developer-guide/node-js/nodejs-driver-consume#fetching-data-types-as-strings\n\nThis will throw an error in future driver versions."}
{"level":"WARN","message":"[2:34:27.816 AM]: Query result precision loss detected when converting 9.8989898989899e+34 to a JavaScript Number.\n\nFetch as string or BigInt instead:\nhttps://docs.snowflake.com/en/developer-guide/node-js/nodejs-driver-consume#fetching-integer-data-types-as-bigint\nhttps://docs.snowflake.com/en/developer-guide/node-js/nodejs-driver-consume#fetching-data-types-as-strings\n\nThis will throw an error in future driver versions."}
{"level":"WARN","message":"[2:34:27.816 AM]: Query result precision loss detected when converting 7.75090909090909e+34 to a JavaScript Number.\n\nFetch as string or BigInt instead:\nhttps://docs.snowflake.com/en/developer-guide/node-js/nodejs-driver-consume#fetching-integer-data-types-as-bigint\nhttps://docs.snowflake.com/en/developer-guide/node-js/nodejs-driver-consume#fetching-data-types-as-strings\n\nThis will throw an error in future driver versions."}
{"level":"WARN","message":"[2:34:27.816 AM]: Query result precision loss detected when converting 2.05008080808081e+35 to a JavaScript Number.\n\nFetch as string or BigInt instead:\nhttps://docs.snowflake.com/en/developer-guide/node-js/nodejs-driver-consume#fetching-integer-data-types-as-bigint\nhttps://docs.snowflake.com/en/developer-guide/node-js/nodejs-driver-consume#fetching-data-types-as-strings\n\nThis will throw an error in future driver versions."}
{"level":"WARN","message":"[2:34:27.816 AM]: Query result precision loss detected when converting 7.75090909090909e+34 to a JavaScript Number.\n\nFetch as string or BigInt instead:\nhttps://docs.snowflake.com/en/developer-guide/node-js/nodejs-driver-consume#fetching-integer-data-types-as-bigint\nhttps://docs.snowflake.com/en/developer-guide/node-js/nodejs-driver-consume#fetching-data-types-as-strings\n\nThis will throw an error in future driver versions."}
{"level":"WARN","message":"[2:34:27.816 AM]: Query result precision loss detected when converting 2.41832323232323e+35 to a JavaScript Number.\n\nFetch as string or BigInt instead:\nhttps://docs.snowflake.com/en/developer-guide/node-js/nodejs-driver-consume#fetching-integer-data-types-as-bigint\nhttps://docs.snowflake.com/en/developer-guide/node-js/nodejs-driver-consume#fetching-data-types-as-strings\n\nThis will throw an error in future driver versions."}
{"level":"WARN","message":"[2:34:27.816 AM]: Query result precision loss detected when converting 3.54185858585859e+35 to a JavaScript Number.\n\nFetch as string or BigInt instead:\nhttps://docs.snowflake.com/en/developer-guide/node-js/nodejs-driver-consume#fetching-integer-data-types-as-bigint\nhttps://docs.snowflake.com/en/developer-guide/node-js/nodejs-driver-consume#fetching-data-types-as-strings\n\nThis will throw an error in future driver versions."}
{"level":"WARN","message":"[2:34:27.816 AM]: Query result precision loss detected when converting 3.54185858585859e+35 to a JavaScript Number.\n\nFetch as string or BigInt instead:\nhttps://docs.snowflake.com/en/developer-guide/node-js/nodejs-driver-consume#fetching-integer-data-types-as-bigint\nhttps://docs.snowflake.com/en/developer-guide/node-js/nodejs-driver-consume#fetching-data-types-as-strings\n\nThis will throw an error in future driver versions."}
{"level":"WARN","message":"[2:34:27.816 AM]: Query result precision loss detected when converting 3.54185858585859e+35 to a JavaScript Number.\n\nFetch as string or BigInt instead:\nhttps://docs.snowflake.com/en/developer-guide/node-js/nodejs-driver-consume#fetching-integer-data-types-as-bigint\nhttps://docs.snowflake.com/en/developer-guide/node-js/nodejs-driver-consume#fetching-data-types-as-strings\n\nThis will throw an error in future driver versions."}
{"level":"WARN","message":"[2:34:27.816 AM]: Query result precision loss detected when converting 6.91939393939394e+34 to a JavaScript Number.\n\nFetch as string or BigInt instead:\nhttps://docs.snowflake.com/en/developer-guide/node-js/nodejs-driver-consume#fetching-integer-data-types-as-bigint\nhttps://docs.snowflake.com/en/developer-guide/node-js/nodejs-driver-consume#fetching-data-types-as-strings\n\nThis will throw an error in future driver versions."}
{"level":"WARN","message":"[2:34:27.816 AM]: Query result precision loss detected when converting 3.36565656565657e+35 to a JavaScript Number.\n\nFetch as string or BigInt instead:\nhttps://docs.snowflake.com/en/developer-guide/node-js/nodejs-driver-consume#fetching-integer-data-types-as-bigint\nhttps://docs.snowflake.com/en/developer-guide/node-js/nodejs-driver-consume#fetching-data-types-as-strings\n\nThis will throw an error in future driver versions."}
{"level":"WARN","message":"[2:34:27.816 AM]: Query result precision loss detected when converting 3.54185858585859e+35 to a JavaScript Number.\n\nFetch as string or BigInt instead:\nhttps://docs.snowflake.com/en/developer-guide/node-js/nodejs-driver-consume#fetching-integer-data-types-as-bigint\nhttps://docs.snowflake.com/en/developer-guide/node-js/nodejs-driver-consume#fetching-data-types-as-strings\n\nThis will throw an error in future driver versions."}
{"level":"WARN","message":"[2:34:27.816 AM]: Query result precision loss detected when converting 3.34090909090909e+35 to a JavaScript Number.\n\nFetch as string or BigInt instead:\nhttps://docs.snowflake.com/en/developer-guide/node-js/nodejs-driver-consume#fetching-integer-data-types-as-bigint\nhttps://docs.snowflake.com/en/developer-guide/node-js/nodejs-driver-consume#fetching-data-types-as-strings\n\nThis will throw an error in future driver versions."}
{"level":"WARN","message":"[2:34:27.816 AM]: Query result precision loss detected when converting 3.54185858585859e+35 to a JavaScript Number.\n\nFetch as string or BigInt instead:\nhttps://docs.snowflake.com/en/developer-guide/node-js/nodejs-driver-consume#fetching-integer-data-types-as-bigint\nhttps://docs.snowflake.com/en/developer-guide/node-js/nodejs-driver-consume#fetching-data-types-as-strings\n\nThis will throw an error in future driver versions."}
{"level":"WARN","message":"[2:34:27.816 AM]: Query result precision loss detected when converting 3.54185858585859e+35 to a JavaScript Number.\n\nFetch as string or BigInt instead:\nhttps://docs.snowflake.com/en/developer-guide/node-js/nodejs-driver-consume#fetching-integer-data-types-as-bigint\nhttps://docs.snowflake.com/en/developer-guide/node-js/nodejs-driver-consume#fetching-data-types-as-strings\n\nThis will throw an error in future driver versions."}
{"level":"WARN","message":"[2:34:27.816 AM]: Query result precision loss detected when converting 2.1599595959596e+35 to a JavaScript Number.\n\nFetch as string or BigInt instead:\nhttps://docs.snowflake.com/en/developer-guide/node-js/nodejs-driver-consume#fetching-integer-data-types-as-bigint\nhttps://docs.snowflake.com/en/developer-guide/node-js/nodejs-driver-consume#fetching-data-types-as-strings\n\nThis will throw an error in future driver versions."}
{"level":"WARN","message":"[2:34:27.816 AM]: Query result precision loss detected when converting 9.8989898989899e+34 to a JavaScript Number.\n\nFetch as string or BigInt instead:\nhttps://docs.snowflake.com/en/developer-guide/node-js/nodejs-driver-consume#fetching-integer-data-types-as-bigint\nhttps://docs.snowflake.com/en/developer-guide/node-js/nodejs-driver-consume#fetching-data-types-as-strings\n\nThis will throw an error in future driver versions."}
{"level":"WARN","message":"[2:34:27.816 AM]: Query result precision loss detected when converting 7.75090909090909e+34 to a JavaScript Number.\n\nFetch as string or BigInt instead:\nhttps://docs.snowflake.com/en/developer-guide/node-js/nodejs-driver-consume#fetching-integer-data-types-as-bigint\nhttps://docs.snowflake.com/en/developer-guide/node-js/nodejs-driver-consume#fetching-data-types-as-strings\n\nThis will throw an error in future driver versions."}
{"level":"WARN","message":"[2:34:27.816 AM]: Query result precision loss detected when converting 2.02830303030303e+35 to a JavaScript Number.\n\nFetch as string or BigInt instead:\nhttps://docs.snowflake.com/en/developer-guide/node-js/nodejs-driver-consume#fetching-integer-data-types-as-bigint\nhttps://docs.snowflake.com/en/developer-guide/node-js/nodejs-driver-consume#fetching-data-types-as-strings\n\nThis will throw an error in future driver versions."}
{"level":"WARN","message":"[2:34:27.817 AM]: Query result precision loss detected when converting 7.75090909090909e+34 to a JavaScript Number.\n\nFetch as string or BigInt instead:\nhttps://docs.snowflake.com/en/developer-guide/node-js/nodejs-driver-consume#fetching-integer-data-types-as-bigint\nhttps://docs.snowflake.com/en/developer-guide/node-js/nodejs-driver-consume#fetching-data-types-as-strings\n\nThis will throw an error in future driver versions."}
{"level":"WARN","message":"[2:34:27.817 AM]: Query result precision loss detected when converting 9.8989898989899e+34 to a JavaScript Number.\n\nFetch as string or BigInt instead:\nhttps://docs.snowflake.com/en/developer-guide/node-js/nodejs-driver-consume#fetching-integer-data-types-as-bigint\nhttps://docs.snowflake.com/en/developer-guide/node-js/nodejs-driver-consume#fetching-data-types-as-strings\n\nThis will throw an error in future driver versions."}
{"level":"WARN","message":"[2:34:27.817 AM]: Query result precision loss detected when converting 2.02830303030303e+35 to a JavaScript Number.\n\nFetch as string or BigInt instead:\nhttps://docs.snowflake.com/en/developer-guide/node-js/nodejs-driver-consume#fetching-integer-data-types-as-bigint\nhttps://docs.snowflake.com/en/developer-guide/node-js/nodejs-driver-consume#fetching-data-types-as-strings\n\nThis will throw an error in future driver versions."}
{"level":"WARN","message":"[2:34:27.817 AM]: Query result precision loss detected when converting 2.1599595959596e+35 to a JavaScript Number.\n\nFetch as string or BigInt instead:\nhttps://docs.snowflake.com/en/developer-guide/node-js/nodejs-driver-consume#fetching-integer-data-types-as-bigint\nhttps://docs.snowflake.com/en/developer-guide/node-js/nodejs-driver-consume#fetching-data-types-as-strings\n\nThis will throw an error in future driver versions."}
{"level":"WARN","message":"[2:34:27.817 AM]: Query result precision loss detected when converting 9.8989898989899e+34 to a JavaScript Number.\n\nFetch as string or BigInt instead:\nhttps://docs.snowflake.com/en/developer-guide/node-js/nodejs-driver-consume#fetching-integer-data-types-as-bigint\nhttps://docs.snowflake.com/en/developer-guide/node-js/nodejs-driver-consume#fetching-data-types-as-strings\n\nThis will throw an error in future driver versions."}
{"level":"WARN","message":"[2:34:27.817 AM]: Query result precision loss detected when converting 3.54185858585859e+35 to a JavaScript Number.\n\nFetch as string or BigInt instead:\nhttps://docs.snowflake.com/en/developer-guide/node-js/nodejs-driver-consume#fetching-integer-data-types-as-bigint\nhttps://docs.snowflake.com/en/developer-guide/node-js/nodejs-driver-consume#fetching-data-types-as-strings\n\nThis will throw an error in future driver versions."}
{"level":"WARN","message":"[2:34:27.817 AM]: Query result precision loss detected when converting 3.54185858585859e+35 to a JavaScript Number.\n\nFetch as string or BigInt instead:\nhttps://docs.snowflake.com/en/developer-guide/node-js/nodejs-driver-consume#fetching-integer-data-types-as-bigint\nhttps://docs.snowflake.com/en/developer-guide/node-js/nodejs-driver-consume#fetching-data-types-as-strings\n\nThis will throw an error in future driver versions."}
{"level":"WARN","message":"[2:34:27.817 AM]: Query result precision loss detected when converting 3.54185858585859e+35 to a JavaScript Number.\n\nFetch as string or BigInt instead:\nhttps://docs.snowflake.com/en/developer-guide/node-js/nodejs-driver-consume#fetching-integer-data-types-as-bigint\nhttps://docs.snowflake.com/en/developer-guide/node-js/nodejs-driver-consume#fetching-data-types-as-strings\n\nThis will throw an error in future driver versions."}
{"level":"WARN","message":"[2:34:27.817 AM]: Query result precision loss detected when converting 3.54185858585859e+35 to a JavaScript Number.\n\nFetch as string or BigInt instead:\nhttps://docs.snowflake.com/en/developer-guide/node-js/nodejs-driver-consume#fetching-integer-data-types-as-bigint\nhttps://docs.snowflake.com/en/developer-guide/node-js/nodejs-driver-consume#fetching-data-types-as-strings\n\nThis will throw an error in future driver versions."}
{"level":"WARN","message":"[2:34:27.817 AM]: Query result precision loss detected when converting 6.91939393939394e+34 to a JavaScript Number.\n\nFetch as string or BigInt instead:\nhttps://docs.snowflake.com/en/developer-guide/node-js/nodejs-driver-consume#fetching-integer-data-types-as-bigint\nhttps://docs.snowflake.com/en/developer-guide/node-js/nodejs-driver-consume#fetching-data-types-as-strings\n\nThis will throw an error in future driver versions."}
{"level":"WARN","message":"[2:34:27.817 AM]: Query result precision loss detected when converting 3.54185858585859e+35 to a JavaScript Number.\n\nFetch as string or BigInt instead:\nhttps://docs.snowflake.com/en/developer-guide/node-js/nodejs-driver-consume#fetching-integer-data-types-as-bigint\nhttps://docs.snowflake.com/en/developer-guide/node-js/nodejs-driver-consume#fetching-data-types-as-strings\n\nThis will throw an error in future driver versions."}
{"level":"WARN","message":"[2:34:27.817 AM]: Query result precision loss detected when converting 3.54185858585859e+35 to a JavaScript Number.\n\nFetch as string or BigInt instead:\nhttps://docs.snowflake.com/en/developer-guide/node-js/nodejs-driver-consume#fetching-integer-data-types-as-bigint\nhttps://docs.snowflake.com/en/developer-guide/node-js/nodejs-driver-consume#fetching-data-types-as-strings\n\nThis will throw an error in future driver versions."}
{"level":"WARN","message":"[2:34:27.817 AM]: Query result precision loss detected when converting 3.54185858585859e+35 to a JavaScript Number.\n\nFetch as string or BigInt instead:\nhttps://docs.snowflake.com/en/developer-guide/node-js/nodejs-driver-consume#fetching-integer-data-types-as-bigint\nhttps://docs.snowflake.com/en/developer-guide/node-js/nodejs-driver-consume#fetching-data-types-as-strings\n\nThis will throw an error in future driver versions."}
{"level":"WARN","message":"[2:34:27.817 AM]: Query result precision loss detected when converting 3.54185858585859e+35 to a JavaScript Number.\n\nFetch as string or BigInt instead:\nhttps://docs.snowflake.com/en/developer-guide/node-js/nodejs-driver-consume#fetching-integer-data-types-as-bigint\nhttps://docs.snowflake.com/en/developer-guide/node-js/nodejs-driver-consume#fetching-data-types-as-strings\n\nThis will throw an error in future driver versions."}
{"level":"WARN","message":"[2:34:27.817 AM]: Query result precision loss detected when converting 2.07878787878788e+33 to a JavaScript Number.\n\nFetch as string or BigInt instead:\nhttps://docs.snowflake.com/en/developer-guide/node-js/nodejs-driver-consume#fetching-integer-data-types-as-bigint\nhttps://docs.snowflake.com/en/developer-guide/node-js/nodejs-driver-consume#fetching-data-types-as-strings\n\nThis will throw an error in future driver versions."}
{"level":"WARN","message":"[2:34:27.817 AM]: Query result precision loss detected when converting 3.95959595959596e+32 to a JavaScript Number.\n\nFetch as string or BigInt instead:\nhttps://docs.snowflake.com/en/developer-guide/node-js/nodejs-driver-consume#fetching-integer-data-types-as-bigint\nhttps://docs.snowflake.com/en/developer-guide/node-js/nodejs-driver-consume#fetching-data-types-as-strings\n\nThis will throw an error in future driver versions."}
{"level":"WARN","message":"[2:34:27.817 AM]: Query result precision loss detected when converting 3.46464646464647e+33 to a JavaScript Number.\n\nFetch as string or BigInt instead:\nhttps://docs.snowflake.com/en/developer-guide/node-js/nodejs-driver-consume#fetching-integer-data-types-as-bigint\nhttps://docs.snowflake.com/en/developer-guide/node-js/nodejs-driver-consume#fetching-data-types-as-strings\n\nThis will throw an error in future driver versions."}
{"level":"WARN","message":"[2:34:27.817 AM]: Query result precision loss detected when converting 4.94949494949495e+32 to a JavaScript Number.\n\nFetch as string or BigInt instead:\nhttps://docs.snowflake.com/en/developer-guide/node-js/nodejs-driver-consume#fetching-integer-data-types-as-bigint\nhttps://docs.snowflake.com/en/developer-guide/node-js/nodejs-driver-consume#fetching-data-types-as-strings\n\nThis will throw an error in future driver versions."}
{"level":"WARN","message":"[2:34:27.817 AM]: Query result precision loss detected when converting 8.90909090909091e+32 to a JavaScript Number.\n\nFetch as string or BigInt instead:\nhttps://docs.snowflake.com/en/developer-guide/node-js/nodejs-driver-consume#fetching-integer-data-types-as-bigint\nhttps://docs.snowflake.com/en/developer-guide/node-js/nodejs-driver-consume#fetching-data-types-as-strings\n\nThis will throw an error in future driver versions."}
{"level":"WARN","message":"[2:34:27.817 AM]: Query result precision loss detected when converting 3.46464646464647e+33 to a JavaScript Number.\n\nFetch as string or BigInt instead:\nhttps://docs.snowflake.com/en/developer-guide/node-js/nodejs-driver-consume#fetching-integer-data-types-as-bigint\nhttps://docs.snowflake.com/en/developer-guide/node-js/nodejs-driver-consume#fetching-data-types-as-strings\n\nThis will throw an error in future driver versions."}
{"level":"WARN","message":"[2:34:27.817 AM]: Query result precision loss detected when converting 6.33535353535354e+33 to a JavaScript Number.\n\nFetch as string or BigInt instead:\nhttps://docs.snowflake.com/en/developer-guide/node-js/nodejs-driver-consume#fetching-integer-data-types-as-bigint\nhttps://docs.snowflake.com/en/developer-guide/node-js/nodejs-driver-consume#fetching-data-types-as-strings\n\nThis will throw an error in future driver versions."}
{"level":"WARN","message":"[2:34:27.817 AM]: Query result precision loss detected when converting 3.95959595959596e+32 to a JavaScript Number.\n\nFetch as string or BigInt instead:\nhttps://docs.snowflake.com/en/developer-guide/node-js/nodejs-driver-consume#fetching-integer-data-types-as-bigint\nhttps://docs.snowflake.com/en/developer-guide/node-js/nodejs-driver-consume#fetching-data-types-as-strings\n\nThis will throw an error in future driver versions."}
{"level":"WARN","message":"[2:34:27.817 AM]: Query result precision loss detected when converting 3.95959595959596e+32 to a JavaScript Number.\n\nFetch as string or BigInt instead:\nhttps://docs.snowflake.com/en/developer-guide/node-js/nodejs-driver-consume#fetching-integer-data-types-as-bigint\nhttps://docs.snowflake.com/en/developer-guide/node-js/nodejs-driver-consume#fetching-data-types-as-strings\n\nThis will throw an error in future driver versions."}
{"level":"WARN","message":"[2:34:27.817 AM]: Query result precision loss detected when converting 2.07878787878788e+33 to a JavaScript Number.\n\nFetch as string or BigInt instead:\nhttps://docs.snowflake.com/en/developer-guide/node-js/nodejs-driver-consume#fetching-integer-data-types-as-bigint\nhttps://docs.snowflake.com/en/developer-guide/node-js/nodejs-driver-consume#fetching-data-types-as-strings\n\nThis will throw an error in future driver versions."}
{"level":"WARN","message":"[2:34:27.817 AM]: Query result precision loss detected when converting 1.97979797979798e+32 to a JavaScript Number.\n\nFetch as string or BigInt instead:\nhttps://docs.snowflake.com/en/developer-guide/node-js/nodejs-driver-consume#fetching-integer-data-types-as-bigint\nhttps://docs.snowflake.com/en/developer-guide/node-js/nodejs-driver-consume#fetching-data-types-as-strings\n\nThis will throw an error in future driver versions."}
{"level":"WARN","message":"[2:34:27.817 AM]: Query result precision loss detected when converting 2.47474747474748e+33 to a JavaScript Number.\n\nFetch as string or BigInt instead:\nhttps://docs.snowflake.com/en/developer-guide/node-js/nodejs-driver-consume#fetching-integer-data-types-as-bigint\nhttps://docs.snowflake.com/en/developer-guide/node-js/nodejs-driver-consume#fetching-data-types-as-strings\n\nThis will throw an error in future driver versions."}
{"level":"WARN","message":"[2:34:27.817 AM]: Query result precision loss detected when converting 1.97979797979798e+32 to a JavaScript Number.\n\nFetch as string or BigInt instead:\nhttps://docs.snowflake.com/en/developer-guide/node-js/nodejs-driver-consume#fetching-integer-data-types-as-bigint\nhttps://docs.snowflake.com/en/developer-guide/node-js/nodejs-driver-consume#fetching-data-types-as-strings\n\nThis will throw an error in future driver versions."}
{"level":"WARN","message":"[2:34:27.817 AM]: Query result precision loss detected when converting 2.07878787878788e+33 to a JavaScript Number.\n\nFetch as string or BigInt instead:\nhttps://docs.snowflake.com/en/developer-guide/node-js/nodejs-driver-consume#fetching-integer-data-types-as-bigint\nhttps://docs.snowflake.com/en/developer-guide/node-js/nodejs-driver-consume#fetching-data-types-as-strings\n\nThis will throw an error in future driver versions."}
{"level":"WARN","message":"[2:34:27.817 AM]: Query result precision loss detected when converting 3.95959595959596e+32 to a JavaScript Number.\n\nFetch as string or BigInt instead:\nhttps://docs.snowflake.com/en/developer-guide/node-js/nodejs-driver-consume#fetching-integer-data-types-as-bigint\nhttps://docs.snowflake.com/en/developer-guide/node-js/nodejs-driver-consume#fetching-data-types-as-strings\n\nThis will throw an error in future driver versions."}
{"level":"WARN","message":"[2:34:27.817 AM]: Query result precision loss detected when converting 2.47474747474748e+33 to a JavaScript Number.\n\nFetch as string or BigInt instead:\nhttps://docs.snowflake.com/en/developer-guide/node-js/nodejs-driver-consume#fetching-integer-data-types-as-bigint\nhttps://docs.snowflake.com/en/developer-guide/node-js/nodejs-driver-consume#fetching-data-types-as-strings\n\nThis will throw an error in future driver versions."}
{"level":"WARN","message":"[2:34:27.817 AM]: Query result precision loss detected when converting 4.94949494949495e+32 to a JavaScript Number.\n\nFetch as string or BigInt instead:\nhttps://docs.snowflake.com/en/developer-guide/node-js/nodejs-driver-consume#fetching-integer-data-types-as-bigint\nhttps://docs.snowflake.com/en/developer-guide/node-js/nodejs-driver-consume#fetching-data-types-as-strings\n\nThis will throw an error in future driver versions."}
{"level":"WARN","message":"[2:34:27.817 AM]: Query result precision loss detected when converting 1.97979797979798e+32 to a JavaScript Number.\n\nFetch as string or BigInt instead:\nhttps://docs.snowflake.com/en/developer-guide/node-js/nodejs-driver-consume#fetching-integer-data-types-as-bigint\nhttps://docs.snowflake.com/en/developer-guide/node-js/nodejs-driver-consume#fetching-data-types-as-strings\n\nThis will throw an error in future driver versions."}
{"level":"WARN","message":"[2:34:27.817 AM]: Query result precision loss detected when converting 2.96969696969697e+33 to a JavaScript Number.\n\nFetch as string or BigInt instead:\nhttps://docs.snowflake.com/en/developer-guide/node-js/nodejs-driver-consume#fetching-integer-data-types-as-bigint\nhttps://docs.snowflake.com/en/developer-guide/node-js/nodejs-driver-consume#fetching-data-types-as-strings\n\nThis will throw an error in future driver versions."}
{"level":"WARN","message":"[2:34:27.817 AM]: Query result precision loss detected when converting 4.94949494949495e+32 to a JavaScript Number.\n\nFetch as string or BigInt instead:\nhttps://docs.snowflake.com/en/developer-guide/node-js/nodejs-driver-consume#fetching-integer-data-types-as-bigint\nhttps://docs.snowflake.com/en/developer-guide/node-js/nodejs-driver-consume#fetching-data-types-as-strings\n\nThis will throw an error in future driver versions."}
{"level":"WARN","message":"[2:34:27.817 AM]: Query result precision loss detected when converting 3.26666666666667e+33 to a JavaScript Number.\n\nFetch as string or BigInt instead:\nhttps://docs.snowflake.com/en/developer-guide/node-js/nodejs-driver-consume#fetching-integer-data-types-as-bigint\nhttps://docs.snowflake.com/en/developer-guide/node-js/nodejs-driver-consume#fetching-data-types-as-strings\n\nThis will throw an error in future driver versions."}
{"level":"WARN","message":"[2:34:27.817 AM]: Query result precision loss detected when converting 3.95959595959596e+32 to a JavaScript Number.\n\nFetch as string or BigInt instead:\nhttps://docs.snowflake.com/en/developer-guide/node-js/nodejs-driver-consume#fetching-integer-data-types-as-bigint\nhttps://docs.snowflake.com/en/developer-guide/node-js/nodejs-driver-consume#fetching-data-types-as-strings\n\nThis will throw an error in future driver versions."}
{"level":"WARN","message":"[2:34:27.817 AM]: Query result precision loss detected when converting 2.37575757575758e+33 to a JavaScript Number.\n\nFetch as string or BigInt instead:\nhttps://docs.snowflake.com/en/developer-guide/node-js/nodejs-driver-consume#fetching-integer-data-types-as-bigint\nhttps://docs.snowflake.com/en/developer-guide/node-js/nodejs-driver-consume#fetching-data-types-as-strings\n\nThis will throw an error in future driver versions."}
{"level":"WARN","message":"[2:34:27.817 AM]: Query result precision loss detected when converting 3.26666666666667e+33 to a JavaScript Number.\n\nFetch as string or BigInt instead:\nhttps://docs.snowflake.com/en/developer-guide/node-js/nodejs-driver-consume#fetching-integer-data-types-as-bigint\nhttps://docs.snowflake.com/en/developer-guide/node-js/nodejs-driver-consume#fetching-data-types-as-strings\n\nThis will throw an error in future driver versions."}
{"level":"WARN","message":"[2:34:27.817 AM]: Query result precision loss detected when converting 3.95959595959596e+32 to a JavaScript Number.\n\nFetch as string or BigInt instead:\nhttps://docs.snowflake.com/en/developer-guide/node-js/nodejs-driver-consume#fetching-integer-data-types-as-bigint\nhttps://docs.snowflake.com/en/developer-guide/node-js/nodejs-driver-consume#fetching-data-types-as-strings\n\nThis will throw an error in future driver versions."}
{"level":"WARN","message":"[2:34:27.817 AM]: Query result precision loss detected when converting 3.46464646464647e+33 to a JavaScript Number.\n\nFetch as string or BigInt instead:\nhttps://docs.snowflake.com/en/developer-guide/node-js/nodejs-driver-consume#fetching-integer-data-types-as-bigint\nhttps://docs.snowflake.com/en/developer-guide/node-js/nodejs-driver-consume#fetching-data-types-as-strings\n\nThis will throw an error in future driver versions."}
{"level":"WARN","message":"[2:34:27.817 AM]: Query result precision loss detected when converting 4.94949494949495e+32 to a JavaScript Number.\n\nFetch as string or BigInt instead:\nhttps://docs.snowflake.com/en/developer-guide/node-js/nodejs-driver-consume#fetching-integer-data-types-as-bigint\nhttps://docs.snowflake.com/en/developer-guide/node-js/nodejs-driver-consume#fetching-data-types-as-strings\n\nThis will throw an error in future driver versions."}
{"level":"WARN","message":"[2:34:27.817 AM]: Query result precision loss detected when converting 2.96969696969697e+33 to a JavaScript Number.\n\nFetch as string or BigInt instead:\nhttps://docs.snowflake.com/en/developer-guide/node-js/nodejs-driver-consume#fetching-integer-data-types-as-bigint\nhttps://docs.snowflake.com/en/developer-guide/node-js/nodejs-driver-consume#fetching-data-types-as-strings\n\nThis will throw an error in future driver versions."}
{"level":"WARN","message":"[2:34:27.817 AM]: Query result precision loss detected when converting 1.97979797979798e+32 to a JavaScript Number.\n\nFetch as string or BigInt instead:\nhttps://docs.snowflake.com/en/developer-guide/node-js/nodejs-driver-consume#fetching-integer-data-types-as-bigint\nhttps://docs.snowflake.com/en/developer-guide/node-js/nodejs-driver-consume#fetching-data-types-as-strings\n\nThis will throw an error in future driver versions."}
{"level":"WARN","message":"[2:34:27.817 AM]: Query result precision loss detected when converting 4.94949494949495e+32 to a JavaScript Number.\n\nFetch as string or BigInt instead:\nhttps://docs.snowflake.com/en/developer-guide/node-js/nodejs-driver-consume#fetching-integer-data-types-as-bigint\nhttps://docs.snowflake.com/en/developer-guide/node-js/nodejs-driver-consume#fetching-data-types-as-strings\n\nThis will throw an error in future driver versions."}
{"level":"WARN","message":"[2:34:27.817 AM]: Query result precision loss detected when converting 9.8989898989899e+32 to a JavaScript Number.\n\nFetch as string or BigInt instead:\nhttps://docs.snowflake.com/en/developer-guide/node-js/nodejs-driver-consume#fetching-integer-data-types-as-bigint\nhttps://docs.snowflake.com/en/developer-guide/node-js/nodejs-driver-consume#fetching-data-types-as-strings\n\nThis will throw an error in future driver versions."}
{"level":"WARN","message":"[2:34:27.817 AM]: Query result precision loss detected when converting 6.92929292929293e+33 to a JavaScript Number.\n\nFetch as string or BigInt instead:\nhttps://docs.snowflake.com/en/developer-guide/node-js/nodejs-driver-consume#fetching-integer-data-types-as-bigint\nhttps://docs.snowflake.com/en/developer-guide/node-js/nodejs-driver-consume#fetching-data-types-as-strings\n\nThis will throw an error in future driver versions."}
{"level":"WARN","message":"[2:34:27.817 AM]: Query result precision loss detected when converting 6.92929292929293e+33 to a JavaScript Number.\n\nFetch as string or BigInt instead:\nhttps://docs.snowflake.com/en/developer-guide/node-js/nodejs-driver-consume#fetching-integer-data-types-as-bigint\nhttps://docs.snowflake.com/en/developer-guide/node-js/nodejs-driver-consume#fetching-data-types-as-strings\n\nThis will throw an error in future driver versions."}
{"level":"WARN","message":"[2:34:27.817 AM]: Query result precision loss detected when converting 4.94949494949495e+32 to a JavaScript Number.\n\nFetch as string or BigInt instead:\nhttps://docs.snowflake.com/en/developer-guide/node-js/nodejs-driver-consume#fetching-integer-data-types-as-bigint\nhttps://docs.snowflake.com/en/developer-guide/node-js/nodejs-driver-consume#fetching-data-types-as-strings\n\nThis will throw an error in future driver versions."}
{"level":"WARN","message":"[2:34:27.817 AM]: Query result precision loss detected when converting 1.97979797979798e+32 to a JavaScript Number.\n\nFetch as string or BigInt instead:\nhttps://docs.snowflake.com/en/developer-guide/node-js/nodejs-driver-consume#fetching-integer-data-types-as-bigint\nhttps://docs.snowflake.com/en/developer-guide/node-js/nodejs-driver-consume#fetching-data-types-as-strings\n\nThis will throw an error in future driver versions."}
{"level":"WARN","message":"[2:34:27.817 AM]: Query result precision loss detected when converting 1.18787878787879e+34 to a JavaScript Number.\n\nFetch as string or BigInt instead:\nhttps://docs.snowflake.com/en/developer-guide/node-js/nodejs-driver-consume#fetching-integer-data-types-as-bigint\nhttps://docs.snowflake.com/en/developer-guide/node-js/nodejs-driver-consume#fetching-data-types-as-strings\n\nThis will throw an error in future driver versions."}
{"level":"WARN","message":"[2:34:27.817 AM]: Query result precision loss detected when converting 2.17777777777778e+33 to a JavaScript Number.\n\nFetch as string or BigInt instead:\nhttps://docs.snowflake.com/en/developer-guide/node-js/nodejs-driver-consume#fetching-integer-data-types-as-bigint\nhttps://docs.snowflake.com/en/developer-guide/node-js/nodejs-driver-consume#fetching-data-types-as-strings\n\nThis will throw an error in future driver versions."}
{"level":"WARN","message":"[2:34:27.817 AM]: Query result precision loss detected when converting 8.90909090909091e+32 to a JavaScript Number.\n\nFetch as string or BigInt instead:\nhttps://docs.snowflake.com/en/developer-guide/node-js/nodejs-driver-consume#fetching-integer-data-types-as-bigint\nhttps://docs.snowflake.com/en/developer-guide/node-js/nodejs-driver-consume#fetching-data-types-as-strings\n\nThis will throw an error in future driver versions."}
{"level":"WARN","message":"[2:34:27.817 AM]: Query result precision loss detected when converting 2.17777777777778e+33 to a JavaScript Number.\n\nFetch as string or BigInt instead:\nhttps://docs.snowflake.com/en/developer-guide/node-js/nodejs-driver-consume#fetching-integer-data-types-as-bigint\nhttps://docs.snowflake.com/en/developer-guide/node-js/nodejs-driver-consume#fetching-data-types-as-strings\n\nThis will throw an error in future driver versions."}
{"level":"WARN","message":"[2:34:27.817 AM]: Query result precision loss detected when converting 3.46464646464647e+33 to a JavaScript Number.\n\nFetch as string or BigInt instead:\nhttps://docs.snowflake.com/en/developer-guide/node-js/nodejs-driver-consume#fetching-integer-data-types-as-bigint\nhttps://docs.snowflake.com/en/developer-guide/node-js/nodejs-driver-consume#fetching-data-types-as-strings\n\nThis will throw an error in future driver versions."}
{"level":"WARN","message":"[2:34:27.817 AM]: Query result precision loss detected when converting 4.94949494949495e+32 to a JavaScript Number.\n\nFetch as string or BigInt instead:\nhttps://docs.snowflake.com/en/developer-guide/node-js/nodejs-driver-consume#fetching-integer-data-types-as-bigint\nhttps://docs.snowflake.com/en/developer-guide/node-js/nodejs-driver-consume#fetching-data-types-as-strings\n\nThis will throw an error in future driver versions."}
{"level":"WARN","message":"[2:34:27.817 AM]: Query result precision loss detected when converting 3.46464646464647e+33 to a JavaScript Number.\n\nFetch as string or BigInt instead:\nhttps://docs.snowflake.com/en/developer-guide/node-js/nodejs-driver-consume#fetching-integer-data-types-as-bigint\nhttps://docs.snowflake.com/en/developer-guide/node-js/nodejs-driver-consume#fetching-data-types-as-strings\n\nThis will throw an error in future driver versions."}
{"level":"WARN","message":"[2:34:27.817 AM]: Query result precision loss detected when converting 2.17777777777778e+33 to a JavaScript Number.\n\nFetch as string or BigInt instead:\nhttps://docs.snowflake.com/en/developer-guide/node-js/nodejs-driver-consume#fetching-integer-data-types-as-bigint\nhttps://docs.snowflake.com/en/developer-guide/node-js/nodejs-driver-consume#fetching-data-types-as-strings\n\nThis will throw an error in future driver versions."}
{"level":"WARN","message":"[2:34:27.818 AM]: Query result precision loss detected when converting 2.37575757575758e+33 to a JavaScript Number.\n\nFetch as string or BigInt instead:\nhttps://docs.snowflake.com/en/developer-guide/node-js/nodejs-driver-consume#fetching-integer-data-types-as-bigint\nhttps://docs.snowflake.com/en/developer-guide/node-js/nodejs-driver-consume#fetching-data-types-as-strings\n\nThis will throw an error in future driver versions."}
{"level":"WARN","message":"[2:34:27.818 AM]: Query result precision loss detected when converting 3.95959595959596e+32 to a JavaScript Number.\n\nFetch as string or BigInt instead:\nhttps://docs.snowflake.com/en/developer-guide/node-js/nodejs-driver-consume#fetching-integer-data-types-as-bigint\nhttps://docs.snowflake.com/en/developer-guide/node-js/nodejs-driver-consume#fetching-data-types-as-strings\n\nThis will throw an error in future driver versions."}
{"level":"WARN","message":"[2:34:27.818 AM]: Query result precision loss detected when converting 3.26666666666667e+33 to a JavaScript Number.\n\nFetch as string or BigInt instead:\nhttps://docs.snowflake.com/en/developer-guide/node-js/nodejs-driver-consume#fetching-integer-data-types-as-bigint\nhttps://docs.snowflake.com/en/developer-guide/node-js/nodejs-driver-consume#fetching-data-types-as-strings\n\nThis will throw an error in future driver versions."}
{"level":"WARN","message":"[2:34:27.818 AM]: Query result precision loss detected when converting 3.95959595959596e+32 to a JavaScript Number.\n\nFetch as string or BigInt instead:\nhttps://docs.snowflake.com/en/developer-guide/node-js/nodejs-driver-consume#fetching-integer-data-types-as-bigint\nhttps://docs.snowflake.com/en/developer-guide/node-js/nodejs-driver-consume#fetching-data-types-as-strings\n\nThis will throw an error in future driver versions."}
{"level":"WARN","message":"[2:34:27.818 AM]: Query result precision loss detected when converting 1.97979797979798e+32 to a JavaScript Number.\n\nFetch as string or BigInt instead:\nhttps://docs.snowflake.com/en/developer-guide/node-js/nodejs-driver-consume#fetching-integer-data-types-as-bigint\nhttps://docs.snowflake.com/en/developer-guide/node-js/nodejs-driver-consume#fetching-data-types-as-strings\n\nThis will throw an error in future driver versions."}
{"level":"WARN","message":"[2:34:27.818 AM]: Query result precision loss detected when converting 4.94949494949495e+32 to a JavaScript Number.\n\nFetch as string or BigInt instead:\nhttps://docs.snowflake.com/en/developer-guide/node-js/nodejs-driver-consume#fetching-integer-data-types-as-bigint\nhttps://docs.snowflake.com/en/developer-guide/node-js/nodejs-driver-consume#fetching-data-types-as-strings\n\nThis will throw an error in future driver versions."}
{"level":"WARN","message":"[2:34:27.818 AM]: Query result precision loss detected when converting 2.87070707070707e+33 to a JavaScript Number.\n\nFetch as string or BigInt instead:\nhttps://docs.snowflake.com/en/developer-guide/node-js/nodejs-driver-consume#fetching-integer-data-types-as-bigint\nhttps://docs.snowflake.com/en/developer-guide/node-js/nodejs-driver-consume#fetching-data-types-as-strings\n\nThis will throw an error in future driver versions."}
{"level":"WARN","message":"[2:34:27.818 AM]: Query result precision loss detected when converting 3.46464646464647e+33 to a JavaScript Number.\n\nFetch as string or BigInt instead:\nhttps://docs.snowflake.com/en/developer-guide/node-js/nodejs-driver-consume#fetching-integer-data-types-as-bigint\nhttps://docs.snowflake.com/en/developer-guide/node-js/nodejs-driver-consume#fetching-data-types-as-strings\n\nThis will throw an error in future driver versions."}
{"level":"WARN","message":"[2:34:27.818 AM]: Query result precision loss detected when converting 2.87070707070707e+33 to a JavaScript Number.\n\nFetch as string or BigInt instead:\nhttps://docs.snowflake.com/en/developer-guide/node-js/nodejs-driver-consume#fetching-integer-data-types-as-bigint\nhttps://docs.snowflake.com/en/developer-guide/node-js/nodejs-driver-consume#fetching-data-types-as-strings\n\nThis will throw an error in future driver versions."}
{"level":"WARN","message":"[2:34:27.818 AM]: Query result precision loss detected when converting 4.94949494949495e+32 to a JavaScript Number.\n\nFetch as string or BigInt instead:\nhttps://docs.snowflake.com/en/developer-guide/node-js/nodejs-driver-consume#fetching-integer-data-types-as-bigint\nhttps://docs.snowflake.com/en/developer-guide/node-js/nodejs-driver-consume#fetching-data-types-as-strings\n\nThis will throw an error in future driver versions."}
{"level":"WARN","message":"[2:34:27.818 AM]: Query result precision loss detected when converting 1.97979797979798e+32 to a JavaScript Number.\n\nFetch as string or BigInt instead:\nhttps://docs.snowflake.com/en/developer-guide/node-js/nodejs-driver-consume#fetching-integer-data-types-as-bigint\nhttps://docs.snowflake.com/en/developer-guide/node-js/nodejs-driver-consume#fetching-data-types-as-strings\n\nThis will throw an error in future driver versions."}
{"level":"WARN","message":"[2:34:27.818 AM]: Query result precision loss detected when converting 3.46464646464647e+33 to a JavaScript Number.\n\nFetch as string or BigInt instead:\nhttps://docs.snowflake.com/en/developer-guide/node-js/nodejs-driver-consume#fetching-integer-data-types-as-bigint\nhttps://docs.snowflake.com/en/developer-guide/node-js/nodejs-driver-consume#fetching-data-types-as-strings\n\nThis will throw an error in future driver versions."}
{"level":"WARN","message":"[2:34:27.818 AM]: Query result precision loss detected when converting 1.97979797979798e+32 to a JavaScript Number.\n\nFetch as string or BigInt instead:\nhttps://docs.snowflake.com/en/developer-guide/node-js/nodejs-driver-consume#fetching-integer-data-types-as-bigint\nhttps://docs.snowflake.com/en/developer-guide/node-js/nodejs-driver-consume#fetching-data-types-as-strings\n\nThis will throw an error in future driver versions."}
{"level":"WARN","message":"[2:34:27.818 AM]: Query result precision loss detected when converting 4.94949494949495e+32 to a JavaScript Number.\n\nFetch as string or BigInt instead:\nhttps://docs.snowflake.com/en/developer-guide/node-js/nodejs-driver-consume#fetching-integer-data-types-as-bigint\nhttps://docs.snowflake.com/en/developer-guide/node-js/nodejs-driver-consume#fetching-data-types-as-strings\n\nThis will throw an error in future driver versions."}
{"level":"WARN","message":"[2:34:27.818 AM]: Query result precision loss detected when converting 3.46464646464647e+33 to a JavaScript Number.\n\nFetch as string or BigInt instead:\nhttps://docs.snowflake.com/en/developer-guide/node-js/nodejs-driver-consume#fetching-integer-data-types-as-bigint\nhttps://docs.snowflake.com/en/developer-guide/node-js/nodejs-driver-consume#fetching-data-types-as-strings\n\nThis will throw an error in future driver versions."}
{"level":"WARN","message":"[2:34:27.818 AM]: Query result precision loss detected when converting 1.18787878787879e+34 to a JavaScript Number.\n\nFetch as string or BigInt instead:\nhttps://docs.snowflake.com/en/developer-guide/node-js/nodejs-driver-consume#fetching-integer-data-types-as-bigint\nhttps://docs.snowflake.com/en/developer-guide/node-js/nodejs-driver-consume#fetching-data-types-as-strings\n\nThis will throw an error in future driver versions."}
{"level":"WARN","message":"[2:34:27.818 AM]: Query result precision loss detected when converting 2.17777777777778e+33 to a JavaScript Number.\n\nFetch as string or BigInt instead:\nhttps://docs.snowflake.com/en/developer-guide/node-js/nodejs-driver-consume#fetching-integer-data-types-as-bigint\nhttps://docs.snowflake.com/en/developer-guide/node-js/nodejs-driver-consume#fetching-data-types-as-strings\n\nThis will throw an error in future driver versions."}
{"level":"WARN","message":"[2:34:27.818 AM]: Query result precision loss detected when converting 4.94949494949495e+32 to a JavaScript Number.\n\nFetch as string or BigInt instead:\nhttps://docs.snowflake.com/en/developer-guide/node-js/nodejs-driver-consume#fetching-integer-data-types-as-bigint\nhttps://docs.snowflake.com/en/developer-guide/node-js/nodejs-driver-consume#fetching-data-types-as-strings\n\nThis will throw an error in future driver versions."}
{"level":"WARN","message":"[2:34:27.818 AM]: Query result precision loss detected when converting 9.8989898989899e+32 to a JavaScript Number.\n\nFetch as string or BigInt instead:\nhttps://docs.snowflake.com/en/developer-guide/node-js/nodejs-driver-consume#fetching-integer-data-types-as-bigint\nhttps://docs.snowflake.com/en/developer-guide/node-js/nodejs-driver-consume#fetching-data-types-as-strings\n\nThis will throw an error in future driver versions."}
{"level":"WARN","message":"[2:34:27.818 AM]: Query result precision loss detected when converting 2.17777777777778e+33 to a JavaScript Number.\n\nFetch as string or BigInt instead:\nhttps://docs.snowflake.com/en/developer-guide/node-js/nodejs-driver-consume#fetching-integer-data-types-as-bigint\nhttps://docs.snowflake.com/en/developer-guide/node-js/nodejs-driver-consume#fetching-data-types-as-strings\n\nThis will throw an error in future driver versions."}
{"level":"WARN","message":"[2:34:27.818 AM]: Query result precision loss detected when converting 4.94949494949495e+32 to a JavaScript Number.\n\nFetch as string or BigInt instead:\nhttps://docs.snowflake.com/en/developer-guide/node-js/nodejs-driver-consume#fetching-integer-data-types-as-bigint\nhttps://docs.snowflake.com/en/developer-guide/node-js/nodejs-driver-consume#fetching-data-types-as-strings\n\nThis will throw an error in future driver versions."}
{"level":"WARN","message":"[2:34:27.818 AM]: Query result precision loss detected when converting 9.8989898989899e+32 to a JavaScript Number.\n\nFetch as string or BigInt instead:\nhttps://docs.snowflake.com/en/developer-guide/node-js/nodejs-driver-consume#fetching-integer-data-types-as-bigint\nhttps://docs.snowflake.com/en/developer-guide/node-js/nodejs-driver-consume#fetching-data-types-as-strings\n\nThis will throw an error in future driver versions."}
{"level":"WARN","message":"[2:34:27.818 AM]: Query result precision loss detected when converting 7.91919191919192e+32 to a JavaScript Number.\n\nFetch as string or BigInt instead:\nhttps://docs.snowflake.com/en/developer-guide/node-js/nodejs-driver-consume#fetching-integer-data-types-as-bigint\nhttps://docs.snowflake.com/en/developer-guide/node-js/nodejs-driver-consume#fetching-data-types-as-strings\n\nThis will throw an error in future driver versions."}
{"level":"WARN","message":"[2:34:27.818 AM]: Query result precision loss detected when converting 2.17777777777778e+33 to a JavaScript Number.\n\nFetch as string or BigInt instead:\nhttps://docs.snowflake.com/en/developer-guide/node-js/nodejs-driver-consume#fetching-integer-data-types-as-bigint\nhttps://docs.snowflake.com/en/developer-guide/node-js/nodejs-driver-consume#fetching-data-types-as-strings\n\nThis will throw an error in future driver versions."}
{"level":"WARN","message":"[2:34:27.818 AM]: Query result precision loss detected when converting 3.46464646464647e+33 to a JavaScript Number.\n\nFetch as string or BigInt instead:\nhttps://docs.snowflake.com/en/developer-guide/node-js/nodejs-driver-consume#fetching-integer-data-types-as-bigint\nhttps://docs.snowflake.com/en/developer-guide/node-js/nodejs-driver-consume#fetching-data-types-as-strings\n\nThis will throw an error in future driver versions."}
{"level":"WARN","message":"[2:34:27.818 AM]: Query result precision loss detected when converting 3.46464646464647e+33 to a JavaScript Number.\n\nFetch as string or BigInt instead:\nhttps://docs.snowflake.com/en/developer-guide/node-js/nodejs-driver-consume#fetching-integer-data-types-as-bigint\nhttps://docs.snowflake.com/en/developer-guide/node-js/nodejs-driver-consume#fetching-data-types-as-strings\n\nThis will throw an error in future driver versions."}
{"level":"WARN","message":"[2:34:27.818 AM]: Query result precision loss detected when converting 2.02830303030303e+35 to a JavaScript Number.\n\nFetch as string or BigInt instead:\nhttps://docs.snowflake.com/en/developer-guide/node-js/nodejs-driver-consume#fetching-integer-data-types-as-bigint\nhttps://docs.snowflake.com/en/developer-guide/node-js/nodejs-driver-consume#fetching-data-types-as-strings\n\nThis will throw an error in future driver versions."}
{"level":"WARN","message":"[2:34:27.818 AM]: Query result precision loss detected when converting 2.1599595959596e+35 to a JavaScript Number.\n\nFetch as string or BigInt instead:\nhttps://docs.snowflake.com/en/developer-guide/node-js/nodejs-driver-consume#fetching-integer-data-types-as-bigint\nhttps://docs.snowflake.com/en/developer-guide/node-js/nodejs-driver-consume#fetching-data-types-as-strings\n\nThis will throw an error in future driver versions."}
{"level":"WARN","message":"[2:34:27.818 AM]: Query result precision loss detected when converting 2.1599595959596e+35 to a JavaScript Number.\n\nFetch as string or BigInt instead:\nhttps://docs.snowflake.com/en/developer-guide/node-js/nodejs-driver-consume#fetching-integer-data-types-as-bigint\nhttps://docs.snowflake.com/en/developer-guide/node-js/nodejs-driver-consume#fetching-data-types-as-strings\n\nThis will throw an error in future driver versions."}
{"level":"WARN","message":"[2:34:27.818 AM]: Query result precision loss detected when converting 7.75090909090909e+34 to a JavaScript Number.\n\nFetch as string or BigInt instead:\nhttps://docs.snowflake.com/en/developer-guide/node-js/nodejs-driver-consume#fetching-integer-data-types-as-bigint\nhttps://docs.snowflake.com/en/developer-guide/node-js/nodejs-driver-consume#fetching-data-types-as-strings\n\nThis will throw an error in future driver versions."}
{"level":"WARN","message":"[2:34:27.818 AM]: Query result precision loss detected when converting 2.02830303030303e+35 to a JavaScript Number.\n\nFetch as string or BigInt instead:\nhttps://docs.snowflake.com/en/developer-guide/node-js/nodejs-driver-consume#fetching-integer-data-types-as-bigint\nhttps://docs.snowflake.com/en/developer-guide/node-js/nodejs-driver-consume#fetching-data-types-as-strings\n\nThis will throw an error in future driver versions."}
{"level":"WARN","message":"[2:34:27.818 AM]: Query result precision loss detected when converting 2.02830303030303e+35 to a JavaScript Number.\n\nFetch as string or BigInt instead:\nhttps://docs.snowflake.com/en/developer-guide/node-js/nodejs-driver-consume#fetching-integer-data-types-as-bigint\nhttps://docs.snowflake.com/en/developer-guide/node-js/nodejs-driver-consume#fetching-data-types-as-strings\n\nThis will throw an error in future driver versions."}
{"level":"WARN","message":"[2:34:27.818 AM]: Query result precision loss detected when converting 7.75090909090909e+34 to a JavaScript Number.\n\nFetch as string or BigInt instead:\nhttps://docs.snowflake.com/en/developer-guide/node-js/nodejs-driver-consume#fetching-integer-data-types-as-bigint\nhttps://docs.snowflake.com/en/developer-guide/node-js/nodejs-driver-consume#fetching-data-types-as-strings\n\nThis will throw an error in future driver versions."}
{"level":"WARN","message":"[2:34:27.818 AM]: Query result precision loss detected when converting 7.75090909090909e+34 to a JavaScript Number.\n\nFetch as string or BigInt instead:\nhttps://docs.snowflake.com/en/developer-guide/node-js/nodejs-driver-consume#fetching-integer-data-types-as-bigint\nhttps://docs.snowflake.com/en/developer-guide/node-js/nodejs-driver-consume#fetching-data-types-as-strings\n\nThis will throw an error in future driver versions."}
{"level":"WARN","message":"[2:34:27.818 AM]: Query result precision loss detected when converting 7.75090909090909e+34 to a JavaScript Number.\n\nFetch as string or BigInt instead:\nhttps://docs.snowflake.com/en/developer-guide/node-js/nodejs-driver-consume#fetching-integer-data-types-as-bigint\nhttps://docs.snowflake.com/en/developer-guide/node-js/nodejs-driver-consume#fetching-data-types-as-strings\n\nThis will throw an error in future driver versions."}
{"level":"WARN","message":"[2:34:27.818 AM]: Query result precision loss detected when converting 2.02830303030303e+35 to a JavaScript Number.\n\nFetch as string or BigInt instead:\nhttps://docs.snowflake.com/en/developer-guide/node-js/nodejs-driver-consume#fetching-integer-data-types-as-bigint\nhttps://docs.snowflake.com/en/developer-guide/node-js/nodejs-driver-consume#fetching-data-types-as-strings\n\nThis will throw an error in future driver versions."}
{"level":"WARN","message":"[2:34:27.818 AM]: Query result precision loss detected when converting 2.05008080808081e+35 to a JavaScript Number.\n\nFetch as string or BigInt instead:\nhttps://docs.snowflake.com/en/developer-guide/node-js/nodejs-driver-consume#fetching-integer-data-types-as-bigint\nhttps://docs.snowflake.com/en/developer-guide/node-js/nodejs-driver-consume#fetching-data-types-as-strings\n\nThis will throw an error in future driver versions."}
{"level":"WARN","message":"[2:34:27.818 AM]: Query result precision loss detected when converting 2.05008080808081e+35 to a JavaScript Number.\n\nFetch as string or BigInt instead:\nhttps://docs.snowflake.com/en/developer-guide/node-js/nodejs-driver-consume#fetching-integer-data-types-as-bigint\nhttps://docs.snowflake.com/en/developer-guide/node-js/nodejs-driver-consume#fetching-data-types-as-strings\n\nThis will throw an error in future driver versions."}
{"level":"WARN","message":"[2:34:27.818 AM]: Query result precision loss detected when converting 2.1599595959596e+35 to a JavaScript Number.\n\nFetch as string or BigInt instead:\nhttps://docs.snowflake.com/en/developer-guide/node-js/nodejs-driver-consume#fetching-integer-data-types-as-bigint\nhttps://docs.snowflake.com/en/developer-guide/node-js/nodejs-driver-consume#fetching-data-types-as-strings\n\nThis will throw an error in future driver versions."}
{"level":"WARN","message":"[2:34:27.818 AM]: Query result precision loss detected when converting 2.1599595959596e+35 to a JavaScript Number.\n\nFetch as string or BigInt instead:\nhttps://docs.snowflake.com/en/developer-guide/node-js/nodejs-driver-consume#fetching-integer-data-types-as-bigint\nhttps://docs.snowflake.com/en/developer-guide/node-js/nodejs-driver-consume#fetching-data-types-as-strings\n\nThis will throw an error in future driver versions."}
{"level":"WARN","message":"[2:34:27.818 AM]: Query result precision loss detected when converting 9.8989898989899e+34 to a JavaScript Number.\n\nFetch as string or BigInt instead:\nhttps://docs.snowflake.com/en/developer-guide/node-js/nodejs-driver-consume#fetching-integer-data-types-as-bigint\nhttps://docs.snowflake.com/en/developer-guide/node-js/nodejs-driver-consume#fetching-data-types-as-strings\n\nThis will throw an error in future driver versions."}
{"level":"WARN","message":"[2:34:27.818 AM]: Query result precision loss detected when converting 2.05008080808081e+35 to a JavaScript Number.\n\nFetch as string or BigInt instead:\nhttps://docs.snowflake.com/en/developer-guide/node-js/nodejs-driver-consume#fetching-integer-data-types-as-bigint\nhttps://docs.snowflake.com/en/developer-guide/node-js/nodejs-driver-consume#fetching-data-types-as-strings\n\nThis will throw an error in future driver versions."}
{"level":"WARN","message":"[2:34:27.818 AM]: Query result precision loss detected when converting 2.02830303030303e+35 to a JavaScript Number.\n\nFetch as string or BigInt instead:\nhttps://docs.snowflake.com/en/developer-guide/node-js/nodejs-driver-consume#fetching-integer-data-types-as-bigint\nhttps://docs.snowflake.com/en/developer-guide/node-js/nodejs-driver-consume#fetching-data-types-as-strings\n\nThis will throw an error in future driver versions."}
{"level":"WARN","message":"[2:34:27.818 AM]: Query result precision loss detected when converting 7.75090909090909e+34 to a JavaScript Number.\n\nFetch as string or BigInt instead:\nhttps://docs.snowflake.com/en/developer-guide/node-js/nodejs-driver-consume#fetching-integer-data-types-as-bigint\nhttps://docs.snowflake.com/en/developer-guide/node-js/nodejs-driver-consume#fetching-data-types-as-strings\n\nThis will throw an error in future driver versions."}
{"level":"WARN","message":"[2:34:27.818 AM]: Query result precision loss detected when converting 7.75090909090909e+34 to a JavaScript Number.\n\nFetch as string or BigInt instead:\nhttps://docs.snowflake.com/en/developer-guide/node-js/nodejs-driver-consume#fetching-integer-data-types-as-bigint\nhttps://docs.snowflake.com/en/developer-guide/node-js/nodejs-driver-consume#fetching-data-types-as-strings\n\nThis will throw an error in future driver versions."}
{"level":"WARN","message":"[2:34:27.818 AM]: Query result precision loss detected when converting 2.1599595959596e+35 to a JavaScript Number.\n\nFetch as string or BigInt instead:\nhttps://docs.snowflake.com/en/developer-guide/node-js/nodejs-driver-consume#fetching-integer-data-types-as-bigint\nhttps://docs.snowflake.com/en/developer-guide/node-js/nodejs-driver-consume#fetching-data-types-as-strings\n\nThis will throw an error in future driver versions."}
{"level":"WARN","message":"[2:34:27.818 AM]: Query result precision loss detected when converting 7.75090909090909e+34 to a JavaScript Number.\n\nFetch as string or BigInt instead:\nhttps://docs.snowflake.com/en/developer-guide/node-js/nodejs-driver-consume#fetching-integer-data-types-as-bigint\nhttps://docs.snowflake.com/en/developer-guide/node-js/nodejs-driver-consume#fetching-data-types-as-strings\n\nThis will throw an error in future driver versions."}
{"level":"WARN","message":"[2:34:27.818 AM]: Query result precision loss detected when converting 2.05008080808081e+35 to a JavaScript Number.\n\nFetch as string or BigInt instead:\nhttps://docs.snowflake.com/en/developer-guide/node-js/nodejs-driver-consume#fetching-integer-data-types-as-bigint\nhttps://docs.snowflake.com/en/developer-guide/node-js/nodejs-driver-consume#fetching-data-types-as-strings\n\nThis will throw an error in future driver versions."}
{"level":"WARN","message":"[2:34:27.818 AM]: Query result precision loss detected when converting 2.02830303030303e+35 to a JavaScript Number.\n\nFetch as string or BigInt instead:\nhttps://docs.snowflake.com/en/developer-guide/node-js/nodejs-driver-consume#fetching-integer-data-types-as-bigint\nhttps://docs.snowflake.com/en/developer-guide/node-js/nodejs-driver-consume#fetching-data-types-as-strings\n\nThis will throw an error in future driver versions."}
{"level":"WARN","message":"[2:34:27.818 AM]: Query result precision loss detected when converting 2.05008080808081e+35 to a JavaScript Number.\n\nFetch as string or BigInt instead:\nhttps://docs.snowflake.com/en/developer-guide/node-js/nodejs-driver-consume#fetching-integer-data-types-as-bigint\nhttps://docs.snowflake.com/en/developer-guide/node-js/nodejs-driver-consume#fetching-data-types-as-strings\n\nThis will throw an error in future driver versions."}
{"level":"WARN","message":"[2:34:27.818 AM]: Query result precision loss detected when converting 2.05008080808081e+35 to a JavaScript Number.\n\nFetch as string or BigInt instead:\nhttps://docs.snowflake.com/en/developer-guide/node-js/nodejs-driver-consume#fetching-integer-data-types-as-bigint\nhttps://docs.snowflake.com/en/developer-guide/node-js/nodejs-driver-consume#fetching-data-types-as-strings\n\nThis will throw an error in future driver versions."}
{"level":"WARN","message":"[2:34:27.818 AM]: Query result precision loss detected when converting 2.1599595959596e+35 to a JavaScript Number.\n\nFetch as string or BigInt instead:\nhttps://docs.snowflake.com/en/developer-guide/node-js/nodejs-driver-consume#fetching-integer-data-types-as-bigint\nhttps://docs.snowflake.com/en/developer-guide/node-js/nodejs-driver-consume#fetching-data-types-as-strings\n\nThis will throw an error in future driver versions."}
{"level":"WARN","message":"[2:34:27.818 AM]: Query result precision loss detected when converting 7.75090909090909e+34 to a JavaScript Number.\n\nFetch as string or BigInt instead:\nhttps://docs.snowflake.com/en/developer-guide/node-js/nodejs-driver-consume#fetching-integer-data-types-as-bigint\nhttps://docs.snowflake.com/en/developer-guide/node-js/nodejs-driver-consume#fetching-data-types-as-strings\n\nThis will throw an error in future driver versions."}
{"level":"WARN","message":"[2:34:27.818 AM]: Query result precision loss detected when converting 9.8989898989899e+34 to a JavaScript Number.\n\nFetch as string or BigInt instead:\nhttps://docs.snowflake.com/en/developer-guide/node-js/nodejs-driver-consume#fetching-integer-data-types-as-bigint\nhttps://docs.snowflake.com/en/developer-guide/node-js/nodejs-driver-consume#fetching-data-types-as-strings\n\nThis will throw an error in future driver versions."}
{"level":"WARN","message":"[2:34:27.818 AM]: Query result precision loss detected when converting 2.05008080808081e+35 to a JavaScript Number.\n\nFetch as string or BigInt instead:\nhttps://docs.snowflake.com/en/developer-guide/node-js/nodejs-driver-consume#fetching-integer-data-types-as-bigint\nhttps://docs.snowflake.com/en/developer-guide/node-js/nodejs-driver-consume#fetching-data-types-as-strings\n\nThis will throw an error in future driver versions."}
{"level":"WARN","message":"[2:34:27.818 AM]: Query result precision loss detected when converting 2.41832323232323e+35 to a JavaScript Number.\n\nFetch as string or BigInt instead:\nhttps://docs.snowflake.com/en/developer-guide/node-js/nodejs-driver-consume#fetching-integer-data-types-as-bigint\nhttps://docs.snowflake.com/en/developer-guide/node-js/nodejs-driver-consume#fetching-data-types-as-strings\n\nThis will throw an error in future driver versions."}
{"level":"WARN","message":"[2:34:27.818 AM]: Query result precision loss detected when converting 2.41832323232323e+35 to a JavaScript Number.\n\nFetch as string or BigInt instead:\nhttps://docs.snowflake.com/en/developer-guide/node-js/nodejs-driver-consume#fetching-integer-data-types-as-bigint\nhttps://docs.snowflake.com/en/developer-guide/node-js/nodejs-driver-consume#fetching-data-types-as-strings\n\nThis will throw an error in future driver versions."}
{"level":"WARN","message":"[2:34:27.818 AM]: Query result precision loss detected when converting 2.1599595959596e+35 to a JavaScript Number.\n\nFetch as string or BigInt instead:\nhttps://docs.snowflake.com/en/developer-guide/node-js/nodejs-driver-consume#fetching-integer-data-types-as-bigint\nhttps://docs.snowflake.com/en/developer-guide/node-js/nodejs-driver-consume#fetching-data-types-as-strings\n\nThis will throw an error in future driver versions."}
{"level":"WARN","message":"[2:34:27.818 AM]: Query result precision loss detected when converting 9.8989898989899e+34 to a JavaScript Number.\n\nFetch as string or BigInt instead:\nhttps://docs.snowflake.com/en/developer-guide/node-js/nodejs-driver-consume#fetching-integer-data-types-as-bigint\nhttps://docs.snowflake.com/en/developer-guide/node-js/nodejs-driver-consume#fetching-data-types-as-strings\n\nThis will throw an error in future driver versions."}
{"level":"WARN","message":"[2:34:27.818 AM]: Query result precision loss detected when converting 2.1599595959596e+35 to a JavaScript Number.\n\nFetch as string or BigInt instead:\nhttps://docs.snowflake.com/en/developer-guide/node-js/nodejs-driver-consume#fetching-integer-data-types-as-bigint\nhttps://docs.snowflake.com/en/developer-guide/node-js/nodejs-driver-consume#fetching-data-types-as-strings\n\nThis will throw an error in future driver versions."}
{"level":"WARN","message":"[2:34:27.818 AM]: Query result precision loss detected when converting 7.75090909090909e+34 to a JavaScript Number.\n\nFetch as string or BigInt instead:\nhttps://docs.snowflake.com/en/developer-guide/node-js/nodejs-driver-consume#fetching-integer-data-types-as-bigint\nhttps://docs.snowflake.com/en/developer-guide/node-js/nodejs-driver-consume#fetching-data-types-as-strings\n\nThis will throw an error in future driver versions."}
{"level":"WARN","message":"[2:34:27.818 AM]: Query result precision loss detected when converting 2.1599595959596e+35 to a JavaScript Number.\n\nFetch as string or BigInt instead:\nhttps://docs.snowflake.com/en/developer-guide/node-js/nodejs-driver-consume#fetching-integer-data-types-as-bigint\nhttps://docs.snowflake.com/en/developer-guide/node-js/nodejs-driver-consume#fetching-data-types-as-strings\n\nThis will throw an error in future driver versions."}
{"level":"WARN","message":"[2:34:27.818 AM]: Query result precision loss detected when converting 2.1599595959596e+35 to a JavaScript Number.\n\nFetch as string or BigInt instead:\nhttps://docs.snowflake.com/en/developer-guide/node-js/nodejs-driver-consume#fetching-integer-data-types-as-bigint\nhttps://docs.snowflake.com/en/developer-guide/node-js/nodejs-driver-consume#fetching-data-types-as-strings\n\nThis will throw an error in future driver versions."}
{"level":"WARN","message":"[2:34:27.818 AM]: Query result precision loss detected when converting 2.1599595959596e+35 to a JavaScript Number.\n\nFetch as string or BigInt instead:\nhttps://docs.snowflake.com/en/developer-guide/node-js/nodejs-driver-consume#fetching-integer-data-types-as-bigint\nhttps://docs.snowflake.com/en/developer-guide/node-js/nodejs-driver-consume#fetching-data-types-as-strings\n\nThis will throw an error in future driver versions."}
{"level":"WARN","message":"[2:34:27.818 AM]: Query result precision loss detected when converting 2.1599595959596e+35 to a JavaScript Number.\n\nFetch as string or BigInt instead:\nhttps://docs.snowflake.com/en/developer-guide/node-js/nodejs-driver-consume#fetching-integer-data-types-as-bigint\nhttps://docs.snowflake.com/en/developer-guide/node-js/nodejs-driver-consume#fetching-data-types-as-strings\n\nThis will throw an error in future driver versions."}
{"level":"WARN","message":"[2:34:27.818 AM]: Query result precision loss detected when converting 2.1599595959596e+35 to a JavaScript Number.\n\nFetch as string or BigInt instead:\nhttps://docs.snowflake.com/en/developer-guide/node-js/nodejs-driver-consume#fetching-integer-data-types-as-bigint\nhttps://docs.snowflake.com/en/developer-guide/node-js/nodejs-driver-consume#fetching-data-types-as-strings\n\nThis will throw an error in future driver versions."}
{"level":"WARN","message":"[2:34:27.818 AM]: Query result precision loss detected when converting 2.05008080808081e+35 to a JavaScript Number.\n\nFetch as string or BigInt instead:\nhttps://docs.snowflake.com/en/developer-guide/node-js/nodejs-driver-consume#fetching-integer-data-types-as-bigint\nhttps://docs.snowflake.com/en/developer-guide/node-js/nodejs-driver-consume#fetching-data-types-as-strings\n\nThis will throw an error in future driver versions."}
{"level":"WARN","message":"[2:34:27.818 AM]: Query result precision loss detected when converting 2.05008080808081e+35 to a JavaScript Number.\n\nFetch as string or BigInt instead:\nhttps://docs.snowflake.com/en/developer-guide/node-js/nodejs-driver-consume#fetching-integer-data-types-as-bigint\nhttps://docs.snowflake.com/en/developer-guide/node-js/nodejs-driver-consume#fetching-data-types-as-strings\n\nThis will throw an error in future driver versions."}
{"level":"WARN","message":"[2:34:27.818 AM]: Query result precision loss detected when converting 1.68381818181818e+35 to a JavaScript Number.\n\nFetch as string or BigInt instead:\nhttps://docs.snowflake.com/en/developer-guide/node-js/nodejs-driver-consume#fetching-integer-data-types-as-bigint\nhttps://docs.snowflake.com/en/developer-guide/node-js/nodejs-driver-consume#fetching-data-types-as-strings\n\nThis will throw an error in future driver versions."}
{"level":"WARN","message":"[2:34:27.818 AM]: Query result precision loss detected when converting 3.46464646464647e+33 to a JavaScript Number.\n\nFetch as string or BigInt instead:\nhttps://docs.snowflake.com/en/developer-guide/node-js/nodejs-driver-consume#fetching-integer-data-types-as-bigint\nhttps://docs.snowflake.com/en/developer-guide/node-js/nodejs-driver-consume#fetching-data-types-as-strings\n\nThis will throw an error in future driver versions."}
{"level":"WARN","message":"[2:34:27.818 AM]: Query result precision loss detected when converting 8.90909090909091e+32 to a JavaScript Number.\n\nFetch as string or BigInt instead:\nhttps://docs.snowflake.com/en/developer-guide/node-js/nodejs-driver-consume#fetching-integer-data-types-as-bigint\nhttps://docs.snowflake.com/en/developer-guide/node-js/nodejs-driver-consume#fetching-data-types-as-strings\n\nThis will throw an error in future driver versions."}
{"level":"WARN","message":"[2:34:27.818 AM]: Query result precision loss detected when converting 1.68381818181818e+35 to a JavaScript Number.\n\nFetch as string or BigInt instead:\nhttps://docs.snowflake.com/en/developer-guide/node-js/nodejs-driver-consume#fetching-integer-data-types-as-bigint\nhttps://docs.snowflake.com/en/developer-guide/node-js/nodejs-driver-consume#fetching-data-types-as-strings\n\nThis will throw an error in future driver versions."}
{"level":"WARN","message":"[2:34:27.818 AM]: Query result precision loss detected when converting 4.94949494949495e+32 to a JavaScript Number.\n\nFetch as string or BigInt instead:\nhttps://docs.snowflake.com/en/developer-guide/node-js/nodejs-driver-consume#fetching-integer-data-types-as-bigint\nhttps://docs.snowflake.com/en/developer-guide/node-js/nodejs-driver-consume#fetching-data-types-as-strings\n\nThis will throw an error in future driver versions."}
{"level":"WARN","message":"[2:34:27.818 AM]: Query result precision loss detected when converting 2.37575757575758e+33 to a JavaScript Number.\n\nFetch as string or BigInt instead:\nhttps://docs.snowflake.com/en/developer-guide/node-js/nodejs-driver-consume#fetching-integer-data-types-as-bigint\nhttps://docs.snowflake.com/en/developer-guide/node-js/nodejs-driver-consume#fetching-data-types-as-strings\n\nThis will throw an error in future driver versions."}
{"level":"WARN","message":"[2:34:27.818 AM]: Query result precision loss detected when converting 8.90909090909091e+32 to a JavaScript Number.\n\nFetch as string or BigInt instead:\nhttps://docs.snowflake.com/en/developer-guide/node-js/nodejs-driver-consume#fetching-integer-data-types-as-bigint\nhttps://docs.snowflake.com/en/developer-guide/node-js/nodejs-driver-consume#fetching-data-types-as-strings\n\nThis will throw an error in future driver versions."}
{"level":"WARN","message":"[2:34:27.818 AM]: Query result precision loss detected when converting 2.27181818181818e+35 to a JavaScript Number.\n\nFetch as string or BigInt instead:\nhttps://docs.snowflake.com/en/developer-guide/node-js/nodejs-driver-consume#fetching-integer-data-types-as-bigint\nhttps://docs.snowflake.com/en/developer-guide/node-js/nodejs-driver-consume#fetching-data-types-as-strings\n\nThis will throw an error in future driver versions."}
{"level":"WARN","message":"[2:34:27.818 AM]: Query result precision loss detected when converting 2.17777777777778e+33 to a JavaScript Number.\n\nFetch as string or BigInt instead:\nhttps://docs.snowflake.com/en/developer-guide/node-js/nodejs-driver-consume#fetching-integer-data-types-as-bigint\nhttps://docs.snowflake.com/en/developer-guide/node-js/nodejs-driver-consume#fetching-data-types-as-strings\n\nThis will throw an error in future driver versions."}
{"level":"WARN","message":"[2:34:27.818 AM]: Query result precision loss detected when converting 2.47474747474748e+33 to a JavaScript Number.\n\nFetch as string or BigInt instead:\nhttps://docs.snowflake.com/en/developer-guide/node-js/nodejs-driver-consume#fetching-integer-data-types-as-bigint\nhttps://docs.snowflake.com/en/developer-guide/node-js/nodejs-driver-consume#fetching-data-types-as-strings\n\nThis will throw an error in future driver versions."}
{"level":"WARN","message":"[2:34:27.818 AM]: Query result precision loss detected when converting 5.34545454545455e+33 to a JavaScript Number.\n\nFetch as string or BigInt instead:\nhttps://docs.snowflake.com/en/developer-guide/node-js/nodejs-driver-consume#fetching-integer-data-types-as-bigint\nhttps://docs.snowflake.com/en/developer-guide/node-js/nodejs-driver-consume#fetching-data-types-as-strings\n\nThis will throw an error in future driver versions."}
{"level":"WARN","message":"[2:34:27.818 AM]: Query result precision loss detected when converting 8.90909090909091e+32 to a JavaScript Number.\n\nFetch as string or BigInt instead:\nhttps://docs.snowflake.com/en/developer-guide/node-js/nodejs-driver-consume#fetching-integer-data-types-as-bigint\nhttps://docs.snowflake.com/en/developer-guide/node-js/nodejs-driver-consume#fetching-data-types-as-strings\n\nThis will throw an error in future driver versions."}
{"level":"WARN","message":"[2:34:27.818 AM]: Query result precision loss detected when converting 2.47474747474748e+33 to a JavaScript Number.\n\nFetch as string or BigInt instead:\nhttps://docs.snowflake.com/en/developer-guide/node-js/nodejs-driver-consume#fetching-integer-data-types-as-bigint\nhttps://docs.snowflake.com/en/developer-guide/node-js/nodejs-driver-consume#fetching-data-types-as-strings\n\nThis will throw an error in future driver versions."}
{"level":"WARN","message":"[2:34:27.818 AM]: Query result precision loss detected when converting 3.95959595959596e+32 to a JavaScript Number.\n\nFetch as string or BigInt instead:\nhttps://docs.snowflake.com/en/developer-guide/node-js/nodejs-driver-consume#fetching-integer-data-types-as-bigint\nhttps://docs.snowflake.com/en/developer-guide/node-js/nodejs-driver-consume#fetching-data-types-as-strings\n\nThis will throw an error in future driver versions."}
{"level":"WARN","message":"[2:34:27.818 AM]: Query result precision loss detected when converting 1.18787878787879e+34 to a JavaScript Number.\n\nFetch as string or BigInt instead:\nhttps://docs.snowflake.com/en/developer-guide/node-js/nodejs-driver-consume#fetching-integer-data-types-as-bigint\nhttps://docs.snowflake.com/en/developer-guide/node-js/nodejs-driver-consume#fetching-data-types-as-strings\n\nThis will throw an error in future driver versions."}
{"level":"WARN","message":"[2:34:27.818 AM]: Query result precision loss detected when converting 2.47474747474748e+33 to a JavaScript Number.\n\nFetch as string or BigInt instead:\nhttps://docs.snowflake.com/en/developer-guide/node-js/nodejs-driver-consume#fetching-integer-data-types-as-bigint\nhttps://docs.snowflake.com/en/developer-guide/node-js/nodejs-driver-consume#fetching-data-types-as-strings\n\nThis will throw an error in future driver versions."}
{"level":"WARN","message":"[2:34:27.818 AM]: Query result precision loss detected when converting 2.96969696969697e+33 to a JavaScript Number.\n\nFetch as string or BigInt instead:\nhttps://docs.snowflake.com/en/developer-guide/node-js/nodejs-driver-consume#fetching-integer-data-types-as-bigint\nhttps://docs.snowflake.com/en/developer-guide/node-js/nodejs-driver-consume#fetching-data-types-as-strings\n\nThis will throw an error in future driver versions."}
{"level":"WARN","message":"[2:34:27.818 AM]: Query result precision loss detected when converting 4.94949494949495e+32 to a JavaScript Number.\n\nFetch as string or BigInt instead:\nhttps://docs.snowflake.com/en/developer-guide/node-js/nodejs-driver-consume#fetching-integer-data-types-as-bigint\nhttps://docs.snowflake.com/en/developer-guide/node-js/nodejs-driver-consume#fetching-data-types-as-strings\n\nThis will throw an error in future driver versions."}
{"level":"WARN","message":"[2:34:27.818 AM]: Query result precision loss detected when converting 3.46464646464647e+33 to a JavaScript Number.\n\nFetch as string or BigInt instead:\nhttps://docs.snowflake.com/en/developer-guide/node-js/nodejs-driver-consume#fetching-integer-data-types-as-bigint\nhttps://docs.snowflake.com/en/developer-guide/node-js/nodejs-driver-consume#fetching-data-types-as-strings\n\nThis will throw an error in future driver versions."}
{"level":"WARN","message":"[2:34:27.818 AM]: Query result precision loss detected when converting 3.95959595959596e+32 to a JavaScript Number.\n\nFetch as string or BigInt instead:\nhttps://docs.snowflake.com/en/developer-guide/node-js/nodejs-driver-consume#fetching-integer-data-types-as-bigint\nhttps://docs.snowflake.com/en/developer-guide/node-js/nodejs-driver-consume#fetching-data-types-as-strings\n\nThis will throw an error in future driver versions."}
{"level":"WARN","message":"[2:34:27.819 AM]: Query result precision loss detected when converting 8.90909090909091e+32 to a JavaScript Number.\n\nFetch as string or BigInt instead:\nhttps://docs.snowflake.com/en/developer-guide/node-js/nodejs-driver-consume#fetching-integer-data-types-as-bigint\nhttps://docs.snowflake.com/en/developer-guide/node-js/nodejs-driver-consume#fetching-data-types-as-strings\n\nThis will throw an error in future driver versions."}
{"level":"WARN","message":"[2:34:27.819 AM]: Query result precision loss detected when converting 3.46464646464647e+33 to a JavaScript Number.\n\nFetch as string or BigInt instead:\nhttps://docs.snowflake.com/en/developer-guide/node-js/nodejs-driver-consume#fetching-integer-data-types-as-bigint\nhttps://docs.snowflake.com/en/developer-guide/node-js/nodejs-driver-consume#fetching-data-types-as-strings\n\nThis will throw an error in future driver versions."}
{"level":"WARN","message":"[2:34:27.819 AM]: Query result precision loss detected when converting 8.90909090909091e+32 to a JavaScript Number.\n\nFetch as string or BigInt instead:\nhttps://docs.snowflake.com/en/developer-guide/node-js/nodejs-driver-consume#fetching-integer-data-types-as-bigint\nhttps://docs.snowflake.com/en/developer-guide/node-js/nodejs-driver-consume#fetching-data-types-as-strings\n\nThis will throw an error in future driver versions."}
{"level":"WARN","message":"[2:34:27.819 AM]: Query result precision loss detected when converting 4.94949494949495e+32 to a JavaScript Number.\n\nFetch as string or BigInt instead:\nhttps://docs.snowflake.com/en/developer-guide/node-js/nodejs-driver-consume#fetching-integer-data-types-as-bigint\nhttps://docs.snowflake.com/en/developer-guide/node-js/nodejs-driver-consume#fetching-data-types-as-strings\n\nThis will throw an error in future driver versions."}
{"level":"WARN","message":"[2:34:27.819 AM]: Query result precision loss detected when converting 3.46464646464647e+33 to a JavaScript Number.\n\nFetch as string or BigInt instead:\nhttps://docs.snowflake.com/en/developer-guide/node-js/nodejs-driver-consume#fetching-integer-data-types-as-bigint\nhttps://docs.snowflake.com/en/developer-guide/node-js/nodejs-driver-consume#fetching-data-types-as-strings\n\nThis will throw an error in future driver versions."}
{"level":"WARN","message":"[2:34:27.819 AM]: Query result precision loss detected when converting 4.94949494949495e+33 to a JavaScript Number.\n\nFetch as string or BigInt instead:\nhttps://docs.snowflake.com/en/developer-guide/node-js/nodejs-driver-consume#fetching-integer-data-types-as-bigint\nhttps://docs.snowflake.com/en/developer-guide/node-js/nodejs-driver-consume#fetching-data-types-as-strings\n\nThis will throw an error in future driver versions."}
{"level":"WARN","message":"[2:34:27.819 AM]: Query result precision loss detected when converting 4.94949494949495e+33 to a JavaScript Number.\n\nFetch as string or BigInt instead:\nhttps://docs.snowflake.com/en/developer-guide/node-js/nodejs-driver-consume#fetching-integer-data-types-as-bigint\nhttps://docs.snowflake.com/en/developer-guide/node-js/nodejs-driver-consume#fetching-data-types-as-strings\n\nThis will throw an error in future driver versions."}
{"level":"WARN","message":"[2:34:27.819 AM]: Query result precision loss detected when converting 3.95959595959596e+32 to a JavaScript Number.\n\nFetch as string or BigInt instead:\nhttps://docs.snowflake.com/en/developer-guide/node-js/nodejs-driver-consume#fetching-integer-data-types-as-bigint\nhttps://docs.snowflake.com/en/developer-guide/node-js/nodejs-driver-consume#fetching-data-types-as-strings\n\nThis will throw an error in future driver versions."}
{"level":"WARN","message":"[2:34:27.819 AM]: Query result precision loss detected when converting 2.37575757575758e+33 to a JavaScript Number.\n\nFetch as string or BigInt instead:\nhttps://docs.snowflake.com/en/developer-guide/node-js/nodejs-driver-consume#fetching-integer-data-types-as-bigint\nhttps://docs.snowflake.com/en/developer-guide/node-js/nodejs-driver-consume#fetching-data-types-as-strings\n\nThis will throw an error in future driver versions."}
{"level":"WARN","message":"[2:34:27.819 AM]: Query result precision loss detected when converting 7.91919191919192e+32 to a JavaScript Number.\n\nFetch as string or BigInt instead:\nhttps://docs.snowflake.com/en/developer-guide/node-js/nodejs-driver-consume#fetching-integer-data-types-as-bigint\nhttps://docs.snowflake.com/en/developer-guide/node-js/nodejs-driver-consume#fetching-data-types-as-strings\n\nThis will throw an error in future driver versions."}
{"level":"WARN","message":"[2:34:27.819 AM]: Query result precision loss detected when converting 1.97979797979798e+32 to a JavaScript Number.\n\nFetch as string or BigInt instead:\nhttps://docs.snowflake.com/en/developer-guide/node-js/nodejs-driver-consume#fetching-integer-data-types-as-bigint\nhttps://docs.snowflake.com/en/developer-guide/node-js/nodejs-driver-consume#fetching-data-types-as-strings\n\nThis will throw an error in future driver versions."}
{"level":"WARN","message":"[2:34:27.819 AM]: Query result precision loss detected when converting 5.59292929292929e+34 to a JavaScript Number.\n\nFetch as string or BigInt instead:\nhttps://docs.snowflake.com/en/developer-guide/node-js/nodejs-driver-consume#fetching-integer-data-types-as-bigint\nhttps://docs.snowflake.com/en/developer-guide/node-js/nodejs-driver-consume#fetching-data-types-as-strings\n\nThis will throw an error in future driver versions."}
{"level":"WARN","message":"[2:34:27.819 AM]: Query result precision loss detected when converting 2.17777777777778e+33 to a JavaScript Number.\n\nFetch as string or BigInt instead:\nhttps://docs.snowflake.com/en/developer-guide/node-js/nodejs-driver-consume#fetching-integer-data-types-as-bigint\nhttps://docs.snowflake.com/en/developer-guide/node-js/nodejs-driver-consume#fetching-data-types-as-strings\n\nThis will throw an error in future driver versions."}
{"level":"WARN","message":"[2:34:27.819 AM]: Query result precision loss detected when converting 8.90909090909091e+32 to a JavaScript Number.\n\nFetch as string or BigInt instead:\nhttps://docs.snowflake.com/en/developer-guide/node-js/nodejs-driver-consume#fetching-integer-data-types-as-bigint\nhttps://docs.snowflake.com/en/developer-guide/node-js/nodejs-driver-consume#fetching-data-types-as-strings\n\nThis will throw an error in future driver versions."}
{"level":"WARN","message":"[2:34:27.819 AM]: Query result precision loss detected when converting 5.59292929292929e+34 to a JavaScript Number.\n\nFetch as string or BigInt instead:\nhttps://docs.snowflake.com/en/developer-guide/node-js/nodejs-driver-consume#fetching-integer-data-types-as-bigint\nhttps://docs.snowflake.com/en/developer-guide/node-js/nodejs-driver-consume#fetching-data-types-as-strings\n\nThis will throw an error in future driver versions."}
{"level":"WARN","message":"[2:34:27.819 AM]: Query result precision loss detected when converting 2.47474747474748e+33 to a JavaScript Number.\n\nFetch as string or BigInt instead:\nhttps://docs.snowflake.com/en/developer-guide/node-js/nodejs-driver-consume#fetching-integer-data-types-as-bigint\nhttps://docs.snowflake.com/en/developer-guide/node-js/nodejs-driver-consume#fetching-data-types-as-strings\n\nThis will throw an error in future driver versions."}
{"level":"WARN","message":"[2:34:27.819 AM]: Query result precision loss detected when converting 4.94949494949495e+32 to a JavaScript Number.\n\nFetch as string or BigInt instead:\nhttps://docs.snowflake.com/en/developer-guide/node-js/nodejs-driver-consume#fetching-integer-data-types-as-bigint\nhttps://docs.snowflake.com/en/developer-guide/node-js/nodejs-driver-consume#fetching-data-types-as-strings\n\nThis will throw an error in future driver versions."}
{"level":"WARN","message":"[2:34:27.819 AM]: Query result precision loss detected when converting 1.97979797979798e+32 to a JavaScript Number.\n\nFetch as string or BigInt instead:\nhttps://docs.snowflake.com/en/developer-guide/node-js/nodejs-driver-consume#fetching-integer-data-types-as-bigint\nhttps://docs.snowflake.com/en/developer-guide/node-js/nodejs-driver-consume#fetching-data-types-as-strings\n\nThis will throw an error in future driver versions."}
{"level":"WARN","message":"[2:34:27.819 AM]: Query result precision loss detected when converting 7.91919191919192e+32 to a JavaScript Number.\n\nFetch as string or BigInt instead:\nhttps://docs.snowflake.com/en/developer-guide/node-js/nodejs-driver-consume#fetching-integer-data-types-as-bigint\nhttps://docs.snowflake.com/en/developer-guide/node-js/nodejs-driver-consume#fetching-data-types-as-strings\n\nThis will throw an error in future driver versions."}
{"level":"WARN","message":"[2:34:27.819 AM]: Query result precision loss detected when converting 5.59292929292929e+34 to a JavaScript Number.\n\nFetch as string or BigInt instead:\nhttps://docs.snowflake.com/en/developer-guide/node-js/nodejs-driver-consume#fetching-integer-data-types-as-bigint\nhttps://docs.snowflake.com/en/developer-guide/node-js/nodejs-driver-consume#fetching-data-types-as-strings\n\nThis will throw an error in future driver versions."}
{"level":"WARN","message":"[2:34:27.819 AM]: Query result precision loss detected when converting 9.8989898989899e+32 to a JavaScript Number.\n\nFetch as string or BigInt instead:\nhttps://docs.snowflake.com/en/developer-guide/node-js/nodejs-driver-consume#fetching-integer-data-types-as-bigint\nhttps://docs.snowflake.com/en/developer-guide/node-js/nodejs-driver-consume#fetching-data-types-as-strings\n\nThis will throw an error in future driver versions."}
{"level":"WARN","message":"[2:34:27.819 AM]: Query result precision loss detected when converting 4.94949494949495e+32 to a JavaScript Number.\n\nFetch as string or BigInt instead:\nhttps://docs.snowflake.com/en/developer-guide/node-js/nodejs-driver-consume#fetching-integer-data-types-as-bigint\nhttps://docs.snowflake.com/en/developer-guide/node-js/nodejs-driver-consume#fetching-data-types-as-strings\n\nThis will throw an error in future driver versions."}
{"level":"WARN","message":"[2:34:27.819 AM]: Query result precision loss detected when converting 1.68381818181818e+35 to a JavaScript Number.\n\nFetch as string or BigInt instead:\nhttps://docs.snowflake.com/en/developer-guide/node-js/nodejs-driver-consume#fetching-integer-data-types-as-bigint\nhttps://docs.snowflake.com/en/developer-guide/node-js/nodejs-driver-consume#fetching-data-types-as-strings\n\nThis will throw an error in future driver versions."}
{"level":"WARN","message":"[2:34:27.819 AM]: Query result precision loss detected when converting 2.37575757575758e+33 to a JavaScript Number.\n\nFetch as string or BigInt instead:\nhttps://docs.snowflake.com/en/developer-guide/node-js/nodejs-driver-consume#fetching-integer-data-types-as-bigint\nhttps://docs.snowflake.com/en/developer-guide/node-js/nodejs-driver-consume#fetching-data-types-as-strings\n\nThis will throw an error in future driver versions."}
{"level":"WARN","message":"[2:34:27.819 AM]: Query result precision loss detected when converting 7.61232323232323e+34 to a JavaScript Number.\n\nFetch as string or BigInt instead:\nhttps://docs.snowflake.com/en/developer-guide/node-js/nodejs-driver-consume#fetching-integer-data-types-as-bigint\nhttps://docs.snowflake.com/en/developer-guide/node-js/nodejs-driver-consume#fetching-data-types-as-strings\n\nThis will throw an error in future driver versions."}
{"level":"WARN","message":"[2:34:27.819 AM]: Query result precision loss detected when converting 2.96969696969697e+33 to a JavaScript Number.\n\nFetch as string or BigInt instead:\nhttps://docs.snowflake.com/en/developer-guide/node-js/nodejs-driver-consume#fetching-integer-data-types-as-bigint\nhttps://docs.snowflake.com/en/developer-guide/node-js/nodejs-driver-consume#fetching-data-types-as-strings\n\nThis will throw an error in future driver versions."}
{"level":"WARN","message":"[2:34:27.819 AM]: Query result precision loss detected when converting 4.94949494949495e+32 to a JavaScript Number.\n\nFetch as string or BigInt instead:\nhttps://docs.snowflake.com/en/developer-guide/node-js/nodejs-driver-consume#fetching-integer-data-types-as-bigint\nhttps://docs.snowflake.com/en/developer-guide/node-js/nodejs-driver-consume#fetching-data-types-as-strings\n\nThis will throw an error in future driver versions."}
{"level":"WARN","message":"[2:34:27.819 AM]: Query result precision loss detected when converting 1.97979797979798e+32 to a JavaScript Number.\n\nFetch as string or BigInt instead:\nhttps://docs.snowflake.com/en/developer-guide/node-js/nodejs-driver-consume#fetching-integer-data-types-as-bigint\nhttps://docs.snowflake.com/en/developer-guide/node-js/nodejs-driver-consume#fetching-data-types-as-strings\n\nThis will throw an error in future driver versions."}
{"level":"WARN","message":"[2:34:27.819 AM]: Query result precision loss detected when converting 2.27181818181818e+35 to a JavaScript Number.\n\nFetch as string or BigInt instead:\nhttps://docs.snowflake.com/en/developer-guide/node-js/nodejs-driver-consume#fetching-integer-data-types-as-bigint\nhttps://docs.snowflake.com/en/developer-guide/node-js/nodejs-driver-consume#fetching-data-types-as-strings\n\nThis will throw an error in future driver versions."}
{"level":"WARN","message":"[2:34:27.819 AM]: Query result precision loss detected when converting 3.46464646464647e+33 to a JavaScript Number.\n\nFetch as string or BigInt instead:\nhttps://docs.snowflake.com/en/developer-guide/node-js/nodejs-driver-consume#fetching-integer-data-types-as-bigint\nhttps://docs.snowflake.com/en/developer-guide/node-js/nodejs-driver-consume#fetching-data-types-as-strings\n\nThis will throw an error in future driver versions."}
{"level":"WARN","message":"[2:34:27.819 AM]: Query result precision loss detected when converting 4.94949494949495e+32 to a JavaScript Number.\n\nFetch as string or BigInt instead:\nhttps://docs.snowflake.com/en/developer-guide/node-js/nodejs-driver-consume#fetching-integer-data-types-as-bigint\nhttps://docs.snowflake.com/en/developer-guide/node-js/nodejs-driver-consume#fetching-data-types-as-strings\n\nThis will throw an error in future driver versions."}
{"level":"WARN","message":"[2:34:27.819 AM]: Query result precision loss detected when converting 2.17777777777778e+33 to a JavaScript Number.\n\nFetch as string or BigInt instead:\nhttps://docs.snowflake.com/en/developer-guide/node-js/nodejs-driver-consume#fetching-integer-data-types-as-bigint\nhttps://docs.snowflake.com/en/developer-guide/node-js/nodejs-driver-consume#fetching-data-types-as-strings\n\nThis will throw an error in future driver versions."}
{"level":"WARN","message":"[2:34:27.819 AM]: Query result precision loss detected when converting 9.8989898989899e+32 to a JavaScript Number.\n\nFetch as string or BigInt instead:\nhttps://docs.snowflake.com/en/developer-guide/node-js/nodejs-driver-consume#fetching-integer-data-types-as-bigint\nhttps://docs.snowflake.com/en/developer-guide/node-js/nodejs-driver-consume#fetching-data-types-as-strings\n\nThis will throw an error in future driver versions."}
{"level":"WARN","message":"[2:34:27.819 AM]: Query result precision loss detected when converting 4.94949494949495e+32 to a JavaScript Number.\n\nFetch as string or BigInt instead:\nhttps://docs.snowflake.com/en/developer-guide/node-js/nodejs-driver-consume#fetching-integer-data-types-as-bigint\nhttps://docs.snowflake.com/en/developer-guide/node-js/nodejs-driver-consume#fetching-data-types-as-strings\n\nThis will throw an error in future driver versions."}
{"level":"WARN","message":"[2:34:27.819 AM]: Query result precision loss detected when converting 3.46464646464647e+33 to a JavaScript Number.\n\nFetch as string or BigInt instead:\nhttps://docs.snowflake.com/en/developer-guide/node-js/nodejs-driver-consume#fetching-integer-data-types-as-bigint\nhttps://docs.snowflake.com/en/developer-guide/node-js/nodejs-driver-consume#fetching-data-types-as-strings\n\nThis will throw an error in future driver versions."}
{"level":"WARN","message":"[2:34:27.819 AM]: Query result precision loss detected when converting 1.68381818181818e+35 to a JavaScript Number.\n\nFetch as string or BigInt instead:\nhttps://docs.snowflake.com/en/developer-guide/node-js/nodejs-driver-consume#fetching-integer-data-types-as-bigint\nhttps://docs.snowflake.com/en/developer-guide/node-js/nodejs-driver-consume#fetching-data-types-as-strings\n\nThis will throw an error in future driver versions."}
{"level":"WARN","message":"[2:34:27.819 AM]: Query result precision loss detected when converting 4.94949494949495e+33 to a JavaScript Number.\n\nFetch as string or BigInt instead:\nhttps://docs.snowflake.com/en/developer-guide/node-js/nodejs-driver-consume#fetching-integer-data-types-as-bigint\nhttps://docs.snowflake.com/en/developer-guide/node-js/nodejs-driver-consume#fetching-data-types-as-strings\n\nThis will throw an error in future driver versions."}
{"level":"WARN","message":"[2:34:27.819 AM]: Query result precision loss detected when converting 2.27181818181818e+35 to a JavaScript Number.\n\nFetch as string or BigInt instead:\nhttps://docs.snowflake.com/en/developer-guide/node-js/nodejs-driver-consume#fetching-integer-data-types-as-bigint\nhttps://docs.snowflake.com/en/developer-guide/node-js/nodejs-driver-consume#fetching-data-types-as-strings\n\nThis will throw an error in future driver versions."}
{"level":"WARN","message":"[2:34:27.819 AM]: Query result precision loss detected when converting 2.17777777777778e+33 to a JavaScript Number.\n\nFetch as string or BigInt instead:\nhttps://docs.snowflake.com/en/developer-guide/node-js/nodejs-driver-consume#fetching-integer-data-types-as-bigint\nhttps://docs.snowflake.com/en/developer-guide/node-js/nodejs-driver-consume#fetching-data-types-as-strings\n\nThis will throw an error in future driver versions."}
{"level":"WARN","message":"[2:34:27.819 AM]: Query result precision loss detected when converting 2.29656565656566e+35 to a JavaScript Number.\n\nFetch as string or BigInt instead:\nhttps://docs.snowflake.com/en/developer-guide/node-js/nodejs-driver-consume#fetching-integer-data-types-as-bigint\nhttps://docs.snowflake.com/en/developer-guide/node-js/nodejs-driver-consume#fetching-data-types-as-strings\n\nThis will throw an error in future driver versions."}
{"level":"WARN","message":"[2:34:27.819 AM]: Query result precision loss detected when converting 3.46464646464647e+33 to a JavaScript Number.\n\nFetch as string or BigInt instead:\nhttps://docs.snowflake.com/en/developer-guide/node-js/nodejs-driver-consume#fetching-integer-data-types-as-bigint\nhttps://docs.snowflake.com/en/developer-guide/node-js/nodejs-driver-consume#fetching-data-types-as-strings\n\nThis will throw an error in future driver versions."}
{"level":"WARN","message":"[2:34:27.819 AM]: Query result precision loss detected when converting 4.94949494949495e+32 to a JavaScript Number.\n\nFetch as string or BigInt instead:\nhttps://docs.snowflake.com/en/developer-guide/node-js/nodejs-driver-consume#fetching-integer-data-types-as-bigint\nhttps://docs.snowflake.com/en/developer-guide/node-js/nodejs-driver-consume#fetching-data-types-as-strings\n\nThis will throw an error in future driver versions."}
{"level":"WARN","message":"[2:34:27.819 AM]: Query result precision loss detected when converting 2.27181818181818e+35 to a JavaScript Number.\n\nFetch as string or BigInt instead:\nhttps://docs.snowflake.com/en/developer-guide/node-js/nodejs-driver-consume#fetching-integer-data-types-as-bigint\nhttps://docs.snowflake.com/en/developer-guide/node-js/nodejs-driver-consume#fetching-data-types-as-strings\n\nThis will throw an error in future driver versions."}
{"level":"WARN","message":"[2:34:27.819 AM]: Query result precision loss detected when converting 3.46464646464647e+33 to a JavaScript Number.\n\nFetch as string or BigInt instead:\nhttps://docs.snowflake.com/en/developer-guide/node-js/nodejs-driver-consume#fetching-integer-data-types-as-bigint\nhttps://docs.snowflake.com/en/developer-guide/node-js/nodejs-driver-consume#fetching-data-types-as-strings\n\nThis will throw an error in future driver versions."}
{"level":"WARN","message":"[2:34:27.819 AM]: Query result precision loss detected when converting 2.29656565656566e+35 to a JavaScript Number.\n\nFetch as string or BigInt instead:\nhttps://docs.snowflake.com/en/developer-guide/node-js/nodejs-driver-consume#fetching-integer-data-types-as-bigint\nhttps://docs.snowflake.com/en/developer-guide/node-js/nodejs-driver-consume#fetching-data-types-as-strings\n\nThis will throw an error in future driver versions."}
{"level":"WARN","message":"[2:34:27.819 AM]: Query result precision loss detected when converting 2.17777777777778e+33 to a JavaScript Number.\n\nFetch as string or BigInt instead:\nhttps://docs.snowflake.com/en/developer-guide/node-js/nodejs-driver-consume#fetching-integer-data-types-as-bigint\nhttps://docs.snowflake.com/en/developer-guide/node-js/nodejs-driver-consume#fetching-data-types-as-strings\n\nThis will throw an error in future driver versions."}
{"level":"WARN","message":"[2:34:27.819 AM]: Query result precision loss detected when converting 2.27181818181818e+35 to a JavaScript Number.\n\nFetch as string or BigInt instead:\nhttps://docs.snowflake.com/en/developer-guide/node-js/nodejs-driver-consume#fetching-integer-data-types-as-bigint\nhttps://docs.snowflake.com/en/developer-guide/node-js/nodejs-driver-consume#fetching-data-types-as-strings\n\nThis will throw an error in future driver versions."}
{"level":"WARN","message":"[2:34:27.819 AM]: Query result precision loss detected when converting 9.8989898989899e+32 to a JavaScript Number.\n\nFetch as string or BigInt instead:\nhttps://docs.snowflake.com/en/developer-guide/node-js/nodejs-driver-consume#fetching-integer-data-types-as-bigint\nhttps://docs.snowflake.com/en/developer-guide/node-js/nodejs-driver-consume#fetching-data-types-as-strings\n\nThis will throw an error in future driver versions."}
{"level":"WARN","message":"[2:34:27.819 AM]: Query result precision loss detected when converting 4.94949494949495e+32 to a JavaScript Number.\n\nFetch as string or BigInt instead:\nhttps://docs.snowflake.com/en/developer-guide/node-js/nodejs-driver-consume#fetching-integer-data-types-as-bigint\nhttps://docs.snowflake.com/en/developer-guide/node-js/nodejs-driver-consume#fetching-data-types-as-strings\n\nThis will throw an error in future driver versions."}
{"level":"WARN","message":"[2:34:27.819 AM]: Query result precision loss detected when converting 3.46464646464647e+33 to a JavaScript Number.\n\nFetch as string or BigInt instead:\nhttps://docs.snowflake.com/en/developer-guide/node-js/nodejs-driver-consume#fetching-integer-data-types-as-bigint\nhttps://docs.snowflake.com/en/developer-guide/node-js/nodejs-driver-consume#fetching-data-types-as-strings\n\nThis will throw an error in future driver versions."}
{"level":"WARN","message":"[2:34:27.819 AM]: Query result precision loss detected when converting 3.46464646464647e+33 to a JavaScript Number.\n\nFetch as string or BigInt instead:\nhttps://docs.snowflake.com/en/developer-guide/node-js/nodejs-driver-consume#fetching-integer-data-types-as-bigint\nhttps://docs.snowflake.com/en/developer-guide/node-js/nodejs-driver-consume#fetching-data-types-as-strings\n\nThis will throw an error in future driver versions."}
{"level":"WARN","message":"[2:34:27.819 AM]: Query result precision loss detected when converting 5.34545454545455e+33 to a JavaScript Number.\n\nFetch as string or BigInt instead:\nhttps://docs.snowflake.com/en/developer-guide/node-js/nodejs-driver-consume#fetching-integer-data-types-as-bigint\nhttps://docs.snowflake.com/en/developer-guide/node-js/nodejs-driver-consume#fetching-data-types-as-strings\n\nThis will throw an error in future driver versions."}
{"level":"WARN","message":"[2:34:27.819 AM]: Query result precision loss detected when converting 2.47474747474748e+33 to a JavaScript Number.\n\nFetch as string or BigInt instead:\nhttps://docs.snowflake.com/en/developer-guide/node-js/nodejs-driver-consume#fetching-integer-data-types-as-bigint\nhttps://docs.snowflake.com/en/developer-guide/node-js/nodejs-driver-consume#fetching-data-types-as-strings\n\nThis will throw an error in future driver versions."}
{"level":"WARN","message":"[2:34:27.819 AM]: Query result precision loss detected when converting 4.94949494949495e+32 to a JavaScript Number.\n\nFetch as string or BigInt instead:\nhttps://docs.snowflake.com/en/developer-guide/node-js/nodejs-driver-consume#fetching-integer-data-types-as-bigint\nhttps://docs.snowflake.com/en/developer-guide/node-js/nodejs-driver-consume#fetching-data-types-as-strings\n\nThis will throw an error in future driver versions."}
{"level":"WARN","message":"[2:34:27.819 AM]: Query result precision loss detected when converting 4.94949494949495e+33 to a JavaScript Number.\n\nFetch as string or BigInt instead:\nhttps://docs.snowflake.com/en/developer-guide/node-js/nodejs-driver-consume#fetching-integer-data-types-as-bigint\nhttps://docs.snowflake.com/en/developer-guide/node-js/nodejs-driver-consume#fetching-data-types-as-strings\n\nThis will throw an error in future driver versions."}
{"level":"WARN","message":"[2:34:27.819 AM]: Query result precision loss detected when converting 4.94949494949495e+32 to a JavaScript Number.\n\nFetch as string or BigInt instead:\nhttps://docs.snowflake.com/en/developer-guide/node-js/nodejs-driver-consume#fetching-integer-data-types-as-bigint\nhttps://docs.snowflake.com/en/developer-guide/node-js/nodejs-driver-consume#fetching-data-types-as-strings\n\nThis will throw an error in future driver versions."}
{"level":"WARN","message":"[2:34:27.819 AM]: Query result precision loss detected when converting 9.8989898989899e+32 to a JavaScript Number.\n\nFetch as string or BigInt instead:\nhttps://docs.snowflake.com/en/developer-guide/node-js/nodejs-driver-consume#fetching-integer-data-types-as-bigint\nhttps://docs.snowflake.com/en/developer-guide/node-js/nodejs-driver-consume#fetching-data-types-as-strings\n\nThis will throw an error in future driver versions."}
{"level":"WARN","message":"[2:34:27.819 AM]: Query result precision loss detected when converting 5.34545454545455e+33 to a JavaScript Number.\n\nFetch as string or BigInt instead:\nhttps://docs.snowflake.com/en/developer-guide/node-js/nodejs-driver-consume#fetching-integer-data-types-as-bigint\nhttps://docs.snowflake.com/en/developer-guide/node-js/nodejs-driver-consume#fetching-data-types-as-strings\n\nThis will throw an error in future driver versions."}
{"level":"WARN","message":"[2:34:27.819 AM]: Query result precision loss detected when converting 9.8989898989899e+32 to a JavaScript Number.\n\nFetch as string or BigInt instead:\nhttps://docs.snowflake.com/en/developer-guide/node-js/nodejs-driver-consume#fetching-integer-data-types-as-bigint\nhttps://docs.snowflake.com/en/developer-guide/node-js/nodejs-driver-consume#fetching-data-types-as-strings\n\nThis will throw an error in future driver versions."}
{"level":"WARN","message":"[2:34:27.819 AM]: Query result precision loss detected when converting 6.92929292929293e+33 to a JavaScript Number.\n\nFetch as string or BigInt instead:\nhttps://docs.snowflake.com/en/developer-guide/node-js/nodejs-driver-consume#fetching-integer-data-types-as-bigint\nhttps://docs.snowflake.com/en/developer-guide/node-js/nodejs-driver-consume#fetching-data-types-as-strings\n\nThis will throw an error in future driver versions."}
{"level":"WARN","message":"[2:34:27.819 AM]: Query result precision loss detected when converting 6.92929292929293e+33 to a JavaScript Number.\n\nFetch as string or BigInt instead:\nhttps://docs.snowflake.com/en/developer-guide/node-js/nodejs-driver-consume#fetching-integer-data-types-as-bigint\nhttps://docs.snowflake.com/en/developer-guide/node-js/nodejs-driver-consume#fetching-data-types-as-strings\n\nThis will throw an error in future driver versions."}
{"level":"WARN","message":"[2:34:27.819 AM]: Query result precision loss detected when converting 4.94949494949495e+32 to a JavaScript Number.\n\nFetch as string or BigInt instead:\nhttps://docs.snowflake.com/en/developer-guide/node-js/nodejs-driver-consume#fetching-integer-data-types-as-bigint\nhttps://docs.snowflake.com/en/developer-guide/node-js/nodejs-driver-consume#fetching-data-types-as-strings\n\nThis will throw an error in future driver versions."}
{"level":"WARN","message":"[2:34:27.819 AM]: Query result precision loss detected when converting 4.94949494949495e+32 to a JavaScript Number.\n\nFetch as string or BigInt instead:\nhttps://docs.snowflake.com/en/developer-guide/node-js/nodejs-driver-consume#fetching-integer-data-types-as-bigint\nhttps://docs.snowflake.com/en/developer-guide/node-js/nodejs-driver-consume#fetching-data-types-as-strings\n\nThis will throw an error in future driver versions."}
{"level":"WARN","message":"[2:34:27.819 AM]: Query result precision loss detected when converting 4.94949494949495e+32 to a JavaScript Number.\n\nFetch as string or BigInt instead:\nhttps://docs.snowflake.com/en/developer-guide/node-js/nodejs-driver-consume#fetching-integer-data-types-as-bigint\nhttps://docs.snowflake.com/en/developer-guide/node-js/nodejs-driver-consume#fetching-data-types-as-strings\n\nThis will throw an error in future driver versions."}
{"level":"WARN","message":"[2:34:27.819 AM]: Query result precision loss detected when converting 1.97979797979798e+32 to a JavaScript Number.\n\nFetch as string or BigInt instead:\nhttps://docs.snowflake.com/en/developer-guide/node-js/nodejs-driver-consume#fetching-integer-data-types-as-bigint\nhttps://docs.snowflake.com/en/developer-guide/node-js/nodejs-driver-consume#fetching-data-types-as-strings\n\nThis will throw an error in future driver versions."}
{"level":"WARN","message":"[2:34:27.819 AM]: Query result precision loss detected when converting 6.33535353535354e+33 to a JavaScript Number.\n\nFetch as string or BigInt instead:\nhttps://docs.snowflake.com/en/developer-guide/node-js/nodejs-driver-consume#fetching-integer-data-types-as-bigint\nhttps://docs.snowflake.com/en/developer-guide/node-js/nodejs-driver-consume#fetching-data-types-as-strings\n\nThis will throw an error in future driver versions."}
{"level":"WARN","message":"[2:34:27.819 AM]: Query result precision loss detected when converting 2.17777777777778e+33 to a JavaScript Number.\n\nFetch as string or BigInt instead:\nhttps://docs.snowflake.com/en/developer-guide/node-js/nodejs-driver-consume#fetching-integer-data-types-as-bigint\nhttps://docs.snowflake.com/en/developer-guide/node-js/nodejs-driver-consume#fetching-data-types-as-strings\n\nThis will throw an error in future driver versions."}
{"level":"WARN","message":"[2:34:27.819 AM]: Query result precision loss detected when converting 2.17777777777778e+33 to a JavaScript Number.\n\nFetch as string or BigInt instead:\nhttps://docs.snowflake.com/en/developer-guide/node-js/nodejs-driver-consume#fetching-integer-data-types-as-bigint\nhttps://docs.snowflake.com/en/developer-guide/node-js/nodejs-driver-consume#fetching-data-types-as-strings\n\nThis will throw an error in future driver versions."}
{"level":"INFO","message":"[2:35:44.699 AM]: Creating new connection object"}
{"level":"INFO","message":"[2:35:44.708 AM]: Creating Connection[id: d6db6870-53ca-4836-8b69-25e4f1bec5eb] with host: udnznon-atscalepartner.snowflakecomputing.com, account: udnznon-atscalepartner, accessUrl: https://udnznon-atscalepartner.snowflakecomputing.com, user: atscale_cli, role: ACCOUNTADMIN, database: SE_DEMO_LIBRARY, schema: AS_ADVENTURE, warehouse: SE_DEMO_JM_MEDIUM, proxy was not configured, password is provided, region: undefined, authenticator: SNOWFLAKE, ocsp mode: FAIL_OPEN, os: darwin, os version: 25.5.0"}
{"level":"INFO","message":"[2:35:44.708 AM]: Connection[id: d6db6870-53ca-4836-8b69-25e4f1bec5eb] additional details: passcode in password is provided, passcode is not provided, private key is not provided, application: undefined, client name: snowflake-sdk, client version: 2.4.0, retry timeout: 300, private key path: undefined, private key pass is not provided, client store temporary credential: false, browser response timeout: 120000"}
{"level":"INFO","message":"[2:35:44.708 AM]: Connection[id: d6db6870-53ca-4836-8b69-25e4f1bec5eb] - connection object created successfully."}
{"level":"INFO","message":"[2:35:44.708 AM]: Connection[id: d6db6870-53ca-4836-8b69-25e4f1bec5eb] - async connecting. Associated Snowflake domain: GLOBAL"}
{"level":"INFO","message":"[2:35:44.708 AM]: Trying to initialize Easy Logging"}
{"level":"INFO","message":"[2:35:44.709 AM]: No client config detected."}
{"level":"INFO","message":"[2:35:44.709 AM]: No config file path found. Client config will not be used."}
{"level":"INFO","message":"[2:35:44.709 AM]: Easy Logging is disabled as no config has been found"}
{"level":"INFO","message":"[2:35:44.709 AM]: Connection[id: d6db6870-53ca-4836-8b69-25e4f1bec5eb] - authentication successful using: SNOWFLAKE"}
{"level":"INFO","message":"[2:35:45.934 AM]: Connection[id: d6db6870-53ca-4836-8b69-25e4f1bec5eb] - connection established successfully after 1226.04 milliseconds"}
{"level":"WARN","message":"[2:35:52.756 AM]: Query result precision loss detected when converting 3.54185858585859e+35 to a JavaScript Number.\n\nFetch as string or BigInt instead:\nhttps://docs.snowflake.com/en/developer-guide/node-js/nodejs-driver-consume#fetching-integer-data-types-as-bigint\nhttps://docs.snowflake.com/en/developer-guide/node-js/nodejs-driver-consume#fetching-data-types-as-strings\n\nThis will throw an error in future driver versions."}
{"level":"WARN","message":"[2:35:52.756 AM]: Query result precision loss detected when converting 3.54185858585859e+35 to a JavaScript Number.\n\nFetch as string or BigInt instead:\nhttps://docs.snowflake.com/en/developer-guide/node-js/nodejs-driver-consume#fetching-integer-data-types-as-bigint\nhttps://docs.snowflake.com/en/developer-guide/node-js/nodejs-driver-consume#fetching-data-types-as-strings\n\nThis will throw an error in future driver versions."}
{"level":"WARN","message":"[2:35:52.756 AM]: Query result precision loss detected when converting 3.54185858585859e+35 to a JavaScript Number.\n\nFetch as string or BigInt instead:\nhttps://docs.snowflake.com/en/developer-guide/node-js/nodejs-driver-consume#fetching-integer-data-types-as-bigint\nhttps://docs.snowflake.com/en/developer-guide/node-js/nodejs-driver-consume#fetching-data-types-as-strings\n\nThis will throw an error in future driver versions."}
{"level":"WARN","message":"[2:35:52.756 AM]: Query result precision loss detected when converting 3.34090909090909e+35 to a JavaScript Number.\n\nFetch as string or BigInt instead:\nhttps://docs.snowflake.com/en/developer-guide/node-js/nodejs-driver-consume#fetching-integer-data-types-as-bigint\nhttps://docs.snowflake.com/en/developer-guide/node-js/nodejs-driver-consume#fetching-data-types-as-strings\n\nThis will throw an error in future driver versions."}
{"level":"WARN","message":"[2:35:52.756 AM]: Query result precision loss detected when converting 3.54185858585859e+35 to a JavaScript Number.\n\nFetch as string or BigInt instead:\nhttps://docs.snowflake.com/en/developer-guide/node-js/nodejs-driver-consume#fetching-integer-data-types-as-bigint\nhttps://docs.snowflake.com/en/developer-guide/node-js/nodejs-driver-consume#fetching-data-types-as-strings\n\nThis will throw an error in future driver versions."}
{"level":"WARN","message":"[2:35:52.756 AM]: Query result precision loss detected when converting 3.54185858585859e+35 to a JavaScript Number.\n\nFetch as string or BigInt instead:\nhttps://docs.snowflake.com/en/developer-guide/node-js/nodejs-driver-consume#fetching-integer-data-types-as-bigint\nhttps://docs.snowflake.com/en/developer-guide/node-js/nodejs-driver-consume#fetching-data-types-as-strings\n\nThis will throw an error in future driver versions."}
{"level":"WARN","message":"[2:35:52.756 AM]: Query result precision loss detected when converting 3.36565656565657e+35 to a JavaScript Number.\n\nFetch as string or BigInt instead:\nhttps://docs.snowflake.com/en/developer-guide/node-js/nodejs-driver-consume#fetching-integer-data-types-as-bigint\nhttps://docs.snowflake.com/en/developer-guide/node-js/nodejs-driver-consume#fetching-data-types-as-strings\n\nThis will throw an error in future driver versions."}
{"level":"WARN","message":"[2:35:52.756 AM]: Query result precision loss detected when converting 3.54185858585859e+35 to a JavaScript Number.\n\nFetch as string or BigInt instead:\nhttps://docs.snowflake.com/en/developer-guide/node-js/nodejs-driver-consume#fetching-integer-data-types-as-bigint\nhttps://docs.snowflake.com/en/developer-guide/node-js/nodejs-driver-consume#fetching-data-types-as-strings\n\nThis will throw an error in future driver versions."}
{"level":"WARN","message":"[2:35:52.756 AM]: Query result precision loss detected when converting 2.02830303030303e+35 to a JavaScript Number.\n\nFetch as string or BigInt instead:\nhttps://docs.snowflake.com/en/developer-guide/node-js/nodejs-driver-consume#fetching-integer-data-types-as-bigint\nhttps://docs.snowflake.com/en/developer-guide/node-js/nodejs-driver-consume#fetching-data-types-as-strings\n\nThis will throw an error in future driver versions."}
{"level":"WARN","message":"[2:35:52.756 AM]: Query result precision loss detected when converting 2.1599595959596e+35 to a JavaScript Number.\n\nFetch as string or BigInt instead:\nhttps://docs.snowflake.com/en/developer-guide/node-js/nodejs-driver-consume#fetching-integer-data-types-as-bigint\nhttps://docs.snowflake.com/en/developer-guide/node-js/nodejs-driver-consume#fetching-data-types-as-strings\n\nThis will throw an error in future driver versions."}
{"level":"WARN","message":"[2:35:52.757 AM]: Query result precision loss detected when converting 2.41832323232323e+35 to a JavaScript Number.\n\nFetch as string or BigInt instead:\nhttps://docs.snowflake.com/en/developer-guide/node-js/nodejs-driver-consume#fetching-integer-data-types-as-bigint\nhttps://docs.snowflake.com/en/developer-guide/node-js/nodejs-driver-consume#fetching-data-types-as-strings\n\nThis will throw an error in future driver versions."}
{"level":"WARN","message":"[2:35:52.757 AM]: Query result precision loss detected when converting 2.41832323232323e+35 to a JavaScript Number.\n\nFetch as string or BigInt instead:\nhttps://docs.snowflake.com/en/developer-guide/node-js/nodejs-driver-consume#fetching-integer-data-types-as-bigint\nhttps://docs.snowflake.com/en/developer-guide/node-js/nodejs-driver-consume#fetching-data-types-as-strings\n\nThis will throw an error in future driver versions."}
{"level":"WARN","message":"[2:35:52.757 AM]: Query result precision loss detected when converting 2.1599595959596e+35 to a JavaScript Number.\n\nFetch as string or BigInt instead:\nhttps://docs.snowflake.com/en/developer-guide/node-js/nodejs-driver-consume#fetching-integer-data-types-as-bigint\nhttps://docs.snowflake.com/en/developer-guide/node-js/nodejs-driver-consume#fetching-data-types-as-strings\n\nThis will throw an error in future driver versions."}
{"level":"WARN","message":"[2:35:52.757 AM]: Query result precision loss detected when converting 2.1599595959596e+35 to a JavaScript Number.\n\nFetch as string or BigInt instead:\nhttps://docs.snowflake.com/en/developer-guide/node-js/nodejs-driver-consume#fetching-integer-data-types-as-bigint\nhttps://docs.snowflake.com/en/developer-guide/node-js/nodejs-driver-consume#fetching-data-types-as-strings\n\nThis will throw an error in future driver versions."}
{"level":"WARN","message":"[2:35:52.757 AM]: Query result precision loss detected when converting 2.1599595959596e+35 to a JavaScript Number.\n\nFetch as string or BigInt instead:\nhttps://docs.snowflake.com/en/developer-guide/node-js/nodejs-driver-consume#fetching-integer-data-types-as-bigint\nhttps://docs.snowflake.com/en/developer-guide/node-js/nodejs-driver-consume#fetching-data-types-as-strings\n\nThis will throw an error in future driver versions."}
{"level":"WARN","message":"[2:35:52.757 AM]: Query result precision loss detected when converting 2.02830303030303e+35 to a JavaScript Number.\n\nFetch as string or BigInt instead:\nhttps://docs.snowflake.com/en/developer-guide/node-js/nodejs-driver-consume#fetching-integer-data-types-as-bigint\nhttps://docs.snowflake.com/en/developer-guide/node-js/nodejs-driver-consume#fetching-data-types-as-strings\n\nThis will throw an error in future driver versions."}
{"level":"WARN","message":"[2:35:52.757 AM]: Query result precision loss detected when converting 2.05008080808081e+35 to a JavaScript Number.\n\nFetch as string or BigInt instead:\nhttps://docs.snowflake.com/en/developer-guide/node-js/nodejs-driver-consume#fetching-integer-data-types-as-bigint\nhttps://docs.snowflake.com/en/developer-guide/node-js/nodejs-driver-consume#fetching-data-types-as-strings\n\nThis will throw an error in future driver versions."}
{"level":"WARN","message":"[2:35:52.757 AM]: Query result precision loss detected when converting 9.8989898989899e+34 to a JavaScript Number.\n\nFetch as string or BigInt instead:\nhttps://docs.snowflake.com/en/developer-guide/node-js/nodejs-driver-consume#fetching-integer-data-types-as-bigint\nhttps://docs.snowflake.com/en/developer-guide/node-js/nodejs-driver-consume#fetching-data-types-as-strings\n\nThis will throw an error in future driver versions."}
{"level":"WARN","message":"[2:35:52.757 AM]: Query result precision loss detected when converting 2.1599595959596e+35 to a JavaScript Number.\n\nFetch as string or BigInt instead:\nhttps://docs.snowflake.com/en/developer-guide/node-js/nodejs-driver-consume#fetching-integer-data-types-as-bigint\nhttps://docs.snowflake.com/en/developer-guide/node-js/nodejs-driver-consume#fetching-data-types-as-strings\n\nThis will throw an error in future driver versions."}
{"level":"WARN","message":"[2:35:52.757 AM]: Query result precision loss detected when converting 9.8989898989899e+34 to a JavaScript Number.\n\nFetch as string or BigInt instead:\nhttps://docs.snowflake.com/en/developer-guide/node-js/nodejs-driver-consume#fetching-integer-data-types-as-bigint\nhttps://docs.snowflake.com/en/developer-guide/node-js/nodejs-driver-consume#fetching-data-types-as-strings\n\nThis will throw an error in future driver versions."}
{"level":"WARN","message":"[2:35:52.757 AM]: Query result precision loss detected when converting 7.75090909090909e+34 to a JavaScript Number.\n\nFetch as string or BigInt instead:\nhttps://docs.snowflake.com/en/developer-guide/node-js/nodejs-driver-consume#fetching-integer-data-types-as-bigint\nhttps://docs.snowflake.com/en/developer-guide/node-js/nodejs-driver-consume#fetching-data-types-as-strings\n\nThis will throw an error in future driver versions."}
{"level":"WARN","message":"[2:35:52.757 AM]: Query result precision loss detected when converting 2.05008080808081e+35 to a JavaScript Number.\n\nFetch as string or BigInt instead:\nhttps://docs.snowflake.com/en/developer-guide/node-js/nodejs-driver-consume#fetching-integer-data-types-as-bigint\nhttps://docs.snowflake.com/en/developer-guide/node-js/nodejs-driver-consume#fetching-data-types-as-strings\n\nThis will throw an error in future driver versions."}
{"level":"WARN","message":"[2:35:52.757 AM]: Query result precision loss detected when converting 7.75090909090909e+34 to a JavaScript Number.\n\nFetch as string or BigInt instead:\nhttps://docs.snowflake.com/en/developer-guide/node-js/nodejs-driver-consume#fetching-integer-data-types-as-bigint\nhttps://docs.snowflake.com/en/developer-guide/node-js/nodejs-driver-consume#fetching-data-types-as-strings\n\nThis will throw an error in future driver versions."}
{"level":"WARN","message":"[2:35:52.757 AM]: Query result precision loss detected when converting 2.41832323232323e+35 to a JavaScript Number.\n\nFetch as string or BigInt instead:\nhttps://docs.snowflake.com/en/developer-guide/node-js/nodejs-driver-consume#fetching-integer-data-types-as-bigint\nhttps://docs.snowflake.com/en/developer-guide/node-js/nodejs-driver-consume#fetching-data-types-as-strings\n\nThis will throw an error in future driver versions."}
{"level":"WARN","message":"[2:35:52.757 AM]: Query result precision loss detected when converting 3.54185858585859e+35 to a JavaScript Number.\n\nFetch as string or BigInt instead:\nhttps://docs.snowflake.com/en/developer-guide/node-js/nodejs-driver-consume#fetching-integer-data-types-as-bigint\nhttps://docs.snowflake.com/en/developer-guide/node-js/nodejs-driver-consume#fetching-data-types-as-strings\n\nThis will throw an error in future driver versions."}
{"level":"WARN","message":"[2:35:52.757 AM]: Query result precision loss detected when converting 3.54185858585859e+35 to a JavaScript Number.\n\nFetch as string or BigInt instead:\nhttps://docs.snowflake.com/en/developer-guide/node-js/nodejs-driver-consume#fetching-integer-data-types-as-bigint\nhttps://docs.snowflake.com/en/developer-guide/node-js/nodejs-driver-consume#fetching-data-types-as-strings\n\nThis will throw an error in future driver versions."}
{"level":"WARN","message":"[2:35:52.757 AM]: Query result precision loss detected when converting 3.54185858585859e+35 to a JavaScript Number.\n\nFetch as string or BigInt instead:\nhttps://docs.snowflake.com/en/developer-guide/node-js/nodejs-driver-consume#fetching-integer-data-types-as-bigint\nhttps://docs.snowflake.com/en/developer-guide/node-js/nodejs-driver-consume#fetching-data-types-as-strings\n\nThis will throw an error in future driver versions."}
{"level":"WARN","message":"[2:35:52.757 AM]: Query result precision loss detected when converting 6.91939393939394e+34 to a JavaScript Number.\n\nFetch as string or BigInt instead:\nhttps://docs.snowflake.com/en/developer-guide/node-js/nodejs-driver-consume#fetching-integer-data-types-as-bigint\nhttps://docs.snowflake.com/en/developer-guide/node-js/nodejs-driver-consume#fetching-data-types-as-strings\n\nThis will throw an error in future driver versions."}
{"level":"WARN","message":"[2:35:52.757 AM]: Query result precision loss detected when converting 3.36565656565657e+35 to a JavaScript Number.\n\nFetch as string or BigInt instead:\nhttps://docs.snowflake.com/en/developer-guide/node-js/nodejs-driver-consume#fetching-integer-data-types-as-bigint\nhttps://docs.snowflake.com/en/developer-guide/node-js/nodejs-driver-consume#fetching-data-types-as-strings\n\nThis will throw an error in future driver versions."}
{"level":"WARN","message":"[2:35:52.757 AM]: Query result precision loss detected when converting 3.54185858585859e+35 to a JavaScript Number.\n\nFetch as string or BigInt instead:\nhttps://docs.snowflake.com/en/developer-guide/node-js/nodejs-driver-consume#fetching-integer-data-types-as-bigint\nhttps://docs.snowflake.com/en/developer-guide/node-js/nodejs-driver-consume#fetching-data-types-as-strings\n\nThis will throw an error in future driver versions."}
{"level":"WARN","message":"[2:35:52.757 AM]: Query result precision loss detected when converting 3.34090909090909e+35 to a JavaScript Number.\n\nFetch as string or BigInt instead:\nhttps://docs.snowflake.com/en/developer-guide/node-js/nodejs-driver-consume#fetching-integer-data-types-as-bigint\nhttps://docs.snowflake.com/en/developer-guide/node-js/nodejs-driver-consume#fetching-data-types-as-strings\n\nThis will throw an error in future driver versions."}
{"level":"WARN","message":"[2:35:52.757 AM]: Query result precision loss detected when converting 3.54185858585859e+35 to a JavaScript Number.\n\nFetch as string or BigInt instead:\nhttps://docs.snowflake.com/en/developer-guide/node-js/nodejs-driver-consume#fetching-integer-data-types-as-bigint\nhttps://docs.snowflake.com/en/developer-guide/node-js/nodejs-driver-consume#fetching-data-types-as-strings\n\nThis will throw an error in future driver versions."}
{"level":"WARN","message":"[2:35:52.757 AM]: Query result precision loss detected when converting 3.54185858585859e+35 to a JavaScript Number.\n\nFetch as string or BigInt instead:\nhttps://docs.snowflake.com/en/developer-guide/node-js/nodejs-driver-consume#fetching-integer-data-types-as-bigint\nhttps://docs.snowflake.com/en/developer-guide/node-js/nodejs-driver-consume#fetching-data-types-as-strings\n\nThis will throw an error in future driver versions."}
{"level":"WARN","message":"[2:35:52.757 AM]: Query result precision loss detected when converting 2.1599595959596e+35 to a JavaScript Number.\n\nFetch as string or BigInt instead:\nhttps://docs.snowflake.com/en/developer-guide/node-js/nodejs-driver-consume#fetching-integer-data-types-as-bigint\nhttps://docs.snowflake.com/en/developer-guide/node-js/nodejs-driver-consume#fetching-data-types-as-strings\n\nThis will throw an error in future driver versions."}
{"level":"WARN","message":"[2:35:52.757 AM]: Query result precision loss detected when converting 9.8989898989899e+34 to a JavaScript Number.\n\nFetch as string or BigInt instead:\nhttps://docs.snowflake.com/en/developer-guide/node-js/nodejs-driver-consume#fetching-integer-data-types-as-bigint\nhttps://docs.snowflake.com/en/developer-guide/node-js/nodejs-driver-consume#fetching-data-types-as-strings\n\nThis will throw an error in future driver versions."}
{"level":"WARN","message":"[2:35:52.757 AM]: Query result precision loss detected when converting 7.75090909090909e+34 to a JavaScript Number.\n\nFetch as string or BigInt instead:\nhttps://docs.snowflake.com/en/developer-guide/node-js/nodejs-driver-consume#fetching-integer-data-types-as-bigint\nhttps://docs.snowflake.com/en/developer-guide/node-js/nodejs-driver-consume#fetching-data-types-as-strings\n\nThis will throw an error in future driver versions."}
{"level":"WARN","message":"[2:35:52.757 AM]: Query result precision loss detected when converting 2.02830303030303e+35 to a JavaScript Number.\n\nFetch as string or BigInt instead:\nhttps://docs.snowflake.com/en/developer-guide/node-js/nodejs-driver-consume#fetching-integer-data-types-as-bigint\nhttps://docs.snowflake.com/en/developer-guide/node-js/nodejs-driver-consume#fetching-data-types-as-strings\n\nThis will throw an error in future driver versions."}
{"level":"WARN","message":"[2:35:52.757 AM]: Query result precision loss detected when converting 7.75090909090909e+34 to a JavaScript Number.\n\nFetch as string or BigInt instead:\nhttps://docs.snowflake.com/en/developer-guide/node-js/nodejs-driver-consume#fetching-integer-data-types-as-bigint\nhttps://docs.snowflake.com/en/developer-guide/node-js/nodejs-driver-consume#fetching-data-types-as-strings\n\nThis will throw an error in future driver versions."}
{"level":"WARN","message":"[2:35:52.757 AM]: Query result precision loss detected when converting 9.8989898989899e+34 to a JavaScript Number.\n\nFetch as string or BigInt instead:\nhttps://docs.snowflake.com/en/developer-guide/node-js/nodejs-driver-consume#fetching-integer-data-types-as-bigint\nhttps://docs.snowflake.com/en/developer-guide/node-js/nodejs-driver-consume#fetching-data-types-as-strings\n\nThis will throw an error in future driver versions."}
{"level":"WARN","message":"[2:35:52.757 AM]: Query result precision loss detected when converting 2.02830303030303e+35 to a JavaScript Number.\n\nFetch as string or BigInt instead:\nhttps://docs.snowflake.com/en/developer-guide/node-js/nodejs-driver-consume#fetching-integer-data-types-as-bigint\nhttps://docs.snowflake.com/en/developer-guide/node-js/nodejs-driver-consume#fetching-data-types-as-strings\n\nThis will throw an error in future driver versions."}
{"level":"WARN","message":"[2:35:52.757 AM]: Query result precision loss detected when converting 2.1599595959596e+35 to a JavaScript Number.\n\nFetch as string or BigInt instead:\nhttps://docs.snowflake.com/en/developer-guide/node-js/nodejs-driver-consume#fetching-integer-data-types-as-bigint\nhttps://docs.snowflake.com/en/developer-guide/node-js/nodejs-driver-consume#fetching-data-types-as-strings\n\nThis will throw an error in future driver versions."}
{"level":"WARN","message":"[2:35:52.757 AM]: Query result precision loss detected when converting 9.8989898989899e+34 to a JavaScript Number.\n\nFetch as string or BigInt instead:\nhttps://docs.snowflake.com/en/developer-guide/node-js/nodejs-driver-consume#fetching-integer-data-types-as-bigint\nhttps://docs.snowflake.com/en/developer-guide/node-js/nodejs-driver-consume#fetching-data-types-as-strings\n\nThis will throw an error in future driver versions."}
{"level":"WARN","message":"[2:35:52.757 AM]: Query result precision loss detected when converting 3.54185858585859e+35 to a JavaScript Number.\n\nFetch as string or BigInt instead:\nhttps://docs.snowflake.com/en/developer-guide/node-js/nodejs-driver-consume#fetching-integer-data-types-as-bigint\nhttps://docs.snowflake.com/en/developer-guide/node-js/nodejs-driver-consume#fetching-data-types-as-strings\n\nThis will throw an error in future driver versions."}
{"level":"WARN","message":"[2:35:52.757 AM]: Query result precision loss detected when converting 3.54185858585859e+35 to a JavaScript Number.\n\nFetch as string or BigInt instead:\nhttps://docs.snowflake.com/en/developer-guide/node-js/nodejs-driver-consume#fetching-integer-data-types-as-bigint\nhttps://docs.snowflake.com/en/developer-guide/node-js/nodejs-driver-consume#fetching-data-types-as-strings\n\nThis will throw an error in future driver versions."}
{"level":"WARN","message":"[2:35:52.757 AM]: Query result precision loss detected when converting 3.54185858585859e+35 to a JavaScript Number.\n\nFetch as string or BigInt instead:\nhttps://docs.snowflake.com/en/developer-guide/node-js/nodejs-driver-consume#fetching-integer-data-types-as-bigint\nhttps://docs.snowflake.com/en/developer-guide/node-js/nodejs-driver-consume#fetching-data-types-as-strings\n\nThis will throw an error in future driver versions."}
{"level":"WARN","message":"[2:35:52.757 AM]: Query result precision loss detected when converting 3.54185858585859e+35 to a JavaScript Number.\n\nFetch as string or BigInt instead:\nhttps://docs.snowflake.com/en/developer-guide/node-js/nodejs-driver-consume#fetching-integer-data-types-as-bigint\nhttps://docs.snowflake.com/en/developer-guide/node-js/nodejs-driver-consume#fetching-data-types-as-strings\n\nThis will throw an error in future driver versions."}
{"level":"WARN","message":"[2:35:52.757 AM]: Query result precision loss detected when converting 6.91939393939394e+34 to a JavaScript Number.\n\nFetch as string or BigInt instead:\nhttps://docs.snowflake.com/en/developer-guide/node-js/nodejs-driver-consume#fetching-integer-data-types-as-bigint\nhttps://docs.snowflake.com/en/developer-guide/node-js/nodejs-driver-consume#fetching-data-types-as-strings\n\nThis will throw an error in future driver versions."}
{"level":"WARN","message":"[2:35:52.757 AM]: Query result precision loss detected when converting 3.54185858585859e+35 to a JavaScript Number.\n\nFetch as string or BigInt instead:\nhttps://docs.snowflake.com/en/developer-guide/node-js/nodejs-driver-consume#fetching-integer-data-types-as-bigint\nhttps://docs.snowflake.com/en/developer-guide/node-js/nodejs-driver-consume#fetching-data-types-as-strings\n\nThis will throw an error in future driver versions."}
{"level":"WARN","message":"[2:35:52.757 AM]: Query result precision loss detected when converting 3.54185858585859e+35 to a JavaScript Number.\n\nFetch as string or BigInt instead:\nhttps://docs.snowflake.com/en/developer-guide/node-js/nodejs-driver-consume#fetching-integer-data-types-as-bigint\nhttps://docs.snowflake.com/en/developer-guide/node-js/nodejs-driver-consume#fetching-data-types-as-strings\n\nThis will throw an error in future driver versions."}
{"level":"WARN","message":"[2:35:52.757 AM]: Query result precision loss detected when converting 3.54185858585859e+35 to a JavaScript Number.\n\nFetch as string or BigInt instead:\nhttps://docs.snowflake.com/en/developer-guide/node-js/nodejs-driver-consume#fetching-integer-data-types-as-bigint\nhttps://docs.snowflake.com/en/developer-guide/node-js/nodejs-driver-consume#fetching-data-types-as-strings\n\nThis will throw an error in future driver versions."}
{"level":"WARN","message":"[2:35:52.757 AM]: Query result precision loss detected when converting 3.54185858585859e+35 to a JavaScript Number.\n\nFetch as string or BigInt instead:\nhttps://docs.snowflake.com/en/developer-guide/node-js/nodejs-driver-consume#fetching-integer-data-types-as-bigint\nhttps://docs.snowflake.com/en/developer-guide/node-js/nodejs-driver-consume#fetching-data-types-as-strings\n\nThis will throw an error in future driver versions."}
{"level":"WARN","message":"[2:35:52.757 AM]: Query result precision loss detected when converting 2.07878787878788e+33 to a JavaScript Number.\n\nFetch as string or BigInt instead:\nhttps://docs.snowflake.com/en/developer-guide/node-js/nodejs-driver-consume#fetching-integer-data-types-as-bigint\nhttps://docs.snowflake.com/en/developer-guide/node-js/nodejs-driver-consume#fetching-data-types-as-strings\n\nThis will throw an error in future driver versions."}
{"level":"WARN","message":"[2:35:52.757 AM]: Query result precision loss detected when converting 3.95959595959596e+32 to a JavaScript Number.\n\nFetch as string or BigInt instead:\nhttps://docs.snowflake.com/en/developer-guide/node-js/nodejs-driver-consume#fetching-integer-data-types-as-bigint\nhttps://docs.snowflake.com/en/developer-guide/node-js/nodejs-driver-consume#fetching-data-types-as-strings\n\nThis will throw an error in future driver versions."}
{"level":"WARN","message":"[2:35:52.757 AM]: Query result precision loss detected when converting 3.46464646464647e+33 to a JavaScript Number.\n\nFetch as string or BigInt instead:\nhttps://docs.snowflake.com/en/developer-guide/node-js/nodejs-driver-consume#fetching-integer-data-types-as-bigint\nhttps://docs.snowflake.com/en/developer-guide/node-js/nodejs-driver-consume#fetching-data-types-as-strings\n\nThis will throw an error in future driver versions."}
{"level":"WARN","message":"[2:35:52.757 AM]: Query result precision loss detected when converting 4.94949494949495e+32 to a JavaScript Number.\n\nFetch as string or BigInt instead:\nhttps://docs.snowflake.com/en/developer-guide/node-js/nodejs-driver-consume#fetching-integer-data-types-as-bigint\nhttps://docs.snowflake.com/en/developer-guide/node-js/nodejs-driver-consume#fetching-data-types-as-strings\n\nThis will throw an error in future driver versions."}
{"level":"WARN","message":"[2:35:52.757 AM]: Query result precision loss detected when converting 8.90909090909091e+32 to a JavaScript Number.\n\nFetch as string or BigInt instead:\nhttps://docs.snowflake.com/en/developer-guide/node-js/nodejs-driver-consume#fetching-integer-data-types-as-bigint\nhttps://docs.snowflake.com/en/developer-guide/node-js/nodejs-driver-consume#fetching-data-types-as-strings\n\nThis will throw an error in future driver versions."}
{"level":"WARN","message":"[2:35:52.757 AM]: Query result precision loss detected when converting 3.46464646464647e+33 to a JavaScript Number.\n\nFetch as string or BigInt instead:\nhttps://docs.snowflake.com/en/developer-guide/node-js/nodejs-driver-consume#fetching-integer-data-types-as-bigint\nhttps://docs.snowflake.com/en/developer-guide/node-js/nodejs-driver-consume#fetching-data-types-as-strings\n\nThis will throw an error in future driver versions."}
{"level":"WARN","message":"[2:35:52.757 AM]: Query result precision loss detected when converting 6.33535353535354e+33 to a JavaScript Number.\n\nFetch as string or BigInt instead:\nhttps://docs.snowflake.com/en/developer-guide/node-js/nodejs-driver-consume#fetching-integer-data-types-as-bigint\nhttps://docs.snowflake.com/en/developer-guide/node-js/nodejs-driver-consume#fetching-data-types-as-strings\n\nThis will throw an error in future driver versions."}
{"level":"WARN","message":"[2:35:52.757 AM]: Query result precision loss detected when converting 3.95959595959596e+32 to a JavaScript Number.\n\nFetch as string or BigInt instead:\nhttps://docs.snowflake.com/en/developer-guide/node-js/nodejs-driver-consume#fetching-integer-data-types-as-bigint\nhttps://docs.snowflake.com/en/developer-guide/node-js/nodejs-driver-consume#fetching-data-types-as-strings\n\nThis will throw an error in future driver versions."}
{"level":"WARN","message":"[2:35:52.758 AM]: Query result precision loss detected when converting 3.95959595959596e+32 to a JavaScript Number.\n\nFetch as string or BigInt instead:\nhttps://docs.snowflake.com/en/developer-guide/node-js/nodejs-driver-consume#fetching-integer-data-types-as-bigint\nhttps://docs.snowflake.com/en/developer-guide/node-js/nodejs-driver-consume#fetching-data-types-as-strings\n\nThis will throw an error in future driver versions."}
{"level":"WARN","message":"[2:35:52.758 AM]: Query result precision loss detected when converting 2.07878787878788e+33 to a JavaScript Number.\n\nFetch as string or BigInt instead:\nhttps://docs.snowflake.com/en/developer-guide/node-js/nodejs-driver-consume#fetching-integer-data-types-as-bigint\nhttps://docs.snowflake.com/en/developer-guide/node-js/nodejs-driver-consume#fetching-data-types-as-strings\n\nThis will throw an error in future driver versions."}
{"level":"WARN","message":"[2:35:52.758 AM]: Query result precision loss detected when converting 1.97979797979798e+32 to a JavaScript Number.\n\nFetch as string or BigInt instead:\nhttps://docs.snowflake.com/en/developer-guide/node-js/nodejs-driver-consume#fetching-integer-data-types-as-bigint\nhttps://docs.snowflake.com/en/developer-guide/node-js/nodejs-driver-consume#fetching-data-types-as-strings\n\nThis will throw an error in future driver versions."}
{"level":"WARN","message":"[2:35:52.758 AM]: Query result precision loss detected when converting 2.47474747474748e+33 to a JavaScript Number.\n\nFetch as string or BigInt instead:\nhttps://docs.snowflake.com/en/developer-guide/node-js/nodejs-driver-consume#fetching-integer-data-types-as-bigint\nhttps://docs.snowflake.com/en/developer-guide/node-js/nodejs-driver-consume#fetching-data-types-as-strings\n\nThis will throw an error in future driver versions."}
{"level":"WARN","message":"[2:35:52.758 AM]: Query result precision loss detected when converting 1.97979797979798e+32 to a JavaScript Number.\n\nFetch as string or BigInt instead:\nhttps://docs.snowflake.com/en/developer-guide/node-js/nodejs-driver-consume#fetching-integer-data-types-as-bigint\nhttps://docs.snowflake.com/en/developer-guide/node-js/nodejs-driver-consume#fetching-data-types-as-strings\n\nThis will throw an error in future driver versions."}
{"level":"WARN","message":"[2:35:52.758 AM]: Query result precision loss detected when converting 2.07878787878788e+33 to a JavaScript Number.\n\nFetch as string or BigInt instead:\nhttps://docs.snowflake.com/en/developer-guide/node-js/nodejs-driver-consume#fetching-integer-data-types-as-bigint\nhttps://docs.snowflake.com/en/developer-guide/node-js/nodejs-driver-consume#fetching-data-types-as-strings\n\nThis will throw an error in future driver versions."}
{"level":"WARN","message":"[2:35:52.758 AM]: Query result precision loss detected when converting 3.95959595959596e+32 to a JavaScript Number.\n\nFetch as string or BigInt instead:\nhttps://docs.snowflake.com/en/developer-guide/node-js/nodejs-driver-consume#fetching-integer-data-types-as-bigint\nhttps://docs.snowflake.com/en/developer-guide/node-js/nodejs-driver-consume#fetching-data-types-as-strings\n\nThis will throw an error in future driver versions."}
{"level":"WARN","message":"[2:35:52.758 AM]: Query result precision loss detected when converting 2.47474747474748e+33 to a JavaScript Number.\n\nFetch as string or BigInt instead:\nhttps://docs.snowflake.com/en/developer-guide/node-js/nodejs-driver-consume#fetching-integer-data-types-as-bigint\nhttps://docs.snowflake.com/en/developer-guide/node-js/nodejs-driver-consume#fetching-data-types-as-strings\n\nThis will throw an error in future driver versions."}
{"level":"WARN","message":"[2:35:52.758 AM]: Query result precision loss detected when converting 4.94949494949495e+32 to a JavaScript Number.\n\nFetch as string or BigInt instead:\nhttps://docs.snowflake.com/en/developer-guide/node-js/nodejs-driver-consume#fetching-integer-data-types-as-bigint\nhttps://docs.snowflake.com/en/developer-guide/node-js/nodejs-driver-consume#fetching-data-types-as-strings\n\nThis will throw an error in future driver versions."}
{"level":"WARN","message":"[2:35:52.758 AM]: Query result precision loss detected when converting 1.97979797979798e+32 to a JavaScript Number.\n\nFetch as string or BigInt instead:\nhttps://docs.snowflake.com/en/developer-guide/node-js/nodejs-driver-consume#fetching-integer-data-types-as-bigint\nhttps://docs.snowflake.com/en/developer-guide/node-js/nodejs-driver-consume#fetching-data-types-as-strings\n\nThis will throw an error in future driver versions."}
{"level":"WARN","message":"[2:35:52.758 AM]: Query result precision loss detected when converting 2.96969696969697e+33 to a JavaScript Number.\n\nFetch as string or BigInt instead:\nhttps://docs.snowflake.com/en/developer-guide/node-js/nodejs-driver-consume#fetching-integer-data-types-as-bigint\nhttps://docs.snowflake.com/en/developer-guide/node-js/nodejs-driver-consume#fetching-data-types-as-strings\n\nThis will throw an error in future driver versions."}
{"level":"WARN","message":"[2:35:52.758 AM]: Query result precision loss detected when converting 4.94949494949495e+32 to a JavaScript Number.\n\nFetch as string or BigInt instead:\nhttps://docs.snowflake.com/en/developer-guide/node-js/nodejs-driver-consume#fetching-integer-data-types-as-bigint\nhttps://docs.snowflake.com/en/developer-guide/node-js/nodejs-driver-consume#fetching-data-types-as-strings\n\nThis will throw an error in future driver versions."}
{"level":"WARN","message":"[2:35:52.758 AM]: Query result precision loss detected when converting 3.26666666666667e+33 to a JavaScript Number.\n\nFetch as string or BigInt instead:\nhttps://docs.snowflake.com/en/developer-guide/node-js/nodejs-driver-consume#fetching-integer-data-types-as-bigint\nhttps://docs.snowflake.com/en/developer-guide/node-js/nodejs-driver-consume#fetching-data-types-as-strings\n\nThis will throw an error in future driver versions."}
{"level":"WARN","message":"[2:35:52.758 AM]: Query result precision loss detected when converting 3.95959595959596e+32 to a JavaScript Number.\n\nFetch as string or BigInt instead:\nhttps://docs.snowflake.com/en/developer-guide/node-js/nodejs-driver-consume#fetching-integer-data-types-as-bigint\nhttps://docs.snowflake.com/en/developer-guide/node-js/nodejs-driver-consume#fetching-data-types-as-strings\n\nThis will throw an error in future driver versions."}
{"level":"WARN","message":"[2:35:52.758 AM]: Query result precision loss detected when converting 2.37575757575758e+33 to a JavaScript Number.\n\nFetch as string or BigInt instead:\nhttps://docs.snowflake.com/en/developer-guide/node-js/nodejs-driver-consume#fetching-integer-data-types-as-bigint\nhttps://docs.snowflake.com/en/developer-guide/node-js/nodejs-driver-consume#fetching-data-types-as-strings\n\nThis will throw an error in future driver versions."}
{"level":"WARN","message":"[2:35:52.758 AM]: Query result precision loss detected when converting 3.26666666666667e+33 to a JavaScript Number.\n\nFetch as string or BigInt instead:\nhttps://docs.snowflake.com/en/developer-guide/node-js/nodejs-driver-consume#fetching-integer-data-types-as-bigint\nhttps://docs.snowflake.com/en/developer-guide/node-js/nodejs-driver-consume#fetching-data-types-as-strings\n\nThis will throw an error in future driver versions."}
{"level":"WARN","message":"[2:35:52.758 AM]: Query result precision loss detected when converting 3.95959595959596e+32 to a JavaScript Number.\n\nFetch as string or BigInt instead:\nhttps://docs.snowflake.com/en/developer-guide/node-js/nodejs-driver-consume#fetching-integer-data-types-as-bigint\nhttps://docs.snowflake.com/en/developer-guide/node-js/nodejs-driver-consume#fetching-data-types-as-strings\n\nThis will throw an error in future driver versions."}
{"level":"WARN","message":"[2:35:52.758 AM]: Query result precision loss detected when converting 3.46464646464647e+33 to a JavaScript Number.\n\nFetch as string or BigInt instead:\nhttps://docs.snowflake.com/en/developer-guide/node-js/nodejs-driver-consume#fetching-integer-data-types-as-bigint\nhttps://docs.snowflake.com/en/developer-guide/node-js/nodejs-driver-consume#fetching-data-types-as-strings\n\nThis will throw an error in future driver versions."}
{"level":"WARN","message":"[2:35:52.758 AM]: Query result precision loss detected when converting 4.94949494949495e+32 to a JavaScript Number.\n\nFetch as string or BigInt instead:\nhttps://docs.snowflake.com/en/developer-guide/node-js/nodejs-driver-consume#fetching-integer-data-types-as-bigint\nhttps://docs.snowflake.com/en/developer-guide/node-js/nodejs-driver-consume#fetching-data-types-as-strings\n\nThis will throw an error in future driver versions."}
{"level":"WARN","message":"[2:35:52.758 AM]: Query result precision loss detected when converting 2.96969696969697e+33 to a JavaScript Number.\n\nFetch as string or BigInt instead:\nhttps://docs.snowflake.com/en/developer-guide/node-js/nodejs-driver-consume#fetching-integer-data-types-as-bigint\nhttps://docs.snowflake.com/en/developer-guide/node-js/nodejs-driver-consume#fetching-data-types-as-strings\n\nThis will throw an error in future driver versions."}
{"level":"WARN","message":"[2:35:52.758 AM]: Query result precision loss detected when converting 1.97979797979798e+32 to a JavaScript Number.\n\nFetch as string or BigInt instead:\nhttps://docs.snowflake.com/en/developer-guide/node-js/nodejs-driver-consume#fetching-integer-data-types-as-bigint\nhttps://docs.snowflake.com/en/developer-guide/node-js/nodejs-driver-consume#fetching-data-types-as-strings\n\nThis will throw an error in future driver versions."}
{"level":"WARN","message":"[2:35:52.758 AM]: Query result precision loss detected when converting 4.94949494949495e+32 to a JavaScript Number.\n\nFetch as string or BigInt instead:\nhttps://docs.snowflake.com/en/developer-guide/node-js/nodejs-driver-consume#fetching-integer-data-types-as-bigint\nhttps://docs.snowflake.com/en/developer-guide/node-js/nodejs-driver-consume#fetching-data-types-as-strings\n\nThis will throw an error in future driver versions."}
{"level":"WARN","message":"[2:35:52.758 AM]: Query result precision loss detected when converting 9.8989898989899e+32 to a JavaScript Number.\n\nFetch as string or BigInt instead:\nhttps://docs.snowflake.com/en/developer-guide/node-js/nodejs-driver-consume#fetching-integer-data-types-as-bigint\nhttps://docs.snowflake.com/en/developer-guide/node-js/nodejs-driver-consume#fetching-data-types-as-strings\n\nThis will throw an error in future driver versions."}
{"level":"WARN","message":"[2:35:52.758 AM]: Query result precision loss detected when converting 6.92929292929293e+33 to a JavaScript Number.\n\nFetch as string or BigInt instead:\nhttps://docs.snowflake.com/en/developer-guide/node-js/nodejs-driver-consume#fetching-integer-data-types-as-bigint\nhttps://docs.snowflake.com/en/developer-guide/node-js/nodejs-driver-consume#fetching-data-types-as-strings\n\nThis will throw an error in future driver versions."}
{"level":"WARN","message":"[2:35:52.758 AM]: Query result precision loss detected when converting 6.92929292929293e+33 to a JavaScript Number.\n\nFetch as string or BigInt instead:\nhttps://docs.snowflake.com/en/developer-guide/node-js/nodejs-driver-consume#fetching-integer-data-types-as-bigint\nhttps://docs.snowflake.com/en/developer-guide/node-js/nodejs-driver-consume#fetching-data-types-as-strings\n\nThis will throw an error in future driver versions."}
{"level":"WARN","message":"[2:35:52.758 AM]: Query result precision loss detected when converting 4.94949494949495e+32 to a JavaScript Number.\n\nFetch as string or BigInt instead:\nhttps://docs.snowflake.com/en/developer-guide/node-js/nodejs-driver-consume#fetching-integer-data-types-as-bigint\nhttps://docs.snowflake.com/en/developer-guide/node-js/nodejs-driver-consume#fetching-data-types-as-strings\n\nThis will throw an error in future driver versions."}
{"level":"WARN","message":"[2:35:52.758 AM]: Query result precision loss detected when converting 1.97979797979798e+32 to a JavaScript Number.\n\nFetch as string or BigInt instead:\nhttps://docs.snowflake.com/en/developer-guide/node-js/nodejs-driver-consume#fetching-integer-data-types-as-bigint\nhttps://docs.snowflake.com/en/developer-guide/node-js/nodejs-driver-consume#fetching-data-types-as-strings\n\nThis will throw an error in future driver versions."}
{"level":"WARN","message":"[2:35:52.758 AM]: Query result precision loss detected when converting 1.18787878787879e+34 to a JavaScript Number.\n\nFetch as string or BigInt instead:\nhttps://docs.snowflake.com/en/developer-guide/node-js/nodejs-driver-consume#fetching-integer-data-types-as-bigint\nhttps://docs.snowflake.com/en/developer-guide/node-js/nodejs-driver-consume#fetching-data-types-as-strings\n\nThis will throw an error in future driver versions."}
{"level":"WARN","message":"[2:35:52.758 AM]: Query result precision loss detected when converting 2.17777777777778e+33 to a JavaScript Number.\n\nFetch as string or BigInt instead:\nhttps://docs.snowflake.com/en/developer-guide/node-js/nodejs-driver-consume#fetching-integer-data-types-as-bigint\nhttps://docs.snowflake.com/en/developer-guide/node-js/nodejs-driver-consume#fetching-data-types-as-strings\n\nThis will throw an error in future driver versions."}
{"level":"WARN","message":"[2:35:52.758 AM]: Query result precision loss detected when converting 8.90909090909091e+32 to a JavaScript Number.\n\nFetch as string or BigInt instead:\nhttps://docs.snowflake.com/en/developer-guide/node-js/nodejs-driver-consume#fetching-integer-data-types-as-bigint\nhttps://docs.snowflake.com/en/developer-guide/node-js/nodejs-driver-consume#fetching-data-types-as-strings\n\nThis will throw an error in future driver versions."}
{"level":"WARN","message":"[2:35:52.758 AM]: Query result precision loss detected when converting 2.17777777777778e+33 to a JavaScript Number.\n\nFetch as string or BigInt instead:\nhttps://docs.snowflake.com/en/developer-guide/node-js/nodejs-driver-consume#fetching-integer-data-types-as-bigint\nhttps://docs.snowflake.com/en/developer-guide/node-js/nodejs-driver-consume#fetching-data-types-as-strings\n\nThis will throw an error in future driver versions."}
{"level":"WARN","message":"[2:35:52.758 AM]: Query result precision loss detected when converting 3.46464646464647e+33 to a JavaScript Number.\n\nFetch as string or BigInt instead:\nhttps://docs.snowflake.com/en/developer-guide/node-js/nodejs-driver-consume#fetching-integer-data-types-as-bigint\nhttps://docs.snowflake.com/en/developer-guide/node-js/nodejs-driver-consume#fetching-data-types-as-strings\n\nThis will throw an error in future driver versions."}
{"level":"WARN","message":"[2:35:52.758 AM]: Query result precision loss detected when converting 4.94949494949495e+32 to a JavaScript Number.\n\nFetch as string or BigInt instead:\nhttps://docs.snowflake.com/en/developer-guide/node-js/nodejs-driver-consume#fetching-integer-data-types-as-bigint\nhttps://docs.snowflake.com/en/developer-guide/node-js/nodejs-driver-consume#fetching-data-types-as-strings\n\nThis will throw an error in future driver versions."}
{"level":"WARN","message":"[2:35:52.758 AM]: Query result precision loss detected when converting 3.46464646464647e+33 to a JavaScript Number.\n\nFetch as string or BigInt instead:\nhttps://docs.snowflake.com/en/developer-guide/node-js/nodejs-driver-consume#fetching-integer-data-types-as-bigint\nhttps://docs.snowflake.com/en/developer-guide/node-js/nodejs-driver-consume#fetching-data-types-as-strings\n\nThis will throw an error in future driver versions."}
{"level":"WARN","message":"[2:35:52.758 AM]: Query result precision loss detected when converting 2.17777777777778e+33 to a JavaScript Number.\n\nFetch as string or BigInt instead:\nhttps://docs.snowflake.com/en/developer-guide/node-js/nodejs-driver-consume#fetching-integer-data-types-as-bigint\nhttps://docs.snowflake.com/en/developer-guide/node-js/nodejs-driver-consume#fetching-data-types-as-strings\n\nThis will throw an error in future driver versions."}
{"level":"WARN","message":"[2:35:52.758 AM]: Query result precision loss detected when converting 2.37575757575758e+33 to a JavaScript Number.\n\nFetch as string or BigInt instead:\nhttps://docs.snowflake.com/en/developer-guide/node-js/nodejs-driver-consume#fetching-integer-data-types-as-bigint\nhttps://docs.snowflake.com/en/developer-guide/node-js/nodejs-driver-consume#fetching-data-types-as-strings\n\nThis will throw an error in future driver versions."}
{"level":"WARN","message":"[2:35:52.758 AM]: Query result precision loss detected when converting 3.95959595959596e+32 to a JavaScript Number.\n\nFetch as string or BigInt instead:\nhttps://docs.snowflake.com/en/developer-guide/node-js/nodejs-driver-consume#fetching-integer-data-types-as-bigint\nhttps://docs.snowflake.com/en/developer-guide/node-js/nodejs-driver-consume#fetching-data-types-as-strings\n\nThis will throw an error in future driver versions."}
{"level":"WARN","message":"[2:35:52.758 AM]: Query result precision loss detected when converting 3.26666666666667e+33 to a JavaScript Number.\n\nFetch as string or BigInt instead:\nhttps://docs.snowflake.com/en/developer-guide/node-js/nodejs-driver-consume#fetching-integer-data-types-as-bigint\nhttps://docs.snowflake.com/en/developer-guide/node-js/nodejs-driver-consume#fetching-data-types-as-strings\n\nThis will throw an error in future driver versions."}
{"level":"WARN","message":"[2:35:52.758 AM]: Query result precision loss detected when converting 3.95959595959596e+32 to a JavaScript Number.\n\nFetch as string or BigInt instead:\nhttps://docs.snowflake.com/en/developer-guide/node-js/nodejs-driver-consume#fetching-integer-data-types-as-bigint\nhttps://docs.snowflake.com/en/developer-guide/node-js/nodejs-driver-consume#fetching-data-types-as-strings\n\nThis will throw an error in future driver versions."}
{"level":"WARN","message":"[2:35:52.758 AM]: Query result precision loss detected when converting 1.97979797979798e+32 to a JavaScript Number.\n\nFetch as string or BigInt instead:\nhttps://docs.snowflake.com/en/developer-guide/node-js/nodejs-driver-consume#fetching-integer-data-types-as-bigint\nhttps://docs.snowflake.com/en/developer-guide/node-js/nodejs-driver-consume#fetching-data-types-as-strings\n\nThis will throw an error in future driver versions."}
{"level":"WARN","message":"[2:35:52.758 AM]: Query result precision loss detected when converting 4.94949494949495e+32 to a JavaScript Number.\n\nFetch as string or BigInt instead:\nhttps://docs.snowflake.com/en/developer-guide/node-js/nodejs-driver-consume#fetching-integer-data-types-as-bigint\nhttps://docs.snowflake.com/en/developer-guide/node-js/nodejs-driver-consume#fetching-data-types-as-strings\n\nThis will throw an error in future driver versions."}
{"level":"WARN","message":"[2:35:52.758 AM]: Query result precision loss detected when converting 2.87070707070707e+33 to a JavaScript Number.\n\nFetch as string or BigInt instead:\nhttps://docs.snowflake.com/en/developer-guide/node-js/nodejs-driver-consume#fetching-integer-data-types-as-bigint\nhttps://docs.snowflake.com/en/developer-guide/node-js/nodejs-driver-consume#fetching-data-types-as-strings\n\nThis will throw an error in future driver versions."}
{"level":"WARN","message":"[2:35:52.758 AM]: Query result precision loss detected when converting 3.46464646464647e+33 to a JavaScript Number.\n\nFetch as string or BigInt instead:\nhttps://docs.snowflake.com/en/developer-guide/node-js/nodejs-driver-consume#fetching-integer-data-types-as-bigint\nhttps://docs.snowflake.com/en/developer-guide/node-js/nodejs-driver-consume#fetching-data-types-as-strings\n\nThis will throw an error in future driver versions."}
{"level":"WARN","message":"[2:35:52.758 AM]: Query result precision loss detected when converting 2.87070707070707e+33 to a JavaScript Number.\n\nFetch as string or BigInt instead:\nhttps://docs.snowflake.com/en/developer-guide/node-js/nodejs-driver-consume#fetching-integer-data-types-as-bigint\nhttps://docs.snowflake.com/en/developer-guide/node-js/nodejs-driver-consume#fetching-data-types-as-strings\n\nThis will throw an error in future driver versions."}
{"level":"WARN","message":"[2:35:52.758 AM]: Query result precision loss detected when converting 4.94949494949495e+32 to a JavaScript Number.\n\nFetch as string or BigInt instead:\nhttps://docs.snowflake.com/en/developer-guide/node-js/nodejs-driver-consume#fetching-integer-data-types-as-bigint\nhttps://docs.snowflake.com/en/developer-guide/node-js/nodejs-driver-consume#fetching-data-types-as-strings\n\nThis will throw an error in future driver versions."}
{"level":"WARN","message":"[2:35:52.758 AM]: Query result precision loss detected when converting 1.97979797979798e+32 to a JavaScript Number.\n\nFetch as string or BigInt instead:\nhttps://docs.snowflake.com/en/developer-guide/node-js/nodejs-driver-consume#fetching-integer-data-types-as-bigint\nhttps://docs.snowflake.com/en/developer-guide/node-js/nodejs-driver-consume#fetching-data-types-as-strings\n\nThis will throw an error in future driver versions."}
{"level":"WARN","message":"[2:35:52.758 AM]: Query result precision loss detected when converting 3.46464646464647e+33 to a JavaScript Number.\n\nFetch as string or BigInt instead:\nhttps://docs.snowflake.com/en/developer-guide/node-js/nodejs-driver-consume#fetching-integer-data-types-as-bigint\nhttps://docs.snowflake.com/en/developer-guide/node-js/nodejs-driver-consume#fetching-data-types-as-strings\n\nThis will throw an error in future driver versions."}
{"level":"WARN","message":"[2:35:52.758 AM]: Query result precision loss detected when converting 1.97979797979798e+32 to a JavaScript Number.\n\nFetch as string or BigInt instead:\nhttps://docs.snowflake.com/en/developer-guide/node-js/nodejs-driver-consume#fetching-integer-data-types-as-bigint\nhttps://docs.snowflake.com/en/developer-guide/node-js/nodejs-driver-consume#fetching-data-types-as-strings\n\nThis will throw an error in future driver versions."}
{"level":"WARN","message":"[2:35:52.758 AM]: Query result precision loss detected when converting 4.94949494949495e+32 to a JavaScript Number.\n\nFetch as string or BigInt instead:\nhttps://docs.snowflake.com/en/developer-guide/node-js/nodejs-driver-consume#fetching-integer-data-types-as-bigint\nhttps://docs.snowflake.com/en/developer-guide/node-js/nodejs-driver-consume#fetching-data-types-as-strings\n\nThis will throw an error in future driver versions."}
{"level":"WARN","message":"[2:35:52.758 AM]: Query result precision loss detected when converting 3.46464646464647e+33 to a JavaScript Number.\n\nFetch as string or BigInt instead:\nhttps://docs.snowflake.com/en/developer-guide/node-js/nodejs-driver-consume#fetching-integer-data-types-as-bigint\nhttps://docs.snowflake.com/en/developer-guide/node-js/nodejs-driver-consume#fetching-data-types-as-strings\n\nThis will throw an error in future driver versions."}
{"level":"WARN","message":"[2:35:52.758 AM]: Query result precision loss detected when converting 1.18787878787879e+34 to a JavaScript Number.\n\nFetch as string or BigInt instead:\nhttps://docs.snowflake.com/en/developer-guide/node-js/nodejs-driver-consume#fetching-integer-data-types-as-bigint\nhttps://docs.snowflake.com/en/developer-guide/node-js/nodejs-driver-consume#fetching-data-types-as-strings\n\nThis will throw an error in future driver versions."}
{"level":"WARN","message":"[2:35:52.758 AM]: Query result precision loss detected when converting 2.17777777777778e+33 to a JavaScript Number.\n\nFetch as string or BigInt instead:\nhttps://docs.snowflake.com/en/developer-guide/node-js/nodejs-driver-consume#fetching-integer-data-types-as-bigint\nhttps://docs.snowflake.com/en/developer-guide/node-js/nodejs-driver-consume#fetching-data-types-as-strings\n\nThis will throw an error in future driver versions."}
{"level":"WARN","message":"[2:35:52.758 AM]: Query result precision loss detected when converting 4.94949494949495e+32 to a JavaScript Number.\n\nFetch as string or BigInt instead:\nhttps://docs.snowflake.com/en/developer-guide/node-js/nodejs-driver-consume#fetching-integer-data-types-as-bigint\nhttps://docs.snowflake.com/en/developer-guide/node-js/nodejs-driver-consume#fetching-data-types-as-strings\n\nThis will throw an error in future driver versions."}
{"level":"WARN","message":"[2:35:52.758 AM]: Query result precision loss detected when converting 9.8989898989899e+32 to a JavaScript Number.\n\nFetch as string or BigInt instead:\nhttps://docs.snowflake.com/en/developer-guide/node-js/nodejs-driver-consume#fetching-integer-data-types-as-bigint\nhttps://docs.snowflake.com/en/developer-guide/node-js/nodejs-driver-consume#fetching-data-types-as-strings\n\nThis will throw an error in future driver versions."}
{"level":"WARN","message":"[2:35:52.758 AM]: Query result precision loss detected when converting 2.17777777777778e+33 to a JavaScript Number.\n\nFetch as string or BigInt instead:\nhttps://docs.snowflake.com/en/developer-guide/node-js/nodejs-driver-consume#fetching-integer-data-types-as-bigint\nhttps://docs.snowflake.com/en/developer-guide/node-js/nodejs-driver-consume#fetching-data-types-as-strings\n\nThis will throw an error in future driver versions."}
{"level":"WARN","message":"[2:35:52.758 AM]: Query result precision loss detected when converting 4.94949494949495e+32 to a JavaScript Number.\n\nFetch as string or BigInt instead:\nhttps://docs.snowflake.com/en/developer-guide/node-js/nodejs-driver-consume#fetching-integer-data-types-as-bigint\nhttps://docs.snowflake.com/en/developer-guide/node-js/nodejs-driver-consume#fetching-data-types-as-strings\n\nThis will throw an error in future driver versions."}
{"level":"WARN","message":"[2:35:52.758 AM]: Query result precision loss detected when converting 9.8989898989899e+32 to a JavaScript Number.\n\nFetch as string or BigInt instead:\nhttps://docs.snowflake.com/en/developer-guide/node-js/nodejs-driver-consume#fetching-integer-data-types-as-bigint\nhttps://docs.snowflake.com/en/developer-guide/node-js/nodejs-driver-consume#fetching-data-types-as-strings\n\nThis will throw an error in future driver versions."}
{"level":"WARN","message":"[2:35:52.758 AM]: Query result precision loss detected when converting 7.91919191919192e+32 to a JavaScript Number.\n\nFetch as string or BigInt instead:\nhttps://docs.snowflake.com/en/developer-guide/node-js/nodejs-driver-consume#fetching-integer-data-types-as-bigint\nhttps://docs.snowflake.com/en/developer-guide/node-js/nodejs-driver-consume#fetching-data-types-as-strings\n\nThis will throw an error in future driver versions."}
{"level":"WARN","message":"[2:35:52.758 AM]: Query result precision loss detected when converting 2.17777777777778e+33 to a JavaScript Number.\n\nFetch as string or BigInt instead:\nhttps://docs.snowflake.com/en/developer-guide/node-js/nodejs-driver-consume#fetching-integer-data-types-as-bigint\nhttps://docs.snowflake.com/en/developer-guide/node-js/nodejs-driver-consume#fetching-data-types-as-strings\n\nThis will throw an error in future driver versions."}
{"level":"WARN","message":"[2:35:52.758 AM]: Query result precision loss detected when converting 3.46464646464647e+33 to a JavaScript Number.\n\nFetch as string or BigInt instead:\nhttps://docs.snowflake.com/en/developer-guide/node-js/nodejs-driver-consume#fetching-integer-data-types-as-bigint\nhttps://docs.snowflake.com/en/developer-guide/node-js/nodejs-driver-consume#fetching-data-types-as-strings\n\nThis will throw an error in future driver versions."}
{"level":"WARN","message":"[2:35:52.758 AM]: Query result precision loss detected when converting 3.46464646464647e+33 to a JavaScript Number.\n\nFetch as string or BigInt instead:\nhttps://docs.snowflake.com/en/developer-guide/node-js/nodejs-driver-consume#fetching-integer-data-types-as-bigint\nhttps://docs.snowflake.com/en/developer-guide/node-js/nodejs-driver-consume#fetching-data-types-as-strings\n\nThis will throw an error in future driver versions."}
{"level":"WARN","message":"[2:35:52.758 AM]: Query result precision loss detected when converting 2.02830303030303e+35 to a JavaScript Number.\n\nFetch as string or BigInt instead:\nhttps://docs.snowflake.com/en/developer-guide/node-js/nodejs-driver-consume#fetching-integer-data-types-as-bigint\nhttps://docs.snowflake.com/en/developer-guide/node-js/nodejs-driver-consume#fetching-data-types-as-strings\n\nThis will throw an error in future driver versions."}
{"level":"WARN","message":"[2:35:52.758 AM]: Query result precision loss detected when converting 2.1599595959596e+35 to a JavaScript Number.\n\nFetch as string or BigInt instead:\nhttps://docs.snowflake.com/en/developer-guide/node-js/nodejs-driver-consume#fetching-integer-data-types-as-bigint\nhttps://docs.snowflake.com/en/developer-guide/node-js/nodejs-driver-consume#fetching-data-types-as-strings\n\nThis will throw an error in future driver versions."}
{"level":"WARN","message":"[2:35:52.758 AM]: Query result precision loss detected when converting 2.1599595959596e+35 to a JavaScript Number.\n\nFetch as string or BigInt instead:\nhttps://docs.snowflake.com/en/developer-guide/node-js/nodejs-driver-consume#fetching-integer-data-types-as-bigint\nhttps://docs.snowflake.com/en/developer-guide/node-js/nodejs-driver-consume#fetching-data-types-as-strings\n\nThis will throw an error in future driver versions."}
{"level":"WARN","message":"[2:35:52.759 AM]: Query result precision loss detected when converting 7.75090909090909e+34 to a JavaScript Number.\n\nFetch as string or BigInt instead:\nhttps://docs.snowflake.com/en/developer-guide/node-js/nodejs-driver-consume#fetching-integer-data-types-as-bigint\nhttps://docs.snowflake.com/en/developer-guide/node-js/nodejs-driver-consume#fetching-data-types-as-strings\n\nThis will throw an error in future driver versions."}
{"level":"WARN","message":"[2:35:52.759 AM]: Query result precision loss detected when converting 2.02830303030303e+35 to a JavaScript Number.\n\nFetch as string or BigInt instead:\nhttps://docs.snowflake.com/en/developer-guide/node-js/nodejs-driver-consume#fetching-integer-data-types-as-bigint\nhttps://docs.snowflake.com/en/developer-guide/node-js/nodejs-driver-consume#fetching-data-types-as-strings\n\nThis will throw an error in future driver versions."}
{"level":"WARN","message":"[2:35:52.759 AM]: Query result precision loss detected when converting 2.02830303030303e+35 to a JavaScript Number.\n\nFetch as string or BigInt instead:\nhttps://docs.snowflake.com/en/developer-guide/node-js/nodejs-driver-consume#fetching-integer-data-types-as-bigint\nhttps://docs.snowflake.com/en/developer-guide/node-js/nodejs-driver-consume#fetching-data-types-as-strings\n\nThis will throw an error in future driver versions."}
{"level":"WARN","message":"[2:35:52.759 AM]: Query result precision loss detected when converting 7.75090909090909e+34 to a JavaScript Number.\n\nFetch as string or BigInt instead:\nhttps://docs.snowflake.com/en/developer-guide/node-js/nodejs-driver-consume#fetching-integer-data-types-as-bigint\nhttps://docs.snowflake.com/en/developer-guide/node-js/nodejs-driver-consume#fetching-data-types-as-strings\n\nThis will throw an error in future driver versions."}
{"level":"WARN","message":"[2:35:52.759 AM]: Query result precision loss detected when converting 7.75090909090909e+34 to a JavaScript Number.\n\nFetch as string or BigInt instead:\nhttps://docs.snowflake.com/en/developer-guide/node-js/nodejs-driver-consume#fetching-integer-data-types-as-bigint\nhttps://docs.snowflake.com/en/developer-guide/node-js/nodejs-driver-consume#fetching-data-types-as-strings\n\nThis will throw an error in future driver versions."}
{"level":"WARN","message":"[2:35:52.759 AM]: Query result precision loss detected when converting 7.75090909090909e+34 to a JavaScript Number.\n\nFetch as string or BigInt instead:\nhttps://docs.snowflake.com/en/developer-guide/node-js/nodejs-driver-consume#fetching-integer-data-types-as-bigint\nhttps://docs.snowflake.com/en/developer-guide/node-js/nodejs-driver-consume#fetching-data-types-as-strings\n\nThis will throw an error in future driver versions."}
{"level":"WARN","message":"[2:35:52.759 AM]: Query result precision loss detected when converting 2.02830303030303e+35 to a JavaScript Number.\n\nFetch as string or BigInt instead:\nhttps://docs.snowflake.com/en/developer-guide/node-js/nodejs-driver-consume#fetching-integer-data-types-as-bigint\nhttps://docs.snowflake.com/en/developer-guide/node-js/nodejs-driver-consume#fetching-data-types-as-strings\n\nThis will throw an error in future driver versions."}
{"level":"WARN","message":"[2:35:52.759 AM]: Query result precision loss detected when converting 2.05008080808081e+35 to a JavaScript Number.\n\nFetch as string or BigInt instead:\nhttps://docs.snowflake.com/en/developer-guide/node-js/nodejs-driver-consume#fetching-integer-data-types-as-bigint\nhttps://docs.snowflake.com/en/developer-guide/node-js/nodejs-driver-consume#fetching-data-types-as-strings\n\nThis will throw an error in future driver versions."}
{"level":"WARN","message":"[2:35:52.759 AM]: Query result precision loss detected when converting 2.05008080808081e+35 to a JavaScript Number.\n\nFetch as string or BigInt instead:\nhttps://docs.snowflake.com/en/developer-guide/node-js/nodejs-driver-consume#fetching-integer-data-types-as-bigint\nhttps://docs.snowflake.com/en/developer-guide/node-js/nodejs-driver-consume#fetching-data-types-as-strings\n\nThis will throw an error in future driver versions."}
{"level":"WARN","message":"[2:35:52.759 AM]: Query result precision loss detected when converting 2.1599595959596e+35 to a JavaScript Number.\n\nFetch as string or BigInt instead:\nhttps://docs.snowflake.com/en/developer-guide/node-js/nodejs-driver-consume#fetching-integer-data-types-as-bigint\nhttps://docs.snowflake.com/en/developer-guide/node-js/nodejs-driver-consume#fetching-data-types-as-strings\n\nThis will throw an error in future driver versions."}
{"level":"WARN","message":"[2:35:52.759 AM]: Query result precision loss detected when converting 2.1599595959596e+35 to a JavaScript Number.\n\nFetch as string or BigInt instead:\nhttps://docs.snowflake.com/en/developer-guide/node-js/nodejs-driver-consume#fetching-integer-data-types-as-bigint\nhttps://docs.snowflake.com/en/developer-guide/node-js/nodejs-driver-consume#fetching-data-types-as-strings\n\nThis will throw an error in future driver versions."}
{"level":"WARN","message":"[2:35:52.759 AM]: Query result precision loss detected when converting 9.8989898989899e+34 to a JavaScript Number.\n\nFetch as string or BigInt instead:\nhttps://docs.snowflake.com/en/developer-guide/node-js/nodejs-driver-consume#fetching-integer-data-types-as-bigint\nhttps://docs.snowflake.com/en/developer-guide/node-js/nodejs-driver-consume#fetching-data-types-as-strings\n\nThis will throw an error in future driver versions."}
{"level":"WARN","message":"[2:35:52.759 AM]: Query result precision loss detected when converting 2.05008080808081e+35 to a JavaScript Number.\n\nFetch as string or BigInt instead:\nhttps://docs.snowflake.com/en/developer-guide/node-js/nodejs-driver-consume#fetching-integer-data-types-as-bigint\nhttps://docs.snowflake.com/en/developer-guide/node-js/nodejs-driver-consume#fetching-data-types-as-strings\n\nThis will throw an error in future driver versions."}
{"level":"WARN","message":"[2:35:52.759 AM]: Query result precision loss detected when converting 2.02830303030303e+35 to a JavaScript Number.\n\nFetch as string or BigInt instead:\nhttps://docs.snowflake.com/en/developer-guide/node-js/nodejs-driver-consume#fetching-integer-data-types-as-bigint\nhttps://docs.snowflake.com/en/developer-guide/node-js/nodejs-driver-consume#fetching-data-types-as-strings\n\nThis will throw an error in future driver versions."}
{"level":"WARN","message":"[2:35:52.759 AM]: Query result precision loss detected when converting 7.75090909090909e+34 to a JavaScript Number.\n\nFetch as string or BigInt instead:\nhttps://docs.snowflake.com/en/developer-guide/node-js/nodejs-driver-consume#fetching-integer-data-types-as-bigint\nhttps://docs.snowflake.com/en/developer-guide/node-js/nodejs-driver-consume#fetching-data-types-as-strings\n\nThis will throw an error in future driver versions."}
{"level":"WARN","message":"[2:35:52.759 AM]: Query result precision loss detected when converting 7.75090909090909e+34 to a JavaScript Number.\n\nFetch as string or BigInt instead:\nhttps://docs.snowflake.com/en/developer-guide/node-js/nodejs-driver-consume#fetching-integer-data-types-as-bigint\nhttps://docs.snowflake.com/en/developer-guide/node-js/nodejs-driver-consume#fetching-data-types-as-strings\n\nThis will throw an error in future driver versions."}
{"level":"WARN","message":"[2:35:52.759 AM]: Query result precision loss detected when converting 2.1599595959596e+35 to a JavaScript Number.\n\nFetch as string or BigInt instead:\nhttps://docs.snowflake.com/en/developer-guide/node-js/nodejs-driver-consume#fetching-integer-data-types-as-bigint\nhttps://docs.snowflake.com/en/developer-guide/node-js/nodejs-driver-consume#fetching-data-types-as-strings\n\nThis will throw an error in future driver versions."}
{"level":"WARN","message":"[2:35:52.759 AM]: Query result precision loss detected when converting 7.75090909090909e+34 to a JavaScript Number.\n\nFetch as string or BigInt instead:\nhttps://docs.snowflake.com/en/developer-guide/node-js/nodejs-driver-consume#fetching-integer-data-types-as-bigint\nhttps://docs.snowflake.com/en/developer-guide/node-js/nodejs-driver-consume#fetching-data-types-as-strings\n\nThis will throw an error in future driver versions."}
{"level":"WARN","message":"[2:35:52.759 AM]: Query result precision loss detected when converting 2.05008080808081e+35 to a JavaScript Number.\n\nFetch as string or BigInt instead:\nhttps://docs.snowflake.com/en/developer-guide/node-js/nodejs-driver-consume#fetching-integer-data-types-as-bigint\nhttps://docs.snowflake.com/en/developer-guide/node-js/nodejs-driver-consume#fetching-data-types-as-strings\n\nThis will throw an error in future driver versions."}
{"level":"WARN","message":"[2:35:52.759 AM]: Query result precision loss detected when converting 2.02830303030303e+35 to a JavaScript Number.\n\nFetch as string or BigInt instead:\nhttps://docs.snowflake.com/en/developer-guide/node-js/nodejs-driver-consume#fetching-integer-data-types-as-bigint\nhttps://docs.snowflake.com/en/developer-guide/node-js/nodejs-driver-consume#fetching-data-types-as-strings\n\nThis will throw an error in future driver versions."}
{"level":"WARN","message":"[2:35:52.759 AM]: Query result precision loss detected when converting 2.05008080808081e+35 to a JavaScript Number.\n\nFetch as string or BigInt instead:\nhttps://docs.snowflake.com/en/developer-guide/node-js/nodejs-driver-consume#fetching-integer-data-types-as-bigint\nhttps://docs.snowflake.com/en/developer-guide/node-js/nodejs-driver-consume#fetching-data-types-as-strings\n\nThis will throw an error in future driver versions."}
{"level":"WARN","message":"[2:35:52.759 AM]: Query result precision loss detected when converting 2.05008080808081e+35 to a JavaScript Number.\n\nFetch as string or BigInt instead:\nhttps://docs.snowflake.com/en/developer-guide/node-js/nodejs-driver-consume#fetching-integer-data-types-as-bigint\nhttps://docs.snowflake.com/en/developer-guide/node-js/nodejs-driver-consume#fetching-data-types-as-strings\n\nThis will throw an error in future driver versions."}
{"level":"WARN","message":"[2:35:52.759 AM]: Query result precision loss detected when converting 2.1599595959596e+35 to a JavaScript Number.\n\nFetch as string or BigInt instead:\nhttps://docs.snowflake.com/en/developer-guide/node-js/nodejs-driver-consume#fetching-integer-data-types-as-bigint\nhttps://docs.snowflake.com/en/developer-guide/node-js/nodejs-driver-consume#fetching-data-types-as-strings\n\nThis will throw an error in future driver versions."}
{"level":"WARN","message":"[2:35:52.759 AM]: Query result precision loss detected when converting 7.75090909090909e+34 to a JavaScript Number.\n\nFetch as string or BigInt instead:\nhttps://docs.snowflake.com/en/developer-guide/node-js/nodejs-driver-consume#fetching-integer-data-types-as-bigint\nhttps://docs.snowflake.com/en/developer-guide/node-js/nodejs-driver-consume#fetching-data-types-as-strings\n\nThis will throw an error in future driver versions."}
{"level":"WARN","message":"[2:35:52.759 AM]: Query result precision loss detected when converting 9.8989898989899e+34 to a JavaScript Number.\n\nFetch as string or BigInt instead:\nhttps://docs.snowflake.com/en/developer-guide/node-js/nodejs-driver-consume#fetching-integer-data-types-as-bigint\nhttps://docs.snowflake.com/en/developer-guide/node-js/nodejs-driver-consume#fetching-data-types-as-strings\n\nThis will throw an error in future driver versions."}
{"level":"WARN","message":"[2:35:52.759 AM]: Query result precision loss detected when converting 2.05008080808081e+35 to a JavaScript Number.\n\nFetch as string or BigInt instead:\nhttps://docs.snowflake.com/en/developer-guide/node-js/nodejs-driver-consume#fetching-integer-data-types-as-bigint\nhttps://docs.snowflake.com/en/developer-guide/node-js/nodejs-driver-consume#fetching-data-types-as-strings\n\nThis will throw an error in future driver versions."}
{"level":"WARN","message":"[2:35:52.759 AM]: Query result precision loss detected when converting 2.41832323232323e+35 to a JavaScript Number.\n\nFetch as string or BigInt instead:\nhttps://docs.snowflake.com/en/developer-guide/node-js/nodejs-driver-consume#fetching-integer-data-types-as-bigint\nhttps://docs.snowflake.com/en/developer-guide/node-js/nodejs-driver-consume#fetching-data-types-as-strings\n\nThis will throw an error in future driver versions."}
{"level":"WARN","message":"[2:35:52.759 AM]: Query result precision loss detected when converting 2.41832323232323e+35 to a JavaScript Number.\n\nFetch as string or BigInt instead:\nhttps://docs.snowflake.com/en/developer-guide/node-js/nodejs-driver-consume#fetching-integer-data-types-as-bigint\nhttps://docs.snowflake.com/en/developer-guide/node-js/nodejs-driver-consume#fetching-data-types-as-strings\n\nThis will throw an error in future driver versions."}
{"level":"WARN","message":"[2:35:52.759 AM]: Query result precision loss detected when converting 2.1599595959596e+35 to a JavaScript Number.\n\nFetch as string or BigInt instead:\nhttps://docs.snowflake.com/en/developer-guide/node-js/nodejs-driver-consume#fetching-integer-data-types-as-bigint\nhttps://docs.snowflake.com/en/developer-guide/node-js/nodejs-driver-consume#fetching-data-types-as-strings\n\nThis will throw an error in future driver versions."}
{"level":"WARN","message":"[2:35:52.759 AM]: Query result precision loss detected when converting 9.8989898989899e+34 to a JavaScript Number.\n\nFetch as string or BigInt instead:\nhttps://docs.snowflake.com/en/developer-guide/node-js/nodejs-driver-consume#fetching-integer-data-types-as-bigint\nhttps://docs.snowflake.com/en/developer-guide/node-js/nodejs-driver-consume#fetching-data-types-as-strings\n\nThis will throw an error in future driver versions."}
{"level":"WARN","message":"[2:35:52.759 AM]: Query result precision loss detected when converting 2.1599595959596e+35 to a JavaScript Number.\n\nFetch as string or BigInt instead:\nhttps://docs.snowflake.com/en/developer-guide/node-js/nodejs-driver-consume#fetching-integer-data-types-as-bigint\nhttps://docs.snowflake.com/en/developer-guide/node-js/nodejs-driver-consume#fetching-data-types-as-strings\n\nThis will throw an error in future driver versions."}
{"level":"WARN","message":"[2:35:52.759 AM]: Query result precision loss detected when converting 7.75090909090909e+34 to a JavaScript Number.\n\nFetch as string or BigInt instead:\nhttps://docs.snowflake.com/en/developer-guide/node-js/nodejs-driver-consume#fetching-integer-data-types-as-bigint\nhttps://docs.snowflake.com/en/developer-guide/node-js/nodejs-driver-consume#fetching-data-types-as-strings\n\nThis will throw an error in future driver versions."}
{"level":"WARN","message":"[2:35:52.759 AM]: Query result precision loss detected when converting 2.1599595959596e+35 to a JavaScript Number.\n\nFetch as string or BigInt instead:\nhttps://docs.snowflake.com/en/developer-guide/node-js/nodejs-driver-consume#fetching-integer-data-types-as-bigint\nhttps://docs.snowflake.com/en/developer-guide/node-js/nodejs-driver-consume#fetching-data-types-as-strings\n\nThis will throw an error in future driver versions."}
{"level":"WARN","message":"[2:35:52.759 AM]: Query result precision loss detected when converting 2.1599595959596e+35 to a JavaScript Number.\n\nFetch as string or BigInt instead:\nhttps://docs.snowflake.com/en/developer-guide/node-js/nodejs-driver-consume#fetching-integer-data-types-as-bigint\nhttps://docs.snowflake.com/en/developer-guide/node-js/nodejs-driver-consume#fetching-data-types-as-strings\n\nThis will throw an error in future driver versions."}
{"level":"WARN","message":"[2:35:52.759 AM]: Query result precision loss detected when converting 2.1599595959596e+35 to a JavaScript Number.\n\nFetch as string or BigInt instead:\nhttps://docs.snowflake.com/en/developer-guide/node-js/nodejs-driver-consume#fetching-integer-data-types-as-bigint\nhttps://docs.snowflake.com/en/developer-guide/node-js/nodejs-driver-consume#fetching-data-types-as-strings\n\nThis will throw an error in future driver versions."}
{"level":"WARN","message":"[2:35:52.759 AM]: Query result precision loss detected when converting 2.1599595959596e+35 to a JavaScript Number.\n\nFetch as string or BigInt instead:\nhttps://docs.snowflake.com/en/developer-guide/node-js/nodejs-driver-consume#fetching-integer-data-types-as-bigint\nhttps://docs.snowflake.com/en/developer-guide/node-js/nodejs-driver-consume#fetching-data-types-as-strings\n\nThis will throw an error in future driver versions."}
{"level":"WARN","message":"[2:35:52.759 AM]: Query result precision loss detected when converting 2.1599595959596e+35 to a JavaScript Number.\n\nFetch as string or BigInt instead:\nhttps://docs.snowflake.com/en/developer-guide/node-js/nodejs-driver-consume#fetching-integer-data-types-as-bigint\nhttps://docs.snowflake.com/en/developer-guide/node-js/nodejs-driver-consume#fetching-data-types-as-strings\n\nThis will throw an error in future driver versions."}
{"level":"WARN","message":"[2:35:52.759 AM]: Query result precision loss detected when converting 2.05008080808081e+35 to a JavaScript Number.\n\nFetch as string or BigInt instead:\nhttps://docs.snowflake.com/en/developer-guide/node-js/nodejs-driver-consume#fetching-integer-data-types-as-bigint\nhttps://docs.snowflake.com/en/developer-guide/node-js/nodejs-driver-consume#fetching-data-types-as-strings\n\nThis will throw an error in future driver versions."}
{"level":"WARN","message":"[2:35:52.759 AM]: Query result precision loss detected when converting 2.05008080808081e+35 to a JavaScript Number.\n\nFetch as string or BigInt instead:\nhttps://docs.snowflake.com/en/developer-guide/node-js/nodejs-driver-consume#fetching-integer-data-types-as-bigint\nhttps://docs.snowflake.com/en/developer-guide/node-js/nodejs-driver-consume#fetching-data-types-as-strings\n\nThis will throw an error in future driver versions."}
{"level":"WARN","message":"[2:35:52.759 AM]: Query result precision loss detected when converting 1.68381818181818e+35 to a JavaScript Number.\n\nFetch as string or BigInt instead:\nhttps://docs.snowflake.com/en/developer-guide/node-js/nodejs-driver-consume#fetching-integer-data-types-as-bigint\nhttps://docs.snowflake.com/en/developer-guide/node-js/nodejs-driver-consume#fetching-data-types-as-strings\n\nThis will throw an error in future driver versions."}
{"level":"WARN","message":"[2:35:52.759 AM]: Query result precision loss detected when converting 3.46464646464647e+33 to a JavaScript Number.\n\nFetch as string or BigInt instead:\nhttps://docs.snowflake.com/en/developer-guide/node-js/nodejs-driver-consume#fetching-integer-data-types-as-bigint\nhttps://docs.snowflake.com/en/developer-guide/node-js/nodejs-driver-consume#fetching-data-types-as-strings\n\nThis will throw an error in future driver versions."}
{"level":"WARN","message":"[2:35:52.759 AM]: Query result precision loss detected when converting 8.90909090909091e+32 to a JavaScript Number.\n\nFetch as string or BigInt instead:\nhttps://docs.snowflake.com/en/developer-guide/node-js/nodejs-driver-consume#fetching-integer-data-types-as-bigint\nhttps://docs.snowflake.com/en/developer-guide/node-js/nodejs-driver-consume#fetching-data-types-as-strings\n\nThis will throw an error in future driver versions."}
{"level":"WARN","message":"[2:35:52.759 AM]: Query result precision loss detected when converting 1.68381818181818e+35 to a JavaScript Number.\n\nFetch as string or BigInt instead:\nhttps://docs.snowflake.com/en/developer-guide/node-js/nodejs-driver-consume#fetching-integer-data-types-as-bigint\nhttps://docs.snowflake.com/en/developer-guide/node-js/nodejs-driver-consume#fetching-data-types-as-strings\n\nThis will throw an error in future driver versions."}
{"level":"WARN","message":"[2:35:52.759 AM]: Query result precision loss detected when converting 4.94949494949495e+32 to a JavaScript Number.\n\nFetch as string or BigInt instead:\nhttps://docs.snowflake.com/en/developer-guide/node-js/nodejs-driver-consume#fetching-integer-data-types-as-bigint\nhttps://docs.snowflake.com/en/developer-guide/node-js/nodejs-driver-consume#fetching-data-types-as-strings\n\nThis will throw an error in future driver versions."}
{"level":"WARN","message":"[2:35:52.759 AM]: Query result precision loss detected when converting 2.37575757575758e+33 to a JavaScript Number.\n\nFetch as string or BigInt instead:\nhttps://docs.snowflake.com/en/developer-guide/node-js/nodejs-driver-consume#fetching-integer-data-types-as-bigint\nhttps://docs.snowflake.com/en/developer-guide/node-js/nodejs-driver-consume#fetching-data-types-as-strings\n\nThis will throw an error in future driver versions."}
{"level":"WARN","message":"[2:35:52.759 AM]: Query result precision loss detected when converting 8.90909090909091e+32 to a JavaScript Number.\n\nFetch as string or BigInt instead:\nhttps://docs.snowflake.com/en/developer-guide/node-js/nodejs-driver-consume#fetching-integer-data-types-as-bigint\nhttps://docs.snowflake.com/en/developer-guide/node-js/nodejs-driver-consume#fetching-data-types-as-strings\n\nThis will throw an error in future driver versions."}
{"level":"WARN","message":"[2:35:52.759 AM]: Query result precision loss detected when converting 2.27181818181818e+35 to a JavaScript Number.\n\nFetch as string or BigInt instead:\nhttps://docs.snowflake.com/en/developer-guide/node-js/nodejs-driver-consume#fetching-integer-data-types-as-bigint\nhttps://docs.snowflake.com/en/developer-guide/node-js/nodejs-driver-consume#fetching-data-types-as-strings\n\nThis will throw an error in future driver versions."}
{"level":"WARN","message":"[2:35:52.759 AM]: Query result precision loss detected when converting 2.17777777777778e+33 to a JavaScript Number.\n\nFetch as string or BigInt instead:\nhttps://docs.snowflake.com/en/developer-guide/node-js/nodejs-driver-consume#fetching-integer-data-types-as-bigint\nhttps://docs.snowflake.com/en/developer-guide/node-js/nodejs-driver-consume#fetching-data-types-as-strings\n\nThis will throw an error in future driver versions."}
{"level":"WARN","message":"[2:35:52.759 AM]: Query result precision loss detected when converting 2.47474747474748e+33 to a JavaScript Number.\n\nFetch as string or BigInt instead:\nhttps://docs.snowflake.com/en/developer-guide/node-js/nodejs-driver-consume#fetching-integer-data-types-as-bigint\nhttps://docs.snowflake.com/en/developer-guide/node-js/nodejs-driver-consume#fetching-data-types-as-strings\n\nThis will throw an error in future driver versions."}
{"level":"WARN","message":"[2:35:52.759 AM]: Query result precision loss detected when converting 5.34545454545455e+33 to a JavaScript Number.\n\nFetch as string or BigInt instead:\nhttps://docs.snowflake.com/en/developer-guide/node-js/nodejs-driver-consume#fetching-integer-data-types-as-bigint\nhttps://docs.snowflake.com/en/developer-guide/node-js/nodejs-driver-consume#fetching-data-types-as-strings\n\nThis will throw an error in future driver versions."}
{"level":"WARN","message":"[2:35:52.759 AM]: Query result precision loss detected when converting 8.90909090909091e+32 to a JavaScript Number.\n\nFetch as string or BigInt instead:\nhttps://docs.snowflake.com/en/developer-guide/node-js/nodejs-driver-consume#fetching-integer-data-types-as-bigint\nhttps://docs.snowflake.com/en/developer-guide/node-js/nodejs-driver-consume#fetching-data-types-as-strings\n\nThis will throw an error in future driver versions."}
{"level":"WARN","message":"[2:35:52.759 AM]: Query result precision loss detected when converting 2.47474747474748e+33 to a JavaScript Number.\n\nFetch as string or BigInt instead:\nhttps://docs.snowflake.com/en/developer-guide/node-js/nodejs-driver-consume#fetching-integer-data-types-as-bigint\nhttps://docs.snowflake.com/en/developer-guide/node-js/nodejs-driver-consume#fetching-data-types-as-strings\n\nThis will throw an error in future driver versions."}
{"level":"WARN","message":"[2:35:52.759 AM]: Query result precision loss detected when converting 3.95959595959596e+32 to a JavaScript Number.\n\nFetch as string or BigInt instead:\nhttps://docs.snowflake.com/en/developer-guide/node-js/nodejs-driver-consume#fetching-integer-data-types-as-bigint\nhttps://docs.snowflake.com/en/developer-guide/node-js/nodejs-driver-consume#fetching-data-types-as-strings\n\nThis will throw an error in future driver versions."}
{"level":"WARN","message":"[2:35:52.759 AM]: Query result precision loss detected when converting 1.18787878787879e+34 to a JavaScript Number.\n\nFetch as string or BigInt instead:\nhttps://docs.snowflake.com/en/developer-guide/node-js/nodejs-driver-consume#fetching-integer-data-types-as-bigint\nhttps://docs.snowflake.com/en/developer-guide/node-js/nodejs-driver-consume#fetching-data-types-as-strings\n\nThis will throw an error in future driver versions."}
{"level":"WARN","message":"[2:35:52.759 AM]: Query result precision loss detected when converting 2.47474747474748e+33 to a JavaScript Number.\n\nFetch as string or BigInt instead:\nhttps://docs.snowflake.com/en/developer-guide/node-js/nodejs-driver-consume#fetching-integer-data-types-as-bigint\nhttps://docs.snowflake.com/en/developer-guide/node-js/nodejs-driver-consume#fetching-data-types-as-strings\n\nThis will throw an error in future driver versions."}
{"level":"WARN","message":"[2:35:52.759 AM]: Query result precision loss detected when converting 2.96969696969697e+33 to a JavaScript Number.\n\nFetch as string or BigInt instead:\nhttps://docs.snowflake.com/en/developer-guide/node-js/nodejs-driver-consume#fetching-integer-data-types-as-bigint\nhttps://docs.snowflake.com/en/developer-guide/node-js/nodejs-driver-consume#fetching-data-types-as-strings\n\nThis will throw an error in future driver versions."}
{"level":"WARN","message":"[2:35:52.759 AM]: Query result precision loss detected when converting 4.94949494949495e+32 to a JavaScript Number.\n\nFetch as string or BigInt instead:\nhttps://docs.snowflake.com/en/developer-guide/node-js/nodejs-driver-consume#fetching-integer-data-types-as-bigint\nhttps://docs.snowflake.com/en/developer-guide/node-js/nodejs-driver-consume#fetching-data-types-as-strings\n\nThis will throw an error in future driver versions."}
{"level":"WARN","message":"[2:35:52.759 AM]: Query result precision loss detected when converting 3.46464646464647e+33 to a JavaScript Number.\n\nFetch as string or BigInt instead:\nhttps://docs.snowflake.com/en/developer-guide/node-js/nodejs-driver-consume#fetching-integer-data-types-as-bigint\nhttps://docs.snowflake.com/en/developer-guide/node-js/nodejs-driver-consume#fetching-data-types-as-strings\n\nThis will throw an error in future driver versions."}
{"level":"WARN","message":"[2:35:52.759 AM]: Query result precision loss detected when converting 3.95959595959596e+32 to a JavaScript Number.\n\nFetch as string or BigInt instead:\nhttps://docs.snowflake.com/en/developer-guide/node-js/nodejs-driver-consume#fetching-integer-data-types-as-bigint\nhttps://docs.snowflake.com/en/developer-guide/node-js/nodejs-driver-consume#fetching-data-types-as-strings\n\nThis will throw an error in future driver versions."}
{"level":"WARN","message":"[2:35:52.759 AM]: Query result precision loss detected when converting 8.90909090909091e+32 to a JavaScript Number.\n\nFetch as string or BigInt instead:\nhttps://docs.snowflake.com/en/developer-guide/node-js/nodejs-driver-consume#fetching-integer-data-types-as-bigint\nhttps://docs.snowflake.com/en/developer-guide/node-js/nodejs-driver-consume#fetching-data-types-as-strings\n\nThis will throw an error in future driver versions."}
{"level":"WARN","message":"[2:35:52.759 AM]: Query result precision loss detected when converting 3.46464646464647e+33 to a JavaScript Number.\n\nFetch as string or BigInt instead:\nhttps://docs.snowflake.com/en/developer-guide/node-js/nodejs-driver-consume#fetching-integer-data-types-as-bigint\nhttps://docs.snowflake.com/en/developer-guide/node-js/nodejs-driver-consume#fetching-data-types-as-strings\n\nThis will throw an error in future driver versions."}
{"level":"WARN","message":"[2:35:52.759 AM]: Query result precision loss detected when converting 8.90909090909091e+32 to a JavaScript Number.\n\nFetch as string or BigInt instead:\nhttps://docs.snowflake.com/en/developer-guide/node-js/nodejs-driver-consume#fetching-integer-data-types-as-bigint\nhttps://docs.snowflake.com/en/developer-guide/node-js/nodejs-driver-consume#fetching-data-types-as-strings\n\nThis will throw an error in future driver versions."}
{"level":"WARN","message":"[2:35:52.759 AM]: Query result precision loss detected when converting 4.94949494949495e+32 to a JavaScript Number.\n\nFetch as string or BigInt instead:\nhttps://docs.snowflake.com/en/developer-guide/node-js/nodejs-driver-consume#fetching-integer-data-types-as-bigint\nhttps://docs.snowflake.com/en/developer-guide/node-js/nodejs-driver-consume#fetching-data-types-as-strings\n\nThis will throw an error in future driver versions."}
{"level":"WARN","message":"[2:35:52.759 AM]: Query result precision loss detected when converting 3.46464646464647e+33 to a JavaScript Number.\n\nFetch as string or BigInt instead:\nhttps://docs.snowflake.com/en/developer-guide/node-js/nodejs-driver-consume#fetching-integer-data-types-as-bigint\nhttps://docs.snowflake.com/en/developer-guide/node-js/nodejs-driver-consume#fetching-data-types-as-strings\n\nThis will throw an error in future driver versions."}
{"level":"WARN","message":"[2:35:52.759 AM]: Query result precision loss detected when converting 4.94949494949495e+33 to a JavaScript Number.\n\nFetch as string or BigInt instead:\nhttps://docs.snowflake.com/en/developer-guide/node-js/nodejs-driver-consume#fetching-integer-data-types-as-bigint\nhttps://docs.snowflake.com/en/developer-guide/node-js/nodejs-driver-consume#fetching-data-types-as-strings\n\nThis will throw an error in future driver versions."}
{"level":"WARN","message":"[2:35:52.759 AM]: Query result precision loss detected when converting 4.94949494949495e+33 to a JavaScript Number.\n\nFetch as string or BigInt instead:\nhttps://docs.snowflake.com/en/developer-guide/node-js/nodejs-driver-consume#fetching-integer-data-types-as-bigint\nhttps://docs.snowflake.com/en/developer-guide/node-js/nodejs-driver-consume#fetching-data-types-as-strings\n\nThis will throw an error in future driver versions."}
{"level":"WARN","message":"[2:35:52.759 AM]: Query result precision loss detected when converting 3.95959595959596e+32 to a JavaScript Number.\n\nFetch as string or BigInt instead:\nhttps://docs.snowflake.com/en/developer-guide/node-js/nodejs-driver-consume#fetching-integer-data-types-as-bigint\nhttps://docs.snowflake.com/en/developer-guide/node-js/nodejs-driver-consume#fetching-data-types-as-strings\n\nThis will throw an error in future driver versions."}
{"level":"WARN","message":"[2:35:52.759 AM]: Query result precision loss detected when converting 2.37575757575758e+33 to a JavaScript Number.\n\nFetch as string or BigInt instead:\nhttps://docs.snowflake.com/en/developer-guide/node-js/nodejs-driver-consume#fetching-integer-data-types-as-bigint\nhttps://docs.snowflake.com/en/developer-guide/node-js/nodejs-driver-consume#fetching-data-types-as-strings\n\nThis will throw an error in future driver versions."}
{"level":"WARN","message":"[2:35:52.759 AM]: Query result precision loss detected when converting 7.91919191919192e+32 to a JavaScript Number.\n\nFetch as string or BigInt instead:\nhttps://docs.snowflake.com/en/developer-guide/node-js/nodejs-driver-consume#fetching-integer-data-types-as-bigint\nhttps://docs.snowflake.com/en/developer-guide/node-js/nodejs-driver-consume#fetching-data-types-as-strings\n\nThis will throw an error in future driver versions."}
{"level":"WARN","message":"[2:35:52.759 AM]: Query result precision loss detected when converting 1.97979797979798e+32 to a JavaScript Number.\n\nFetch as string or BigInt instead:\nhttps://docs.snowflake.com/en/developer-guide/node-js/nodejs-driver-consume#fetching-integer-data-types-as-bigint\nhttps://docs.snowflake.com/en/developer-guide/node-js/nodejs-driver-consume#fetching-data-types-as-strings\n\nThis will throw an error in future driver versions."}
{"level":"WARN","message":"[2:35:52.759 AM]: Query result precision loss detected when converting 5.59292929292929e+34 to a JavaScript Number.\n\nFetch as string or BigInt instead:\nhttps://docs.snowflake.com/en/developer-guide/node-js/nodejs-driver-consume#fetching-integer-data-types-as-bigint\nhttps://docs.snowflake.com/en/developer-guide/node-js/nodejs-driver-consume#fetching-data-types-as-strings\n\nThis will throw an error in future driver versions."}
{"level":"WARN","message":"[2:35:52.759 AM]: Query result precision loss detected when converting 2.17777777777778e+33 to a JavaScript Number.\n\nFetch as string or BigInt instead:\nhttps://docs.snowflake.com/en/developer-guide/node-js/nodejs-driver-consume#fetching-integer-data-types-as-bigint\nhttps://docs.snowflake.com/en/developer-guide/node-js/nodejs-driver-consume#fetching-data-types-as-strings\n\nThis will throw an error in future driver versions."}
{"level":"WARN","message":"[2:35:52.759 AM]: Query result precision loss detected when converting 8.90909090909091e+32 to a JavaScript Number.\n\nFetch as string or BigInt instead:\nhttps://docs.snowflake.com/en/developer-guide/node-js/nodejs-driver-consume#fetching-integer-data-types-as-bigint\nhttps://docs.snowflake.com/en/developer-guide/node-js/nodejs-driver-consume#fetching-data-types-as-strings\n\nThis will throw an error in future driver versions."}
{"level":"WARN","message":"[2:35:52.759 AM]: Query result precision loss detected when converting 5.59292929292929e+34 to a JavaScript Number.\n\nFetch as string or BigInt instead:\nhttps://docs.snowflake.com/en/developer-guide/node-js/nodejs-driver-consume#fetching-integer-data-types-as-bigint\nhttps://docs.snowflake.com/en/developer-guide/node-js/nodejs-driver-consume#fetching-data-types-as-strings\n\nThis will throw an error in future driver versions."}
{"level":"WARN","message":"[2:35:52.759 AM]: Query result precision loss detected when converting 2.47474747474748e+33 to a JavaScript Number.\n\nFetch as string or BigInt instead:\nhttps://docs.snowflake.com/en/developer-guide/node-js/nodejs-driver-consume#fetching-integer-data-types-as-bigint\nhttps://docs.snowflake.com/en/developer-guide/node-js/nodejs-driver-consume#fetching-data-types-as-strings\n\nThis will throw an error in future driver versions."}
{"level":"WARN","message":"[2:35:52.759 AM]: Query result precision loss detected when converting 4.94949494949495e+32 to a JavaScript Number.\n\nFetch as string or BigInt instead:\nhttps://docs.snowflake.com/en/developer-guide/node-js/nodejs-driver-consume#fetching-integer-data-types-as-bigint\nhttps://docs.snowflake.com/en/developer-guide/node-js/nodejs-driver-consume#fetching-data-types-as-strings\n\nThis will throw an error in future driver versions."}
{"level":"WARN","message":"[2:35:52.759 AM]: Query result precision loss detected when converting 1.97979797979798e+32 to a JavaScript Number.\n\nFetch as string or BigInt instead:\nhttps://docs.snowflake.com/en/developer-guide/node-js/nodejs-driver-consume#fetching-integer-data-types-as-bigint\nhttps://docs.snowflake.com/en/developer-guide/node-js/nodejs-driver-consume#fetching-data-types-as-strings\n\nThis will throw an error in future driver versions."}
{"level":"WARN","message":"[2:35:52.759 AM]: Query result precision loss detected when converting 7.91919191919192e+32 to a JavaScript Number.\n\nFetch as string or BigInt instead:\nhttps://docs.snowflake.com/en/developer-guide/node-js/nodejs-driver-consume#fetching-integer-data-types-as-bigint\nhttps://docs.snowflake.com/en/developer-guide/node-js/nodejs-driver-consume#fetching-data-types-as-strings\n\nThis will throw an error in future driver versions."}
{"level":"WARN","message":"[2:35:52.759 AM]: Query result precision loss detected when converting 5.59292929292929e+34 to a JavaScript Number.\n\nFetch as string or BigInt instead:\nhttps://docs.snowflake.com/en/developer-guide/node-js/nodejs-driver-consume#fetching-integer-data-types-as-bigint\nhttps://docs.snowflake.com/en/developer-guide/node-js/nodejs-driver-consume#fetching-data-types-as-strings\n\nThis will throw an error in future driver versions."}
{"level":"WARN","message":"[2:35:52.759 AM]: Query result precision loss detected when converting 9.8989898989899e+32 to a JavaScript Number.\n\nFetch as string or BigInt instead:\nhttps://docs.snowflake.com/en/developer-guide/node-js/nodejs-driver-consume#fetching-integer-data-types-as-bigint\nhttps://docs.snowflake.com/en/developer-guide/node-js/nodejs-driver-consume#fetching-data-types-as-strings\n\nThis will throw an error in future driver versions."}
{"level":"WARN","message":"[2:35:52.759 AM]: Query result precision loss detected when converting 4.94949494949495e+32 to a JavaScript Number.\n\nFetch as string or BigInt instead:\nhttps://docs.snowflake.com/en/developer-guide/node-js/nodejs-driver-consume#fetching-integer-data-types-as-bigint\nhttps://docs.snowflake.com/en/developer-guide/node-js/nodejs-driver-consume#fetching-data-types-as-strings\n\nThis will throw an error in future driver versions."}
{"level":"WARN","message":"[2:35:52.759 AM]: Query result precision loss detected when converting 1.68381818181818e+35 to a JavaScript Number.\n\nFetch as string or BigInt instead:\nhttps://docs.snowflake.com/en/developer-guide/node-js/nodejs-driver-consume#fetching-integer-data-types-as-bigint\nhttps://docs.snowflake.com/en/developer-guide/node-js/nodejs-driver-consume#fetching-data-types-as-strings\n\nThis will throw an error in future driver versions."}
{"level":"WARN","message":"[2:35:52.759 AM]: Query result precision loss detected when converting 2.37575757575758e+33 to a JavaScript Number.\n\nFetch as string or BigInt instead:\nhttps://docs.snowflake.com/en/developer-guide/node-js/nodejs-driver-consume#fetching-integer-data-types-as-bigint\nhttps://docs.snowflake.com/en/developer-guide/node-js/nodejs-driver-consume#fetching-data-types-as-strings\n\nThis will throw an error in future driver versions."}
{"level":"WARN","message":"[2:35:52.759 AM]: Query result precision loss detected when converting 7.61232323232323e+34 to a JavaScript Number.\n\nFetch as string or BigInt instead:\nhttps://docs.snowflake.com/en/developer-guide/node-js/nodejs-driver-consume#fetching-integer-data-types-as-bigint\nhttps://docs.snowflake.com/en/developer-guide/node-js/nodejs-driver-consume#fetching-data-types-as-strings\n\nThis will throw an error in future driver versions."}
{"level":"WARN","message":"[2:35:52.759 AM]: Query result precision loss detected when converting 2.96969696969697e+33 to a JavaScript Number.\n\nFetch as string or BigInt instead:\nhttps://docs.snowflake.com/en/developer-guide/node-js/nodejs-driver-consume#fetching-integer-data-types-as-bigint\nhttps://docs.snowflake.com/en/developer-guide/node-js/nodejs-driver-consume#fetching-data-types-as-strings\n\nThis will throw an error in future driver versions."}
{"level":"WARN","message":"[2:35:52.759 AM]: Query result precision loss detected when converting 4.94949494949495e+32 to a JavaScript Number.\n\nFetch as string or BigInt instead:\nhttps://docs.snowflake.com/en/developer-guide/node-js/nodejs-driver-consume#fetching-integer-data-types-as-bigint\nhttps://docs.snowflake.com/en/developer-guide/node-js/nodejs-driver-consume#fetching-data-types-as-strings\n\nThis will throw an error in future driver versions."}
{"level":"WARN","message":"[2:35:52.759 AM]: Query result precision loss detected when converting 1.97979797979798e+32 to a JavaScript Number.\n\nFetch as string or BigInt instead:\nhttps://docs.snowflake.com/en/developer-guide/node-js/nodejs-driver-consume#fetching-integer-data-types-as-bigint\nhttps://docs.snowflake.com/en/developer-guide/node-js/nodejs-driver-consume#fetching-data-types-as-strings\n\nThis will throw an error in future driver versions."}
{"level":"WARN","message":"[2:35:52.759 AM]: Query result precision loss detected when converting 2.27181818181818e+35 to a JavaScript Number.\n\nFetch as string or BigInt instead:\nhttps://docs.snowflake.com/en/developer-guide/node-js/nodejs-driver-consume#fetching-integer-data-types-as-bigint\nhttps://docs.snowflake.com/en/developer-guide/node-js/nodejs-driver-consume#fetching-data-types-as-strings\n\nThis will throw an error in future driver versions."}
{"level":"WARN","message":"[2:35:52.759 AM]: Query result precision loss detected when converting 3.46464646464647e+33 to a JavaScript Number.\n\nFetch as string or BigInt instead:\nhttps://docs.snowflake.com/en/developer-guide/node-js/nodejs-driver-consume#fetching-integer-data-types-as-bigint\nhttps://docs.snowflake.com/en/developer-guide/node-js/nodejs-driver-consume#fetching-data-types-as-strings\n\nThis will throw an error in future driver versions."}
{"level":"WARN","message":"[2:35:52.759 AM]: Query result precision loss detected when converting 4.94949494949495e+32 to a JavaScript Number.\n\nFetch as string or BigInt instead:\nhttps://docs.snowflake.com/en/developer-guide/node-js/nodejs-driver-consume#fetching-integer-data-types-as-bigint\nhttps://docs.snowflake.com/en/developer-guide/node-js/nodejs-driver-consume#fetching-data-types-as-strings\n\nThis will throw an error in future driver versions."}
{"level":"WARN","message":"[2:35:52.759 AM]: Query result precision loss detected when converting 2.17777777777778e+33 to a JavaScript Number.\n\nFetch as string or BigInt instead:\nhttps://docs.snowflake.com/en/developer-guide/node-js/nodejs-driver-consume#fetching-integer-data-types-as-bigint\nhttps://docs.snowflake.com/en/developer-guide/node-js/nodejs-driver-consume#fetching-data-types-as-strings\n\nThis will throw an error in future driver versions."}
{"level":"WARN","message":"[2:35:52.759 AM]: Query result precision loss detected when converting 9.8989898989899e+32 to a JavaScript Number.\n\nFetch as string or BigInt instead:\nhttps://docs.snowflake.com/en/developer-guide/node-js/nodejs-driver-consume#fetching-integer-data-types-as-bigint\nhttps://docs.snowflake.com/en/developer-guide/node-js/nodejs-driver-consume#fetching-data-types-as-strings\n\nThis will throw an error in future driver versions."}
{"level":"WARN","message":"[2:35:52.759 AM]: Query result precision loss detected when converting 4.94949494949495e+32 to a JavaScript Number.\n\nFetch as string or BigInt instead:\nhttps://docs.snowflake.com/en/developer-guide/node-js/nodejs-driver-consume#fetching-integer-data-types-as-bigint\nhttps://docs.snowflake.com/en/developer-guide/node-js/nodejs-driver-consume#fetching-data-types-as-strings\n\nThis will throw an error in future driver versions."}
{"level":"WARN","message":"[2:35:52.759 AM]: Query result precision loss detected when converting 3.46464646464647e+33 to a JavaScript Number.\n\nFetch as string or BigInt instead:\nhttps://docs.snowflake.com/en/developer-guide/node-js/nodejs-driver-consume#fetching-integer-data-types-as-bigint\nhttps://docs.snowflake.com/en/developer-guide/node-js/nodejs-driver-consume#fetching-data-types-as-strings\n\nThis will throw an error in future driver versions."}
{"level":"WARN","message":"[2:35:52.759 AM]: Query result precision loss detected when converting 1.68381818181818e+35 to a JavaScript Number.\n\nFetch as string or BigInt instead:\nhttps://docs.snowflake.com/en/developer-guide/node-js/nodejs-driver-consume#fetching-integer-data-types-as-bigint\nhttps://docs.snowflake.com/en/developer-guide/node-js/nodejs-driver-consume#fetching-data-types-as-strings\n\nThis will throw an error in future driver versions."}
{"level":"WARN","message":"[2:35:52.759 AM]: Query result precision loss detected when converting 4.94949494949495e+33 to a JavaScript Number.\n\nFetch as string or BigInt instead:\nhttps://docs.snowflake.com/en/developer-guide/node-js/nodejs-driver-consume#fetching-integer-data-types-as-bigint\nhttps://docs.snowflake.com/en/developer-guide/node-js/nodejs-driver-consume#fetching-data-types-as-strings\n\nThis will throw an error in future driver versions."}
{"level":"WARN","message":"[2:35:52.759 AM]: Query result precision loss detected when converting 2.27181818181818e+35 to a JavaScript Number.\n\nFetch as string or BigInt instead:\nhttps://docs.snowflake.com/en/developer-guide/node-js/nodejs-driver-consume#fetching-integer-data-types-as-bigint\nhttps://docs.snowflake.com/en/developer-guide/node-js/nodejs-driver-consume#fetching-data-types-as-strings\n\nThis will throw an error in future driver versions."}
{"level":"WARN","message":"[2:35:52.759 AM]: Query result precision loss detected when converting 2.17777777777778e+33 to a JavaScript Number.\n\nFetch as string or BigInt instead:\nhttps://docs.snowflake.com/en/developer-guide/node-js/nodejs-driver-consume#fetching-integer-data-types-as-bigint\nhttps://docs.snowflake.com/en/developer-guide/node-js/nodejs-driver-consume#fetching-data-types-as-strings\n\nThis will throw an error in future driver versions."}
{"level":"WARN","message":"[2:35:52.759 AM]: Query result precision loss detected when converting 2.29656565656566e+35 to a JavaScript Number.\n\nFetch as string or BigInt instead:\nhttps://docs.snowflake.com/en/developer-guide/node-js/nodejs-driver-consume#fetching-integer-data-types-as-bigint\nhttps://docs.snowflake.com/en/developer-guide/node-js/nodejs-driver-consume#fetching-data-types-as-strings\n\nThis will throw an error in future driver versions."}
{"level":"WARN","message":"[2:35:52.759 AM]: Query result precision loss detected when converting 3.46464646464647e+33 to a JavaScript Number.\n\nFetch as string or BigInt instead:\nhttps://docs.snowflake.com/en/developer-guide/node-js/nodejs-driver-consume#fetching-integer-data-types-as-bigint\nhttps://docs.snowflake.com/en/developer-guide/node-js/nodejs-driver-consume#fetching-data-types-as-strings\n\nThis will throw an error in future driver versions."}
{"level":"WARN","message":"[2:35:52.759 AM]: Query result precision loss detected when converting 4.94949494949495e+32 to a JavaScript Number.\n\nFetch as string or BigInt instead:\nhttps://docs.snowflake.com/en/developer-guide/node-js/nodejs-driver-consume#fetching-integer-data-types-as-bigint\nhttps://docs.snowflake.com/en/developer-guide/node-js/nodejs-driver-consume#fetching-data-types-as-strings\n\nThis will throw an error in future driver versions."}
{"level":"WARN","message":"[2:35:52.759 AM]: Query result precision loss detected when converting 2.27181818181818e+35 to a JavaScript Number.\n\nFetch as string or BigInt instead:\nhttps://docs.snowflake.com/en/developer-guide/node-js/nodejs-driver-consume#fetching-integer-data-types-as-bigint\nhttps://docs.snowflake.com/en/developer-guide/node-js/nodejs-driver-consume#fetching-data-types-as-strings\n\nThis will throw an error in future driver versions."}
{"level":"WARN","message":"[2:35:52.759 AM]: Query result precision loss detected when converting 3.46464646464647e+33 to a JavaScript Number.\n\nFetch as string or BigInt instead:\nhttps://docs.snowflake.com/en/developer-guide/node-js/nodejs-driver-consume#fetching-integer-data-types-as-bigint\nhttps://docs.snowflake.com/en/developer-guide/node-js/nodejs-driver-consume#fetching-data-types-as-strings\n\nThis will throw an error in future driver versions."}
{"level":"WARN","message":"[2:35:52.759 AM]: Query result precision loss detected when converting 2.29656565656566e+35 to a JavaScript Number.\n\nFetch as string or BigInt instead:\nhttps://docs.snowflake.com/en/developer-guide/node-js/nodejs-driver-consume#fetching-integer-data-types-as-bigint\nhttps://docs.snowflake.com/en/developer-guide/node-js/nodejs-driver-consume#fetching-data-types-as-strings\n\nThis will throw an error in future driver versions."}
{"level":"WARN","message":"[2:35:52.759 AM]: Query result precision loss detected when converting 2.17777777777778e+33 to a JavaScript Number.\n\nFetch as string or BigInt instead:\nhttps://docs.snowflake.com/en/developer-guide/node-js/nodejs-driver-consume#fetching-integer-data-types-as-bigint\nhttps://docs.snowflake.com/en/developer-guide/node-js/nodejs-driver-consume#fetching-data-types-as-strings\n\nThis will throw an error in future driver versions."}
{"level":"WARN","message":"[2:35:52.759 AM]: Query result precision loss detected when converting 2.27181818181818e+35 to a JavaScript Number.\n\nFetch as string or BigInt instead:\nhttps://docs.snowflake.com/en/developer-guide/node-js/nodejs-driver-consume#fetching-integer-data-types-as-bigint\nhttps://docs.snowflake.com/en/developer-guide/node-js/nodejs-driver-consume#fetching-data-types-as-strings\n\nThis will throw an error in future driver versions."}
{"level":"WARN","message":"[2:35:52.759 AM]: Query result precision loss detected when converting 9.8989898989899e+32 to a JavaScript Number.\n\nFetch as string or BigInt instead:\nhttps://docs.snowflake.com/en/developer-guide/node-js/nodejs-driver-consume#fetching-integer-data-types-as-bigint\nhttps://docs.snowflake.com/en/developer-guide/node-js/nodejs-driver-consume#fetching-data-types-as-strings\n\nThis will throw an error in future driver versions."}
{"level":"WARN","message":"[2:35:52.759 AM]: Query result precision loss detected when converting 4.94949494949495e+32 to a JavaScript Number.\n\nFetch as string or BigInt instead:\nhttps://docs.snowflake.com/en/developer-guide/node-js/nodejs-driver-consume#fetching-integer-data-types-as-bigint\nhttps://docs.snowflake.com/en/developer-guide/node-js/nodejs-driver-consume#fetching-data-types-as-strings\n\nThis will throw an error in future driver versions."}
{"level":"WARN","message":"[2:35:52.759 AM]: Query result precision loss detected when converting 3.46464646464647e+33 to a JavaScript Number.\n\nFetch as string or BigInt instead:\nhttps://docs.snowflake.com/en/developer-guide/node-js/nodejs-driver-consume#fetching-integer-data-types-as-bigint\nhttps://docs.snowflake.com/en/developer-guide/node-js/nodejs-driver-consume#fetching-data-types-as-strings\n\nThis will throw an error in future driver versions."}
{"level":"WARN","message":"[2:35:52.759 AM]: Query result precision loss detected when converting 3.46464646464647e+33 to a JavaScript Number.\n\nFetch as string or BigInt instead:\nhttps://docs.snowflake.com/en/developer-guide/node-js/nodejs-driver-consume#fetching-integer-data-types-as-bigint\nhttps://docs.snowflake.com/en/developer-guide/node-js/nodejs-driver-consume#fetching-data-types-as-strings\n\nThis will throw an error in future driver versions."}
{"level":"WARN","message":"[2:35:52.759 AM]: Query result precision loss detected when converting 5.34545454545455e+33 to a JavaScript Number.\n\nFetch as string or BigInt instead:\nhttps://docs.snowflake.com/en/developer-guide/node-js/nodejs-driver-consume#fetching-integer-data-types-as-bigint\nhttps://docs.snowflake.com/en/developer-guide/node-js/nodejs-driver-consume#fetching-data-types-as-strings\n\nThis will throw an error in future driver versions."}
{"level":"WARN","message":"[2:35:52.759 AM]: Query result precision loss detected when converting 2.47474747474748e+33 to a JavaScript Number.\n\nFetch as string or BigInt instead:\nhttps://docs.snowflake.com/en/developer-guide/node-js/nodejs-driver-consume#fetching-integer-data-types-as-bigint\nhttps://docs.snowflake.com/en/developer-guide/node-js/nodejs-driver-consume#fetching-data-types-as-strings\n\nThis will throw an error in future driver versions."}
{"level":"WARN","message":"[2:35:52.759 AM]: Query result precision loss detected when converting 4.94949494949495e+32 to a JavaScript Number.\n\nFetch as string or BigInt instead:\nhttps://docs.snowflake.com/en/developer-guide/node-js/nodejs-driver-consume#fetching-integer-data-types-as-bigint\nhttps://docs.snowflake.com/en/developer-guide/node-js/nodejs-driver-consume#fetching-data-types-as-strings\n\nThis will throw an error in future driver versions."}
{"level":"WARN","message":"[2:35:52.759 AM]: Query result precision loss detected when converting 4.94949494949495e+33 to a JavaScript Number.\n\nFetch as string or BigInt instead:\nhttps://docs.snowflake.com/en/developer-guide/node-js/nodejs-driver-consume#fetching-integer-data-types-as-bigint\nhttps://docs.snowflake.com/en/developer-guide/node-js/nodejs-driver-consume#fetching-data-types-as-strings\n\nThis will throw an error in future driver versions."}
{"level":"WARN","message":"[2:35:52.759 AM]: Query result precision loss detected when converting 4.94949494949495e+32 to a JavaScript Number.\n\nFetch as string or BigInt instead:\nhttps://docs.snowflake.com/en/developer-guide/node-js/nodejs-driver-consume#fetching-integer-data-types-as-bigint\nhttps://docs.snowflake.com/en/developer-guide/node-js/nodejs-driver-consume#fetching-data-types-as-strings\n\nThis will throw an error in future driver versions."}
{"level":"WARN","message":"[2:35:52.759 AM]: Query result precision loss detected when converting 9.8989898989899e+32 to a JavaScript Number.\n\nFetch as string or BigInt instead:\nhttps://docs.snowflake.com/en/developer-guide/node-js/nodejs-driver-consume#fetching-integer-data-types-as-bigint\nhttps://docs.snowflake.com/en/developer-guide/node-js/nodejs-driver-consume#fetching-data-types-as-strings\n\nThis will throw an error in future driver versions."}
{"level":"WARN","message":"[2:35:52.759 AM]: Query result precision loss detected when converting 5.34545454545455e+33 to a JavaScript Number.\n\nFetch as string or BigInt instead:\nhttps://docs.snowflake.com/en/developer-guide/node-js/nodejs-driver-consume#fetching-integer-data-types-as-bigint\nhttps://docs.snowflake.com/en/developer-guide/node-js/nodejs-driver-consume#fetching-data-types-as-strings\n\nThis will throw an error in future driver versions."}
{"level":"WARN","message":"[2:35:52.759 AM]: Query result precision loss detected when converting 9.8989898989899e+32 to a JavaScript Number.\n\nFetch as string or BigInt instead:\nhttps://docs.snowflake.com/en/developer-guide/node-js/nodejs-driver-consume#fetching-integer-data-types-as-bigint\nhttps://docs.snowflake.com/en/developer-guide/node-js/nodejs-driver-consume#fetching-data-types-as-strings\n\nThis will throw an error in future driver versions."}
{"level":"WARN","message":"[2:35:52.759 AM]: Query result precision loss detected when converting 6.92929292929293e+33 to a JavaScript Number.\n\nFetch as string or BigInt instead:\nhttps://docs.snowflake.com/en/developer-guide/node-js/nodejs-driver-consume#fetching-integer-data-types-as-bigint\nhttps://docs.snowflake.com/en/developer-guide/node-js/nodejs-driver-consume#fetching-data-types-as-strings\n\nThis will throw an error in future driver versions."}
{"level":"WARN","message":"[2:35:52.759 AM]: Query result precision loss detected when converting 6.92929292929293e+33 to a JavaScript Number.\n\nFetch as string or BigInt instead:\nhttps://docs.snowflake.com/en/developer-guide/node-js/nodejs-driver-consume#fetching-integer-data-types-as-bigint\nhttps://docs.snowflake.com/en/developer-guide/node-js/nodejs-driver-consume#fetching-data-types-as-strings\n\nThis will throw an error in future driver versions."}
{"level":"WARN","message":"[2:35:52.759 AM]: Query result precision loss detected when converting 4.94949494949495e+32 to a JavaScript Number.\n\nFetch as string or BigInt instead:\nhttps://docs.snowflake.com/en/developer-guide/node-js/nodejs-driver-consume#fetching-integer-data-types-as-bigint\nhttps://docs.snowflake.com/en/developer-guide/node-js/nodejs-driver-consume#fetching-data-types-as-strings\n\nThis will throw an error in future driver versions."}
{"level":"WARN","message":"[2:35:52.759 AM]: Query result precision loss detected when converting 4.94949494949495e+32 to a JavaScript Number.\n\nFetch as string or BigInt instead:\nhttps://docs.snowflake.com/en/developer-guide/node-js/nodejs-driver-consume#fetching-integer-data-types-as-bigint\nhttps://docs.snowflake.com/en/developer-guide/node-js/nodejs-driver-consume#fetching-data-types-as-strings\n\nThis will throw an error in future driver versions."}
{"level":"WARN","message":"[2:35:52.759 AM]: Query result precision loss detected when converting 4.94949494949495e+32 to a JavaScript Number.\n\nFetch as string or BigInt instead:\nhttps://docs.snowflake.com/en/developer-guide/node-js/nodejs-driver-consume#fetching-integer-data-types-as-bigint\nhttps://docs.snowflake.com/en/developer-guide/node-js/nodejs-driver-consume#fetching-data-types-as-strings\n\nThis will throw an error in future driver versions."}
{"level":"WARN","message":"[2:35:52.759 AM]: Query result precision loss detected when converting 1.97979797979798e+32 to a JavaScript Number.\n\nFetch as string or BigInt instead:\nhttps://docs.snowflake.com/en/developer-guide/node-js/nodejs-driver-consume#fetching-integer-data-types-as-bigint\nhttps://docs.snowflake.com/en/developer-guide/node-js/nodejs-driver-consume#fetching-data-types-as-strings\n\nThis will throw an error in future driver versions."}
{"level":"WARN","message":"[2:35:52.759 AM]: Query result precision loss detected when converting 6.33535353535354e+33 to a JavaScript Number.\n\nFetch as string or BigInt instead:\nhttps://docs.snowflake.com/en/developer-guide/node-js/nodejs-driver-consume#fetching-integer-data-types-as-bigint\nhttps://docs.snowflake.com/en/developer-guide/node-js/nodejs-driver-consume#fetching-data-types-as-strings\n\nThis will throw an error in future driver versions."}
{"level":"WARN","message":"[2:35:52.759 AM]: Query result precision loss detected when converting 2.17777777777778e+33 to a JavaScript Number.\n\nFetch as string or BigInt instead:\nhttps://docs.snowflake.com/en/developer-guide/node-js/nodejs-driver-consume#fetching-integer-data-types-as-bigint\nhttps://docs.snowflake.com/en/developer-guide/node-js/nodejs-driver-consume#fetching-data-types-as-strings\n\nThis will throw an error in future driver versions."}
{"level":"WARN","message":"[2:35:52.759 AM]: Query result precision loss detected when converting 2.17777777777778e+33 to a JavaScript Number.\n\nFetch as string or BigInt instead:\nhttps://docs.snowflake.com/en/developer-guide/node-js/nodejs-driver-consume#fetching-integer-data-types-as-bigint\nhttps://docs.snowflake.com/en/developer-guide/node-js/nodejs-driver-consume#fetching-data-types-as-strings\n\nThis will throw an error in future driver versions."}
{"level":"WARN","message":"[2:35:52.767 AM]: Query result precision loss detected when converting 3.54185858585859e+35 to a JavaScript Number.\n\nFetch as string or BigInt instead:\nhttps://docs.snowflake.com/en/developer-guide/node-js/nodejs-driver-consume#fetching-integer-data-types-as-bigint\nhttps://docs.snowflake.com/en/developer-guide/node-js/nodejs-driver-consume#fetching-data-types-as-strings\n\nThis will throw an error in future driver versions."}
{"level":"WARN","message":"[2:35:52.767 AM]: Query result precision loss detected when converting 3.54185858585859e+35 to a JavaScript Number.\n\nFetch as string or BigInt instead:\nhttps://docs.snowflake.com/en/developer-guide/node-js/nodejs-driver-consume#fetching-integer-data-types-as-bigint\nhttps://docs.snowflake.com/en/developer-guide/node-js/nodejs-driver-consume#fetching-data-types-as-strings\n\nThis will throw an error in future driver versions."}
{"level":"WARN","message":"[2:35:52.767 AM]: Query result precision loss detected when converting 3.54185858585859e+35 to a JavaScript Number.\n\nFetch as string or BigInt instead:\nhttps://docs.snowflake.com/en/developer-guide/node-js/nodejs-driver-consume#fetching-integer-data-types-as-bigint\nhttps://docs.snowflake.com/en/developer-guide/node-js/nodejs-driver-consume#fetching-data-types-as-strings\n\nThis will throw an error in future driver versions."}
{"level":"WARN","message":"[2:35:52.767 AM]: Query result precision loss detected when converting 3.34090909090909e+35 to a JavaScript Number.\n\nFetch as string or BigInt instead:\nhttps://docs.snowflake.com/en/developer-guide/node-js/nodejs-driver-consume#fetching-integer-data-types-as-bigint\nhttps://docs.snowflake.com/en/developer-guide/node-js/nodejs-driver-consume#fetching-data-types-as-strings\n\nThis will throw an error in future driver versions."}
{"level":"WARN","message":"[2:35:52.767 AM]: Query result precision loss detected when converting 3.54185858585859e+35 to a JavaScript Number.\n\nFetch as string or BigInt instead:\nhttps://docs.snowflake.com/en/developer-guide/node-js/nodejs-driver-consume#fetching-integer-data-types-as-bigint\nhttps://docs.snowflake.com/en/developer-guide/node-js/nodejs-driver-consume#fetching-data-types-as-strings\n\nThis will throw an error in future driver versions."}
{"level":"WARN","message":"[2:35:52.767 AM]: Query result precision loss detected when converting 3.54185858585859e+35 to a JavaScript Number.\n\nFetch as string or BigInt instead:\nhttps://docs.snowflake.com/en/developer-guide/node-js/nodejs-driver-consume#fetching-integer-data-types-as-bigint\nhttps://docs.snowflake.com/en/developer-guide/node-js/nodejs-driver-consume#fetching-data-types-as-strings\n\nThis will throw an error in future driver versions."}
{"level":"WARN","message":"[2:35:52.767 AM]: Query result precision loss detected when converting 3.36565656565657e+35 to a JavaScript Number.\n\nFetch as string or BigInt instead:\nhttps://docs.snowflake.com/en/developer-guide/node-js/nodejs-driver-consume#fetching-integer-data-types-as-bigint\nhttps://docs.snowflake.com/en/developer-guide/node-js/nodejs-driver-consume#fetching-data-types-as-strings\n\nThis will throw an error in future driver versions."}
{"level":"WARN","message":"[2:35:52.767 AM]: Query result precision loss detected when converting 3.54185858585859e+35 to a JavaScript Number.\n\nFetch as string or BigInt instead:\nhttps://docs.snowflake.com/en/developer-guide/node-js/nodejs-driver-consume#fetching-integer-data-types-as-bigint\nhttps://docs.snowflake.com/en/developer-guide/node-js/nodejs-driver-consume#fetching-data-types-as-strings\n\nThis will throw an error in future driver versions."}
{"level":"WARN","message":"[2:35:52.767 AM]: Query result precision loss detected when converting 2.02830303030303e+35 to a JavaScript Number.\n\nFetch as string or BigInt instead:\nhttps://docs.snowflake.com/en/developer-guide/node-js/nodejs-driver-consume#fetching-integer-data-types-as-bigint\nhttps://docs.snowflake.com/en/developer-guide/node-js/nodejs-driver-consume#fetching-data-types-as-strings\n\nThis will throw an error in future driver versions."}
{"level":"WARN","message":"[2:35:52.767 AM]: Query result precision loss detected when converting 2.1599595959596e+35 to a JavaScript Number.\n\nFetch as string or BigInt instead:\nhttps://docs.snowflake.com/en/developer-guide/node-js/nodejs-driver-consume#fetching-integer-data-types-as-bigint\nhttps://docs.snowflake.com/en/developer-guide/node-js/nodejs-driver-consume#fetching-data-types-as-strings\n\nThis will throw an error in future driver versions."}
{"level":"WARN","message":"[2:35:52.767 AM]: Query result precision loss detected when converting 2.41832323232323e+35 to a JavaScript Number.\n\nFetch as string or BigInt instead:\nhttps://docs.snowflake.com/en/developer-guide/node-js/nodejs-driver-consume#fetching-integer-data-types-as-bigint\nhttps://docs.snowflake.com/en/developer-guide/node-js/nodejs-driver-consume#fetching-data-types-as-strings\n\nThis will throw an error in future driver versions."}
{"level":"WARN","message":"[2:35:52.767 AM]: Query result precision loss detected when converting 2.41832323232323e+35 to a JavaScript Number.\n\nFetch as string or BigInt instead:\nhttps://docs.snowflake.com/en/developer-guide/node-js/nodejs-driver-consume#fetching-integer-data-types-as-bigint\nhttps://docs.snowflake.com/en/developer-guide/node-js/nodejs-driver-consume#fetching-data-types-as-strings\n\nThis will throw an error in future driver versions."}
{"level":"WARN","message":"[2:35:52.767 AM]: Query result precision loss detected when converting 2.1599595959596e+35 to a JavaScript Number.\n\nFetch as string or BigInt instead:\nhttps://docs.snowflake.com/en/developer-guide/node-js/nodejs-driver-consume#fetching-integer-data-types-as-bigint\nhttps://docs.snowflake.com/en/developer-guide/node-js/nodejs-driver-consume#fetching-data-types-as-strings\n\nThis will throw an error in future driver versions."}
{"level":"WARN","message":"[2:35:52.767 AM]: Query result precision loss detected when converting 2.1599595959596e+35 to a JavaScript Number.\n\nFetch as string or BigInt instead:\nhttps://docs.snowflake.com/en/developer-guide/node-js/nodejs-driver-consume#fetching-integer-data-types-as-bigint\nhttps://docs.snowflake.com/en/developer-guide/node-js/nodejs-driver-consume#fetching-data-types-as-strings\n\nThis will throw an error in future driver versions."}
{"level":"WARN","message":"[2:35:52.767 AM]: Query result precision loss detected when converting 2.1599595959596e+35 to a JavaScript Number.\n\nFetch as string or BigInt instead:\nhttps://docs.snowflake.com/en/developer-guide/node-js/nodejs-driver-consume#fetching-integer-data-types-as-bigint\nhttps://docs.snowflake.com/en/developer-guide/node-js/nodejs-driver-consume#fetching-data-types-as-strings\n\nThis will throw an error in future driver versions."}
{"level":"WARN","message":"[2:35:52.767 AM]: Query result precision loss detected when converting 2.02830303030303e+35 to a JavaScript Number.\n\nFetch as string or BigInt instead:\nhttps://docs.snowflake.com/en/developer-guide/node-js/nodejs-driver-consume#fetching-integer-data-types-as-bigint\nhttps://docs.snowflake.com/en/developer-guide/node-js/nodejs-driver-consume#fetching-data-types-as-strings\n\nThis will throw an error in future driver versions."}
{"level":"WARN","message":"[2:35:52.767 AM]: Query result precision loss detected when converting 2.05008080808081e+35 to a JavaScript Number.\n\nFetch as string or BigInt instead:\nhttps://docs.snowflake.com/en/developer-guide/node-js/nodejs-driver-consume#fetching-integer-data-types-as-bigint\nhttps://docs.snowflake.com/en/developer-guide/node-js/nodejs-driver-consume#fetching-data-types-as-strings\n\nThis will throw an error in future driver versions."}
{"level":"WARN","message":"[2:35:52.767 AM]: Query result precision loss detected when converting 9.8989898989899e+34 to a JavaScript Number.\n\nFetch as string or BigInt instead:\nhttps://docs.snowflake.com/en/developer-guide/node-js/nodejs-driver-consume#fetching-integer-data-types-as-bigint\nhttps://docs.snowflake.com/en/developer-guide/node-js/nodejs-driver-consume#fetching-data-types-as-strings\n\nThis will throw an error in future driver versions."}
{"level":"WARN","message":"[2:35:52.767 AM]: Query result precision loss detected when converting 2.1599595959596e+35 to a JavaScript Number.\n\nFetch as string or BigInt instead:\nhttps://docs.snowflake.com/en/developer-guide/node-js/nodejs-driver-consume#fetching-integer-data-types-as-bigint\nhttps://docs.snowflake.com/en/developer-guide/node-js/nodejs-driver-consume#fetching-data-types-as-strings\n\nThis will throw an error in future driver versions."}
{"level":"WARN","message":"[2:35:52.767 AM]: Query result precision loss detected when converting 9.8989898989899e+34 to a JavaScript Number.\n\nFetch as string or BigInt instead:\nhttps://docs.snowflake.com/en/developer-guide/node-js/nodejs-driver-consume#fetching-integer-data-types-as-bigint\nhttps://docs.snowflake.com/en/developer-guide/node-js/nodejs-driver-consume#fetching-data-types-as-strings\n\nThis will throw an error in future driver versions."}
{"level":"WARN","message":"[2:35:52.767 AM]: Query result precision loss detected when converting 7.75090909090909e+34 to a JavaScript Number.\n\nFetch as string or BigInt instead:\nhttps://docs.snowflake.com/en/developer-guide/node-js/nodejs-driver-consume#fetching-integer-data-types-as-bigint\nhttps://docs.snowflake.com/en/developer-guide/node-js/nodejs-driver-consume#fetching-data-types-as-strings\n\nThis will throw an error in future driver versions."}
{"level":"WARN","message":"[2:35:52.767 AM]: Query result precision loss detected when converting 2.05008080808081e+35 to a JavaScript Number.\n\nFetch as string or BigInt instead:\nhttps://docs.snowflake.com/en/developer-guide/node-js/nodejs-driver-consume#fetching-integer-data-types-as-bigint\nhttps://docs.snowflake.com/en/developer-guide/node-js/nodejs-driver-consume#fetching-data-types-as-strings\n\nThis will throw an error in future driver versions."}
{"level":"WARN","message":"[2:35:52.767 AM]: Query result precision loss detected when converting 7.75090909090909e+34 to a JavaScript Number.\n\nFetch as string or BigInt instead:\nhttps://docs.snowflake.com/en/developer-guide/node-js/nodejs-driver-consume#fetching-integer-data-types-as-bigint\nhttps://docs.snowflake.com/en/developer-guide/node-js/nodejs-driver-consume#fetching-data-types-as-strings\n\nThis will throw an error in future driver versions."}
{"level":"WARN","message":"[2:35:52.767 AM]: Query result precision loss detected when converting 2.41832323232323e+35 to a JavaScript Number.\n\nFetch as string or BigInt instead:\nhttps://docs.snowflake.com/en/developer-guide/node-js/nodejs-driver-consume#fetching-integer-data-types-as-bigint\nhttps://docs.snowflake.com/en/developer-guide/node-js/nodejs-driver-consume#fetching-data-types-as-strings\n\nThis will throw an error in future driver versions."}
{"level":"WARN","message":"[2:35:52.767 AM]: Query result precision loss detected when converting 3.54185858585859e+35 to a JavaScript Number.\n\nFetch as string or BigInt instead:\nhttps://docs.snowflake.com/en/developer-guide/node-js/nodejs-driver-consume#fetching-integer-data-types-as-bigint\nhttps://docs.snowflake.com/en/developer-guide/node-js/nodejs-driver-consume#fetching-data-types-as-strings\n\nThis will throw an error in future driver versions."}
{"level":"WARN","message":"[2:35:52.767 AM]: Query result precision loss detected when converting 3.54185858585859e+35 to a JavaScript Number.\n\nFetch as string or BigInt instead:\nhttps://docs.snowflake.com/en/developer-guide/node-js/nodejs-driver-consume#fetching-integer-data-types-as-bigint\nhttps://docs.snowflake.com/en/developer-guide/node-js/nodejs-driver-consume#fetching-data-types-as-strings\n\nThis will throw an error in future driver versions."}
{"level":"WARN","message":"[2:35:52.767 AM]: Query result precision loss detected when converting 3.54185858585859e+35 to a JavaScript Number.\n\nFetch as string or BigInt instead:\nhttps://docs.snowflake.com/en/developer-guide/node-js/nodejs-driver-consume#fetching-integer-data-types-as-bigint\nhttps://docs.snowflake.com/en/developer-guide/node-js/nodejs-driver-consume#fetching-data-types-as-strings\n\nThis will throw an error in future driver versions."}
{"level":"WARN","message":"[2:35:52.767 AM]: Query result precision loss detected when converting 6.91939393939394e+34 to a JavaScript Number.\n\nFetch as string or BigInt instead:\nhttps://docs.snowflake.com/en/developer-guide/node-js/nodejs-driver-consume#fetching-integer-data-types-as-bigint\nhttps://docs.snowflake.com/en/developer-guide/node-js/nodejs-driver-consume#fetching-data-types-as-strings\n\nThis will throw an error in future driver versions."}
{"level":"WARN","message":"[2:35:52.767 AM]: Query result precision loss detected when converting 3.36565656565657e+35 to a JavaScript Number.\n\nFetch as string or BigInt instead:\nhttps://docs.snowflake.com/en/developer-guide/node-js/nodejs-driver-consume#fetching-integer-data-types-as-bigint\nhttps://docs.snowflake.com/en/developer-guide/node-js/nodejs-driver-consume#fetching-data-types-as-strings\n\nThis will throw an error in future driver versions."}
{"level":"WARN","message":"[2:35:52.767 AM]: Query result precision loss detected when converting 3.54185858585859e+35 to a JavaScript Number.\n\nFetch as string or BigInt instead:\nhttps://docs.snowflake.com/en/developer-guide/node-js/nodejs-driver-consume#fetching-integer-data-types-as-bigint\nhttps://docs.snowflake.com/en/developer-guide/node-js/nodejs-driver-consume#fetching-data-types-as-strings\n\nThis will throw an error in future driver versions."}
{"level":"WARN","message":"[2:35:52.767 AM]: Query result precision loss detected when converting 3.34090909090909e+35 to a JavaScript Number.\n\nFetch as string or BigInt instead:\nhttps://docs.snowflake.com/en/developer-guide/node-js/nodejs-driver-consume#fetching-integer-data-types-as-bigint\nhttps://docs.snowflake.com/en/developer-guide/node-js/nodejs-driver-consume#fetching-data-types-as-strings\n\nThis will throw an error in future driver versions."}
{"level":"WARN","message":"[2:35:52.767 AM]: Query result precision loss detected when converting 3.54185858585859e+35 to a JavaScript Number.\n\nFetch as string or BigInt instead:\nhttps://docs.snowflake.com/en/developer-guide/node-js/nodejs-driver-consume#fetching-integer-data-types-as-bigint\nhttps://docs.snowflake.com/en/developer-guide/node-js/nodejs-driver-consume#fetching-data-types-as-strings\n\nThis will throw an error in future driver versions."}
{"level":"WARN","message":"[2:35:52.767 AM]: Query result precision loss detected when converting 3.54185858585859e+35 to a JavaScript Number.\n\nFetch as string or BigInt instead:\nhttps://docs.snowflake.com/en/developer-guide/node-js/nodejs-driver-consume#fetching-integer-data-types-as-bigint\nhttps://docs.snowflake.com/en/developer-guide/node-js/nodejs-driver-consume#fetching-data-types-as-strings\n\nThis will throw an error in future driver versions."}
{"level":"WARN","message":"[2:35:52.767 AM]: Query result precision loss detected when converting 2.1599595959596e+35 to a JavaScript Number.\n\nFetch as string or BigInt instead:\nhttps://docs.snowflake.com/en/developer-guide/node-js/nodejs-driver-consume#fetching-integer-data-types-as-bigint\nhttps://docs.snowflake.com/en/developer-guide/node-js/nodejs-driver-consume#fetching-data-types-as-strings\n\nThis will throw an error in future driver versions."}
{"level":"WARN","message":"[2:35:52.767 AM]: Query result precision loss detected when converting 9.8989898989899e+34 to a JavaScript Number.\n\nFetch as string or BigInt instead:\nhttps://docs.snowflake.com/en/developer-guide/node-js/nodejs-driver-consume#fetching-integer-data-types-as-bigint\nhttps://docs.snowflake.com/en/developer-guide/node-js/nodejs-driver-consume#fetching-data-types-as-strings\n\nThis will throw an error in future driver versions."}
{"level":"WARN","message":"[2:35:52.767 AM]: Query result precision loss detected when converting 7.75090909090909e+34 to a JavaScript Number.\n\nFetch as string or BigInt instead:\nhttps://docs.snowflake.com/en/developer-guide/node-js/nodejs-driver-consume#fetching-integer-data-types-as-bigint\nhttps://docs.snowflake.com/en/developer-guide/node-js/nodejs-driver-consume#fetching-data-types-as-strings\n\nThis will throw an error in future driver versions."}
{"level":"WARN","message":"[2:35:52.767 AM]: Query result precision loss detected when converting 2.02830303030303e+35 to a JavaScript Number.\n\nFetch as string or BigInt instead:\nhttps://docs.snowflake.com/en/developer-guide/node-js/nodejs-driver-consume#fetching-integer-data-types-as-bigint\nhttps://docs.snowflake.com/en/developer-guide/node-js/nodejs-driver-consume#fetching-data-types-as-strings\n\nThis will throw an error in future driver versions."}
{"level":"WARN","message":"[2:35:52.767 AM]: Query result precision loss detected when converting 7.75090909090909e+34 to a JavaScript Number.\n\nFetch as string or BigInt instead:\nhttps://docs.snowflake.com/en/developer-guide/node-js/nodejs-driver-consume#fetching-integer-data-types-as-bigint\nhttps://docs.snowflake.com/en/developer-guide/node-js/nodejs-driver-consume#fetching-data-types-as-strings\n\nThis will throw an error in future driver versions."}
{"level":"WARN","message":"[2:35:52.767 AM]: Query result precision loss detected when converting 9.8989898989899e+34 to a JavaScript Number.\n\nFetch as string or BigInt instead:\nhttps://docs.snowflake.com/en/developer-guide/node-js/nodejs-driver-consume#fetching-integer-data-types-as-bigint\nhttps://docs.snowflake.com/en/developer-guide/node-js/nodejs-driver-consume#fetching-data-types-as-strings\n\nThis will throw an error in future driver versions."}
{"level":"WARN","message":"[2:35:52.767 AM]: Query result precision loss detected when converting 2.02830303030303e+35 to a JavaScript Number.\n\nFetch as string or BigInt instead:\nhttps://docs.snowflake.com/en/developer-guide/node-js/nodejs-driver-consume#fetching-integer-data-types-as-bigint\nhttps://docs.snowflake.com/en/developer-guide/node-js/nodejs-driver-consume#fetching-data-types-as-strings\n\nThis will throw an error in future driver versions."}
{"level":"WARN","message":"[2:35:52.767 AM]: Query result precision loss detected when converting 2.1599595959596e+35 to a JavaScript Number.\n\nFetch as string or BigInt instead:\nhttps://docs.snowflake.com/en/developer-guide/node-js/nodejs-driver-consume#fetching-integer-data-types-as-bigint\nhttps://docs.snowflake.com/en/developer-guide/node-js/nodejs-driver-consume#fetching-data-types-as-strings\n\nThis will throw an error in future driver versions."}
{"level":"WARN","message":"[2:35:52.767 AM]: Query result precision loss detected when converting 9.8989898989899e+34 to a JavaScript Number.\n\nFetch as string or BigInt instead:\nhttps://docs.snowflake.com/en/developer-guide/node-js/nodejs-driver-consume#fetching-integer-data-types-as-bigint\nhttps://docs.snowflake.com/en/developer-guide/node-js/nodejs-driver-consume#fetching-data-types-as-strings\n\nThis will throw an error in future driver versions."}
{"level":"WARN","message":"[2:35:52.767 AM]: Query result precision loss detected when converting 3.54185858585859e+35 to a JavaScript Number.\n\nFetch as string or BigInt instead:\nhttps://docs.snowflake.com/en/developer-guide/node-js/nodejs-driver-consume#fetching-integer-data-types-as-bigint\nhttps://docs.snowflake.com/en/developer-guide/node-js/nodejs-driver-consume#fetching-data-types-as-strings\n\nThis will throw an error in future driver versions."}
{"level":"WARN","message":"[2:35:52.767 AM]: Query result precision loss detected when converting 3.54185858585859e+35 to a JavaScript Number.\n\nFetch as string or BigInt instead:\nhttps://docs.snowflake.com/en/developer-guide/node-js/nodejs-driver-consume#fetching-integer-data-types-as-bigint\nhttps://docs.snowflake.com/en/developer-guide/node-js/nodejs-driver-consume#fetching-data-types-as-strings\n\nThis will throw an error in future driver versions."}
{"level":"WARN","message":"[2:35:52.767 AM]: Query result precision loss detected when converting 3.54185858585859e+35 to a JavaScript Number.\n\nFetch as string or BigInt instead:\nhttps://docs.snowflake.com/en/developer-guide/node-js/nodejs-driver-consume#fetching-integer-data-types-as-bigint\nhttps://docs.snowflake.com/en/developer-guide/node-js/nodejs-driver-consume#fetching-data-types-as-strings\n\nThis will throw an error in future driver versions."}
{"level":"WARN","message":"[2:35:52.767 AM]: Query result precision loss detected when converting 3.54185858585859e+35 to a JavaScript Number.\n\nFetch as string or BigInt instead:\nhttps://docs.snowflake.com/en/developer-guide/node-js/nodejs-driver-consume#fetching-integer-data-types-as-bigint\nhttps://docs.snowflake.com/en/developer-guide/node-js/nodejs-driver-consume#fetching-data-types-as-strings\n\nThis will throw an error in future driver versions."}
{"level":"WARN","message":"[2:35:52.767 AM]: Query result precision loss detected when converting 6.91939393939394e+34 to a JavaScript Number.\n\nFetch as string or BigInt instead:\nhttps://docs.snowflake.com/en/developer-guide/node-js/nodejs-driver-consume#fetching-integer-data-types-as-bigint\nhttps://docs.snowflake.com/en/developer-guide/node-js/nodejs-driver-consume#fetching-data-types-as-strings\n\nThis will throw an error in future driver versions."}
{"level":"WARN","message":"[2:35:52.767 AM]: Query result precision loss detected when converting 3.54185858585859e+35 to a JavaScript Number.\n\nFetch as string or BigInt instead:\nhttps://docs.snowflake.com/en/developer-guide/node-js/nodejs-driver-consume#fetching-integer-data-types-as-bigint\nhttps://docs.snowflake.com/en/developer-guide/node-js/nodejs-driver-consume#fetching-data-types-as-strings\n\nThis will throw an error in future driver versions."}
{"level":"WARN","message":"[2:35:52.767 AM]: Query result precision loss detected when converting 3.54185858585859e+35 to a JavaScript Number.\n\nFetch as string or BigInt instead:\nhttps://docs.snowflake.com/en/developer-guide/node-js/nodejs-driver-consume#fetching-integer-data-types-as-bigint\nhttps://docs.snowflake.com/en/developer-guide/node-js/nodejs-driver-consume#fetching-data-types-as-strings\n\nThis will throw an error in future driver versions."}
{"level":"WARN","message":"[2:35:52.767 AM]: Query result precision loss detected when converting 3.54185858585859e+35 to a JavaScript Number.\n\nFetch as string or BigInt instead:\nhttps://docs.snowflake.com/en/developer-guide/node-js/nodejs-driver-consume#fetching-integer-data-types-as-bigint\nhttps://docs.snowflake.com/en/developer-guide/node-js/nodejs-driver-consume#fetching-data-types-as-strings\n\nThis will throw an error in future driver versions."}
{"level":"WARN","message":"[2:35:52.767 AM]: Query result precision loss detected when converting 3.54185858585859e+35 to a JavaScript Number.\n\nFetch as string or BigInt instead:\nhttps://docs.snowflake.com/en/developer-guide/node-js/nodejs-driver-consume#fetching-integer-data-types-as-bigint\nhttps://docs.snowflake.com/en/developer-guide/node-js/nodejs-driver-consume#fetching-data-types-as-strings\n\nThis will throw an error in future driver versions."}
{"level":"WARN","message":"[2:35:52.767 AM]: Query result precision loss detected when converting 2.07878787878788e+33 to a JavaScript Number.\n\nFetch as string or BigInt instead:\nhttps://docs.snowflake.com/en/developer-guide/node-js/nodejs-driver-consume#fetching-integer-data-types-as-bigint\nhttps://docs.snowflake.com/en/developer-guide/node-js/nodejs-driver-consume#fetching-data-types-as-strings\n\nThis will throw an error in future driver versions."}
{"level":"WARN","message":"[2:35:52.767 AM]: Query result precision loss detected when converting 3.95959595959596e+32 to a JavaScript Number.\n\nFetch as string or BigInt instead:\nhttps://docs.snowflake.com/en/developer-guide/node-js/nodejs-driver-consume#fetching-integer-data-types-as-bigint\nhttps://docs.snowflake.com/en/developer-guide/node-js/nodejs-driver-consume#fetching-data-types-as-strings\n\nThis will throw an error in future driver versions."}
{"level":"WARN","message":"[2:35:52.767 AM]: Query result precision loss detected when converting 3.46464646464647e+33 to a JavaScript Number.\n\nFetch as string or BigInt instead:\nhttps://docs.snowflake.com/en/developer-guide/node-js/nodejs-driver-consume#fetching-integer-data-types-as-bigint\nhttps://docs.snowflake.com/en/developer-guide/node-js/nodejs-driver-consume#fetching-data-types-as-strings\n\nThis will throw an error in future driver versions."}
{"level":"WARN","message":"[2:35:52.767 AM]: Query result precision loss detected when converting 4.94949494949495e+32 to a JavaScript Number.\n\nFetch as string or BigInt instead:\nhttps://docs.snowflake.com/en/developer-guide/node-js/nodejs-driver-consume#fetching-integer-data-types-as-bigint\nhttps://docs.snowflake.com/en/developer-guide/node-js/nodejs-driver-consume#fetching-data-types-as-strings\n\nThis will throw an error in future driver versions."}
{"level":"WARN","message":"[2:35:52.767 AM]: Query result precision loss detected when converting 8.90909090909091e+32 to a JavaScript Number.\n\nFetch as string or BigInt instead:\nhttps://docs.snowflake.com/en/developer-guide/node-js/nodejs-driver-consume#fetching-integer-data-types-as-bigint\nhttps://docs.snowflake.com/en/developer-guide/node-js/nodejs-driver-consume#fetching-data-types-as-strings\n\nThis will throw an error in future driver versions."}
{"level":"WARN","message":"[2:35:52.767 AM]: Query result precision loss detected when converting 3.46464646464647e+33 to a JavaScript Number.\n\nFetch as string or BigInt instead:\nhttps://docs.snowflake.com/en/developer-guide/node-js/nodejs-driver-consume#fetching-integer-data-types-as-bigint\nhttps://docs.snowflake.com/en/developer-guide/node-js/nodejs-driver-consume#fetching-data-types-as-strings\n\nThis will throw an error in future driver versions."}
{"level":"WARN","message":"[2:35:52.767 AM]: Query result precision loss detected when converting 6.33535353535354e+33 to a JavaScript Number.\n\nFetch as string or BigInt instead:\nhttps://docs.snowflake.com/en/developer-guide/node-js/nodejs-driver-consume#fetching-integer-data-types-as-bigint\nhttps://docs.snowflake.com/en/developer-guide/node-js/nodejs-driver-consume#fetching-data-types-as-strings\n\nThis will throw an error in future driver versions."}
{"level":"WARN","message":"[2:35:52.767 AM]: Query result precision loss detected when converting 3.95959595959596e+32 to a JavaScript Number.\n\nFetch as string or BigInt instead:\nhttps://docs.snowflake.com/en/developer-guide/node-js/nodejs-driver-consume#fetching-integer-data-types-as-bigint\nhttps://docs.snowflake.com/en/developer-guide/node-js/nodejs-driver-consume#fetching-data-types-as-strings\n\nThis will throw an error in future driver versions."}
{"level":"WARN","message":"[2:35:52.767 AM]: Query result precision loss detected when converting 3.95959595959596e+32 to a JavaScript Number.\n\nFetch as string or BigInt instead:\nhttps://docs.snowflake.com/en/developer-guide/node-js/nodejs-driver-consume#fetching-integer-data-types-as-bigint\nhttps://docs.snowflake.com/en/developer-guide/node-js/nodejs-driver-consume#fetching-data-types-as-strings\n\nThis will throw an error in future driver versions."}
{"level":"WARN","message":"[2:35:52.767 AM]: Query result precision loss detected when converting 2.07878787878788e+33 to a JavaScript Number.\n\nFetch as string or BigInt instead:\nhttps://docs.snowflake.com/en/developer-guide/node-js/nodejs-driver-consume#fetching-integer-data-types-as-bigint\nhttps://docs.snowflake.com/en/developer-guide/node-js/nodejs-driver-consume#fetching-data-types-as-strings\n\nThis will throw an error in future driver versions."}
{"level":"WARN","message":"[2:35:52.767 AM]: Query result precision loss detected when converting 1.97979797979798e+32 to a JavaScript Number.\n\nFetch as string or BigInt instead:\nhttps://docs.snowflake.com/en/developer-guide/node-js/nodejs-driver-consume#fetching-integer-data-types-as-bigint\nhttps://docs.snowflake.com/en/developer-guide/node-js/nodejs-driver-consume#fetching-data-types-as-strings\n\nThis will throw an error in future driver versions."}
{"level":"WARN","message":"[2:35:52.767 AM]: Query result precision loss detected when converting 2.47474747474748e+33 to a JavaScript Number.\n\nFetch as string or BigInt instead:\nhttps://docs.snowflake.com/en/developer-guide/node-js/nodejs-driver-consume#fetching-integer-data-types-as-bigint\nhttps://docs.snowflake.com/en/developer-guide/node-js/nodejs-driver-consume#fetching-data-types-as-strings\n\nThis will throw an error in future driver versions."}
{"level":"WARN","message":"[2:35:52.767 AM]: Query result precision loss detected when converting 1.97979797979798e+32 to a JavaScript Number.\n\nFetch as string or BigInt instead:\nhttps://docs.snowflake.com/en/developer-guide/node-js/nodejs-driver-consume#fetching-integer-data-types-as-bigint\nhttps://docs.snowflake.com/en/developer-guide/node-js/nodejs-driver-consume#fetching-data-types-as-strings\n\nThis will throw an error in future driver versions."}
{"level":"WARN","message":"[2:35:52.767 AM]: Query result precision loss detected when converting 2.07878787878788e+33 to a JavaScript Number.\n\nFetch as string or BigInt instead:\nhttps://docs.snowflake.com/en/developer-guide/node-js/nodejs-driver-consume#fetching-integer-data-types-as-bigint\nhttps://docs.snowflake.com/en/developer-guide/node-js/nodejs-driver-consume#fetching-data-types-as-strings\n\nThis will throw an error in future driver versions."}
{"level":"WARN","message":"[2:35:52.767 AM]: Query result precision loss detected when converting 3.95959595959596e+32 to a JavaScript Number.\n\nFetch as string or BigInt instead:\nhttps://docs.snowflake.com/en/developer-guide/node-js/nodejs-driver-consume#fetching-integer-data-types-as-bigint\nhttps://docs.snowflake.com/en/developer-guide/node-js/nodejs-driver-consume#fetching-data-types-as-strings\n\nThis will throw an error in future driver versions."}
{"level":"WARN","message":"[2:35:52.767 AM]: Query result precision loss detected when converting 2.47474747474748e+33 to a JavaScript Number.\n\nFetch as string or BigInt instead:\nhttps://docs.snowflake.com/en/developer-guide/node-js/nodejs-driver-consume#fetching-integer-data-types-as-bigint\nhttps://docs.snowflake.com/en/developer-guide/node-js/nodejs-driver-consume#fetching-data-types-as-strings\n\nThis will throw an error in future driver versions."}
{"level":"WARN","message":"[2:35:52.767 AM]: Query result precision loss detected when converting 4.94949494949495e+32 to a JavaScript Number.\n\nFetch as string or BigInt instead:\nhttps://docs.snowflake.com/en/developer-guide/node-js/nodejs-driver-consume#fetching-integer-data-types-as-bigint\nhttps://docs.snowflake.com/en/developer-guide/node-js/nodejs-driver-consume#fetching-data-types-as-strings\n\nThis will throw an error in future driver versions."}
{"level":"WARN","message":"[2:35:52.767 AM]: Query result precision loss detected when converting 1.97979797979798e+32 to a JavaScript Number.\n\nFetch as string or BigInt instead:\nhttps://docs.snowflake.com/en/developer-guide/node-js/nodejs-driver-consume#fetching-integer-data-types-as-bigint\nhttps://docs.snowflake.com/en/developer-guide/node-js/nodejs-driver-consume#fetching-data-types-as-strings\n\nThis will throw an error in future driver versions."}
{"level":"WARN","message":"[2:35:52.767 AM]: Query result precision loss detected when converting 2.96969696969697e+33 to a JavaScript Number.\n\nFetch as string or BigInt instead:\nhttps://docs.snowflake.com/en/developer-guide/node-js/nodejs-driver-consume#fetching-integer-data-types-as-bigint\nhttps://docs.snowflake.com/en/developer-guide/node-js/nodejs-driver-consume#fetching-data-types-as-strings\n\nThis will throw an error in future driver versions."}
{"level":"WARN","message":"[2:35:52.767 AM]: Query result precision loss detected when converting 4.94949494949495e+32 to a JavaScript Number.\n\nFetch as string or BigInt instead:\nhttps://docs.snowflake.com/en/developer-guide/node-js/nodejs-driver-consume#fetching-integer-data-types-as-bigint\nhttps://docs.snowflake.com/en/developer-guide/node-js/nodejs-driver-consume#fetching-data-types-as-strings\n\nThis will throw an error in future driver versions."}
{"level":"WARN","message":"[2:35:52.768 AM]: Query result precision loss detected when converting 3.26666666666667e+33 to a JavaScript Number.\n\nFetch as string or BigInt instead:\nhttps://docs.snowflake.com/en/developer-guide/node-js/nodejs-driver-consume#fetching-integer-data-types-as-bigint\nhttps://docs.snowflake.com/en/developer-guide/node-js/nodejs-driver-consume#fetching-data-types-as-strings\n\nThis will throw an error in future driver versions."}
{"level":"WARN","message":"[2:35:52.768 AM]: Query result precision loss detected when converting 3.95959595959596e+32 to a JavaScript Number.\n\nFetch as string or BigInt instead:\nhttps://docs.snowflake.com/en/developer-guide/node-js/nodejs-driver-consume#fetching-integer-data-types-as-bigint\nhttps://docs.snowflake.com/en/developer-guide/node-js/nodejs-driver-consume#fetching-data-types-as-strings\n\nThis will throw an error in future driver versions."}
{"level":"WARN","message":"[2:35:52.768 AM]: Query result precision loss detected when converting 2.37575757575758e+33 to a JavaScript Number.\n\nFetch as string or BigInt instead:\nhttps://docs.snowflake.com/en/developer-guide/node-js/nodejs-driver-consume#fetching-integer-data-types-as-bigint\nhttps://docs.snowflake.com/en/developer-guide/node-js/nodejs-driver-consume#fetching-data-types-as-strings\n\nThis will throw an error in future driver versions."}
{"level":"WARN","message":"[2:35:52.768 AM]: Query result precision loss detected when converting 3.26666666666667e+33 to a JavaScript Number.\n\nFetch as string or BigInt instead:\nhttps://docs.snowflake.com/en/developer-guide/node-js/nodejs-driver-consume#fetching-integer-data-types-as-bigint\nhttps://docs.snowflake.com/en/developer-guide/node-js/nodejs-driver-consume#fetching-data-types-as-strings\n\nThis will throw an error in future driver versions."}
{"level":"WARN","message":"[2:35:52.768 AM]: Query result precision loss detected when converting 3.95959595959596e+32 to a JavaScript Number.\n\nFetch as string or BigInt instead:\nhttps://docs.snowflake.com/en/developer-guide/node-js/nodejs-driver-consume#fetching-integer-data-types-as-bigint\nhttps://docs.snowflake.com/en/developer-guide/node-js/nodejs-driver-consume#fetching-data-types-as-strings\n\nThis will throw an error in future driver versions."}
{"level":"WARN","message":"[2:35:52.768 AM]: Query result precision loss detected when converting 3.46464646464647e+33 to a JavaScript Number.\n\nFetch as string or BigInt instead:\nhttps://docs.snowflake.com/en/developer-guide/node-js/nodejs-driver-consume#fetching-integer-data-types-as-bigint\nhttps://docs.snowflake.com/en/developer-guide/node-js/nodejs-driver-consume#fetching-data-types-as-strings\n\nThis will throw an error in future driver versions."}
{"level":"WARN","message":"[2:35:52.768 AM]: Query result precision loss detected when converting 4.94949494949495e+32 to a JavaScript Number.\n\nFetch as string or BigInt instead:\nhttps://docs.snowflake.com/en/developer-guide/node-js/nodejs-driver-consume#fetching-integer-data-types-as-bigint\nhttps://docs.snowflake.com/en/developer-guide/node-js/nodejs-driver-consume#fetching-data-types-as-strings\n\nThis will throw an error in future driver versions."}
{"level":"WARN","message":"[2:35:52.768 AM]: Query result precision loss detected when converting 2.96969696969697e+33 to a JavaScript Number.\n\nFetch as string or BigInt instead:\nhttps://docs.snowflake.com/en/developer-guide/node-js/nodejs-driver-consume#fetching-integer-data-types-as-bigint\nhttps://docs.snowflake.com/en/developer-guide/node-js/nodejs-driver-consume#fetching-data-types-as-strings\n\nThis will throw an error in future driver versions."}
{"level":"WARN","message":"[2:35:52.768 AM]: Query result precision loss detected when converting 1.97979797979798e+32 to a JavaScript Number.\n\nFetch as string or BigInt instead:\nhttps://docs.snowflake.com/en/developer-guide/node-js/nodejs-driver-consume#fetching-integer-data-types-as-bigint\nhttps://docs.snowflake.com/en/developer-guide/node-js/nodejs-driver-consume#fetching-data-types-as-strings\n\nThis will throw an error in future driver versions."}
{"level":"WARN","message":"[2:35:52.768 AM]: Query result precision loss detected when converting 4.94949494949495e+32 to a JavaScript Number.\n\nFetch as string or BigInt instead:\nhttps://docs.snowflake.com/en/developer-guide/node-js/nodejs-driver-consume#fetching-integer-data-types-as-bigint\nhttps://docs.snowflake.com/en/developer-guide/node-js/nodejs-driver-consume#fetching-data-types-as-strings\n\nThis will throw an error in future driver versions."}
{"level":"WARN","message":"[2:35:52.768 AM]: Query result precision loss detected when converting 9.8989898989899e+32 to a JavaScript Number.\n\nFetch as string or BigInt instead:\nhttps://docs.snowflake.com/en/developer-guide/node-js/nodejs-driver-consume#fetching-integer-data-types-as-bigint\nhttps://docs.snowflake.com/en/developer-guide/node-js/nodejs-driver-consume#fetching-data-types-as-strings\n\nThis will throw an error in future driver versions."}
{"level":"WARN","message":"[2:35:52.768 AM]: Query result precision loss detected when converting 6.92929292929293e+33 to a JavaScript Number.\n\nFetch as string or BigInt instead:\nhttps://docs.snowflake.com/en/developer-guide/node-js/nodejs-driver-consume#fetching-integer-data-types-as-bigint\nhttps://docs.snowflake.com/en/developer-guide/node-js/nodejs-driver-consume#fetching-data-types-as-strings\n\nThis will throw an error in future driver versions."}
{"level":"WARN","message":"[2:35:52.768 AM]: Query result precision loss detected when converting 6.92929292929293e+33 to a JavaScript Number.\n\nFetch as string or BigInt instead:\nhttps://docs.snowflake.com/en/developer-guide/node-js/nodejs-driver-consume#fetching-integer-data-types-as-bigint\nhttps://docs.snowflake.com/en/developer-guide/node-js/nodejs-driver-consume#fetching-data-types-as-strings\n\nThis will throw an error in future driver versions."}
{"level":"WARN","message":"[2:35:52.768 AM]: Query result precision loss detected when converting 4.94949494949495e+32 to a JavaScript Number.\n\nFetch as string or BigInt instead:\nhttps://docs.snowflake.com/en/developer-guide/node-js/nodejs-driver-consume#fetching-integer-data-types-as-bigint\nhttps://docs.snowflake.com/en/developer-guide/node-js/nodejs-driver-consume#fetching-data-types-as-strings\n\nThis will throw an error in future driver versions."}
{"level":"WARN","message":"[2:35:52.768 AM]: Query result precision loss detected when converting 1.97979797979798e+32 to a JavaScript Number.\n\nFetch as string or BigInt instead:\nhttps://docs.snowflake.com/en/developer-guide/node-js/nodejs-driver-consume#fetching-integer-data-types-as-bigint\nhttps://docs.snowflake.com/en/developer-guide/node-js/nodejs-driver-consume#fetching-data-types-as-strings\n\nThis will throw an error in future driver versions."}
{"level":"WARN","message":"[2:35:52.768 AM]: Query result precision loss detected when converting 1.18787878787879e+34 to a JavaScript Number.\n\nFetch as string or BigInt instead:\nhttps://docs.snowflake.com/en/developer-guide/node-js/nodejs-driver-consume#fetching-integer-data-types-as-bigint\nhttps://docs.snowflake.com/en/developer-guide/node-js/nodejs-driver-consume#fetching-data-types-as-strings\n\nThis will throw an error in future driver versions."}
{"level":"WARN","message":"[2:35:52.768 AM]: Query result precision loss detected when converting 2.17777777777778e+33 to a JavaScript Number.\n\nFetch as string or BigInt instead:\nhttps://docs.snowflake.com/en/developer-guide/node-js/nodejs-driver-consume#fetching-integer-data-types-as-bigint\nhttps://docs.snowflake.com/en/developer-guide/node-js/nodejs-driver-consume#fetching-data-types-as-strings\n\nThis will throw an error in future driver versions."}
{"level":"WARN","message":"[2:35:52.768 AM]: Query result precision loss detected when converting 8.90909090909091e+32 to a JavaScript Number.\n\nFetch as string or BigInt instead:\nhttps://docs.snowflake.com/en/developer-guide/node-js/nodejs-driver-consume#fetching-integer-data-types-as-bigint\nhttps://docs.snowflake.com/en/developer-guide/node-js/nodejs-driver-consume#fetching-data-types-as-strings\n\nThis will throw an error in future driver versions."}
{"level":"WARN","message":"[2:35:52.768 AM]: Query result precision loss detected when converting 2.17777777777778e+33 to a JavaScript Number.\n\nFetch as string or BigInt instead:\nhttps://docs.snowflake.com/en/developer-guide/node-js/nodejs-driver-consume#fetching-integer-data-types-as-bigint\nhttps://docs.snowflake.com/en/developer-guide/node-js/nodejs-driver-consume#fetching-data-types-as-strings\n\nThis will throw an error in future driver versions."}
{"level":"WARN","message":"[2:35:52.768 AM]: Query result precision loss detected when converting 3.46464646464647e+33 to a JavaScript Number.\n\nFetch as string or BigInt instead:\nhttps://docs.snowflake.com/en/developer-guide/node-js/nodejs-driver-consume#fetching-integer-data-types-as-bigint\nhttps://docs.snowflake.com/en/developer-guide/node-js/nodejs-driver-consume#fetching-data-types-as-strings\n\nThis will throw an error in future driver versions."}
{"level":"WARN","message":"[2:35:52.768 AM]: Query result precision loss detected when converting 4.94949494949495e+32 to a JavaScript Number.\n\nFetch as string or BigInt instead:\nhttps://docs.snowflake.com/en/developer-guide/node-js/nodejs-driver-consume#fetching-integer-data-types-as-bigint\nhttps://docs.snowflake.com/en/developer-guide/node-js/nodejs-driver-consume#fetching-data-types-as-strings\n\nThis will throw an error in future driver versions."}
{"level":"WARN","message":"[2:35:52.768 AM]: Query result precision loss detected when converting 3.46464646464647e+33 to a JavaScript Number.\n\nFetch as string or BigInt instead:\nhttps://docs.snowflake.com/en/developer-guide/node-js/nodejs-driver-consume#fetching-integer-data-types-as-bigint\nhttps://docs.snowflake.com/en/developer-guide/node-js/nodejs-driver-consume#fetching-data-types-as-strings\n\nThis will throw an error in future driver versions."}
{"level":"WARN","message":"[2:35:52.768 AM]: Query result precision loss detected when converting 2.17777777777778e+33 to a JavaScript Number.\n\nFetch as string or BigInt instead:\nhttps://docs.snowflake.com/en/developer-guide/node-js/nodejs-driver-consume#fetching-integer-data-types-as-bigint\nhttps://docs.snowflake.com/en/developer-guide/node-js/nodejs-driver-consume#fetching-data-types-as-strings\n\nThis will throw an error in future driver versions."}
{"level":"WARN","message":"[2:35:52.768 AM]: Query result precision loss detected when converting 2.37575757575758e+33 to a JavaScript Number.\n\nFetch as string or BigInt instead:\nhttps://docs.snowflake.com/en/developer-guide/node-js/nodejs-driver-consume#fetching-integer-data-types-as-bigint\nhttps://docs.snowflake.com/en/developer-guide/node-js/nodejs-driver-consume#fetching-data-types-as-strings\n\nThis will throw an error in future driver versions."}
{"level":"WARN","message":"[2:35:52.768 AM]: Query result precision loss detected when converting 3.95959595959596e+32 to a JavaScript Number.\n\nFetch as string or BigInt instead:\nhttps://docs.snowflake.com/en/developer-guide/node-js/nodejs-driver-consume#fetching-integer-data-types-as-bigint\nhttps://docs.snowflake.com/en/developer-guide/node-js/nodejs-driver-consume#fetching-data-types-as-strings\n\nThis will throw an error in future driver versions."}
{"level":"WARN","message":"[2:35:52.768 AM]: Query result precision loss detected when converting 3.26666666666667e+33 to a JavaScript Number.\n\nFetch as string or BigInt instead:\nhttps://docs.snowflake.com/en/developer-guide/node-js/nodejs-driver-consume#fetching-integer-data-types-as-bigint\nhttps://docs.snowflake.com/en/developer-guide/node-js/nodejs-driver-consume#fetching-data-types-as-strings\n\nThis will throw an error in future driver versions."}
{"level":"WARN","message":"[2:35:52.768 AM]: Query result precision loss detected when converting 3.95959595959596e+32 to a JavaScript Number.\n\nFetch as string or BigInt instead:\nhttps://docs.snowflake.com/en/developer-guide/node-js/nodejs-driver-consume#fetching-integer-data-types-as-bigint\nhttps://docs.snowflake.com/en/developer-guide/node-js/nodejs-driver-consume#fetching-data-types-as-strings\n\nThis will throw an error in future driver versions."}
{"level":"WARN","message":"[2:35:52.768 AM]: Query result precision loss detected when converting 1.97979797979798e+32 to a JavaScript Number.\n\nFetch as string or BigInt instead:\nhttps://docs.snowflake.com/en/developer-guide/node-js/nodejs-driver-consume#fetching-integer-data-types-as-bigint\nhttps://docs.snowflake.com/en/developer-guide/node-js/nodejs-driver-consume#fetching-data-types-as-strings\n\nThis will throw an error in future driver versions."}
{"level":"WARN","message":"[2:35:52.768 AM]: Query result precision loss detected when converting 4.94949494949495e+32 to a JavaScript Number.\n\nFetch as string or BigInt instead:\nhttps://docs.snowflake.com/en/developer-guide/node-js/nodejs-driver-consume#fetching-integer-data-types-as-bigint\nhttps://docs.snowflake.com/en/developer-guide/node-js/nodejs-driver-consume#fetching-data-types-as-strings\n\nThis will throw an error in future driver versions."}
{"level":"WARN","message":"[2:35:52.768 AM]: Query result precision loss detected when converting 2.87070707070707e+33 to a JavaScript Number.\n\nFetch as string or BigInt instead:\nhttps://docs.snowflake.com/en/developer-guide/node-js/nodejs-driver-consume#fetching-integer-data-types-as-bigint\nhttps://docs.snowflake.com/en/developer-guide/node-js/nodejs-driver-consume#fetching-data-types-as-strings\n\nThis will throw an error in future driver versions."}
{"level":"WARN","message":"[2:35:52.768 AM]: Query result precision loss detected when converting 3.46464646464647e+33 to a JavaScript Number.\n\nFetch as string or BigInt instead:\nhttps://docs.snowflake.com/en/developer-guide/node-js/nodejs-driver-consume#fetching-integer-data-types-as-bigint\nhttps://docs.snowflake.com/en/developer-guide/node-js/nodejs-driver-consume#fetching-data-types-as-strings\n\nThis will throw an error in future driver versions."}
{"level":"WARN","message":"[2:35:52.768 AM]: Query result precision loss detected when converting 2.87070707070707e+33 to a JavaScript Number.\n\nFetch as string or BigInt instead:\nhttps://docs.snowflake.com/en/developer-guide/node-js/nodejs-driver-consume#fetching-integer-data-types-as-bigint\nhttps://docs.snowflake.com/en/developer-guide/node-js/nodejs-driver-consume#fetching-data-types-as-strings\n\nThis will throw an error in future driver versions."}
{"level":"WARN","message":"[2:35:52.768 AM]: Query result precision loss detected when converting 4.94949494949495e+32 to a JavaScript Number.\n\nFetch as string or BigInt instead:\nhttps://docs.snowflake.com/en/developer-guide/node-js/nodejs-driver-consume#fetching-integer-data-types-as-bigint\nhttps://docs.snowflake.com/en/developer-guide/node-js/nodejs-driver-consume#fetching-data-types-as-strings\n\nThis will throw an error in future driver versions."}
{"level":"WARN","message":"[2:35:52.768 AM]: Query result precision loss detected when converting 1.97979797979798e+32 to a JavaScript Number.\n\nFetch as string or BigInt instead:\nhttps://docs.snowflake.com/en/developer-guide/node-js/nodejs-driver-consume#fetching-integer-data-types-as-bigint\nhttps://docs.snowflake.com/en/developer-guide/node-js/nodejs-driver-consume#fetching-data-types-as-strings\n\nThis will throw an error in future driver versions."}
{"level":"WARN","message":"[2:35:52.768 AM]: Query result precision loss detected when converting 3.46464646464647e+33 to a JavaScript Number.\n\nFetch as string or BigInt instead:\nhttps://docs.snowflake.com/en/developer-guide/node-js/nodejs-driver-consume#fetching-integer-data-types-as-bigint\nhttps://docs.snowflake.com/en/developer-guide/node-js/nodejs-driver-consume#fetching-data-types-as-strings\n\nThis will throw an error in future driver versions."}
{"level":"WARN","message":"[2:35:52.768 AM]: Query result precision loss detected when converting 1.97979797979798e+32 to a JavaScript Number.\n\nFetch as string or BigInt instead:\nhttps://docs.snowflake.com/en/developer-guide/node-js/nodejs-driver-consume#fetching-integer-data-types-as-bigint\nhttps://docs.snowflake.com/en/developer-guide/node-js/nodejs-driver-consume#fetching-data-types-as-strings\n\nThis will throw an error in future driver versions."}
{"level":"WARN","message":"[2:35:52.768 AM]: Query result precision loss detected when converting 4.94949494949495e+32 to a JavaScript Number.\n\nFetch as string or BigInt instead:\nhttps://docs.snowflake.com/en/developer-guide/node-js/nodejs-driver-consume#fetching-integer-data-types-as-bigint\nhttps://docs.snowflake.com/en/developer-guide/node-js/nodejs-driver-consume#fetching-data-types-as-strings\n\nThis will throw an error in future driver versions."}
{"level":"WARN","message":"[2:35:52.768 AM]: Query result precision loss detected when converting 3.46464646464647e+33 to a JavaScript Number.\n\nFetch as string or BigInt instead:\nhttps://docs.snowflake.com/en/developer-guide/node-js/nodejs-driver-consume#fetching-integer-data-types-as-bigint\nhttps://docs.snowflake.com/en/developer-guide/node-js/nodejs-driver-consume#fetching-data-types-as-strings\n\nThis will throw an error in future driver versions."}
{"level":"WARN","message":"[2:35:52.768 AM]: Query result precision loss detected when converting 1.18787878787879e+34 to a JavaScript Number.\n\nFetch as string or BigInt instead:\nhttps://docs.snowflake.com/en/developer-guide/node-js/nodejs-driver-consume#fetching-integer-data-types-as-bigint\nhttps://docs.snowflake.com/en/developer-guide/node-js/nodejs-driver-consume#fetching-data-types-as-strings\n\nThis will throw an error in future driver versions."}
{"level":"WARN","message":"[2:35:52.768 AM]: Query result precision loss detected when converting 2.17777777777778e+33 to a JavaScript Number.\n\nFetch as string or BigInt instead:\nhttps://docs.snowflake.com/en/developer-guide/node-js/nodejs-driver-consume#fetching-integer-data-types-as-bigint\nhttps://docs.snowflake.com/en/developer-guide/node-js/nodejs-driver-consume#fetching-data-types-as-strings\n\nThis will throw an error in future driver versions."}
{"level":"WARN","message":"[2:35:52.768 AM]: Query result precision loss detected when converting 4.94949494949495e+32 to a JavaScript Number.\n\nFetch as string or BigInt instead:\nhttps://docs.snowflake.com/en/developer-guide/node-js/nodejs-driver-consume#fetching-integer-data-types-as-bigint\nhttps://docs.snowflake.com/en/developer-guide/node-js/nodejs-driver-consume#fetching-data-types-as-strings\n\nThis will throw an error in future driver versions."}
{"level":"WARN","message":"[2:35:52.768 AM]: Query result precision loss detected when converting 9.8989898989899e+32 to a JavaScript Number.\n\nFetch as string or BigInt instead:\nhttps://docs.snowflake.com/en/developer-guide/node-js/nodejs-driver-consume#fetching-integer-data-types-as-bigint\nhttps://docs.snowflake.com/en/developer-guide/node-js/nodejs-driver-consume#fetching-data-types-as-strings\n\nThis will throw an error in future driver versions."}
{"level":"WARN","message":"[2:35:52.768 AM]: Query result precision loss detected when converting 2.17777777777778e+33 to a JavaScript Number.\n\nFetch as string or BigInt instead:\nhttps://docs.snowflake.com/en/developer-guide/node-js/nodejs-driver-consume#fetching-integer-data-types-as-bigint\nhttps://docs.snowflake.com/en/developer-guide/node-js/nodejs-driver-consume#fetching-data-types-as-strings\n\nThis will throw an error in future driver versions."}
{"level":"WARN","message":"[2:35:52.768 AM]: Query result precision loss detected when converting 4.94949494949495e+32 to a JavaScript Number.\n\nFetch as string or BigInt instead:\nhttps://docs.snowflake.com/en/developer-guide/node-js/nodejs-driver-consume#fetching-integer-data-types-as-bigint\nhttps://docs.snowflake.com/en/developer-guide/node-js/nodejs-driver-consume#fetching-data-types-as-strings\n\nThis will throw an error in future driver versions."}
{"level":"WARN","message":"[2:35:52.768 AM]: Query result precision loss detected when converting 9.8989898989899e+32 to a JavaScript Number.\n\nFetch as string or BigInt instead:\nhttps://docs.snowflake.com/en/developer-guide/node-js/nodejs-driver-consume#fetching-integer-data-types-as-bigint\nhttps://docs.snowflake.com/en/developer-guide/node-js/nodejs-driver-consume#fetching-data-types-as-strings\n\nThis will throw an error in future driver versions."}
{"level":"WARN","message":"[2:35:52.768 AM]: Query result precision loss detected when converting 7.91919191919192e+32 to a JavaScript Number.\n\nFetch as string or BigInt instead:\nhttps://docs.snowflake.com/en/developer-guide/node-js/nodejs-driver-consume#fetching-integer-data-types-as-bigint\nhttps://docs.snowflake.com/en/developer-guide/node-js/nodejs-driver-consume#fetching-data-types-as-strings\n\nThis will throw an error in future driver versions."}
{"level":"WARN","message":"[2:35:52.768 AM]: Query result precision loss detected when converting 2.17777777777778e+33 to a JavaScript Number.\n\nFetch as string or BigInt instead:\nhttps://docs.snowflake.com/en/developer-guide/node-js/nodejs-driver-consume#fetching-integer-data-types-as-bigint\nhttps://docs.snowflake.com/en/developer-guide/node-js/nodejs-driver-consume#fetching-data-types-as-strings\n\nThis will throw an error in future driver versions."}
{"level":"WARN","message":"[2:35:52.768 AM]: Query result precision loss detected when converting 3.46464646464647e+33 to a JavaScript Number.\n\nFetch as string or BigInt instead:\nhttps://docs.snowflake.com/en/developer-guide/node-js/nodejs-driver-consume#fetching-integer-data-types-as-bigint\nhttps://docs.snowflake.com/en/developer-guide/node-js/nodejs-driver-consume#fetching-data-types-as-strings\n\nThis will throw an error in future driver versions."}
{"level":"WARN","message":"[2:35:52.768 AM]: Query result precision loss detected when converting 3.46464646464647e+33 to a JavaScript Number.\n\nFetch as string or BigInt instead:\nhttps://docs.snowflake.com/en/developer-guide/node-js/nodejs-driver-consume#fetching-integer-data-types-as-bigint\nhttps://docs.snowflake.com/en/developer-guide/node-js/nodejs-driver-consume#fetching-data-types-as-strings\n\nThis will throw an error in future driver versions."}
{"level":"WARN","message":"[2:35:52.768 AM]: Query result precision loss detected when converting 2.02830303030303e+35 to a JavaScript Number.\n\nFetch as string or BigInt instead:\nhttps://docs.snowflake.com/en/developer-guide/node-js/nodejs-driver-consume#fetching-integer-data-types-as-bigint\nhttps://docs.snowflake.com/en/developer-guide/node-js/nodejs-driver-consume#fetching-data-types-as-strings\n\nThis will throw an error in future driver versions."}
{"level":"WARN","message":"[2:35:52.768 AM]: Query result precision loss detected when converting 2.1599595959596e+35 to a JavaScript Number.\n\nFetch as string or BigInt instead:\nhttps://docs.snowflake.com/en/developer-guide/node-js/nodejs-driver-consume#fetching-integer-data-types-as-bigint\nhttps://docs.snowflake.com/en/developer-guide/node-js/nodejs-driver-consume#fetching-data-types-as-strings\n\nThis will throw an error in future driver versions."}
{"level":"WARN","message":"[2:35:52.768 AM]: Query result precision loss detected when converting 2.1599595959596e+35 to a JavaScript Number.\n\nFetch as string or BigInt instead:\nhttps://docs.snowflake.com/en/developer-guide/node-js/nodejs-driver-consume#fetching-integer-data-types-as-bigint\nhttps://docs.snowflake.com/en/developer-guide/node-js/nodejs-driver-consume#fetching-data-types-as-strings\n\nThis will throw an error in future driver versions."}
{"level":"WARN","message":"[2:35:52.768 AM]: Query result precision loss detected when converting 7.75090909090909e+34 to a JavaScript Number.\n\nFetch as string or BigInt instead:\nhttps://docs.snowflake.com/en/developer-guide/node-js/nodejs-driver-consume#fetching-integer-data-types-as-bigint\nhttps://docs.snowflake.com/en/developer-guide/node-js/nodejs-driver-consume#fetching-data-types-as-strings\n\nThis will throw an error in future driver versions."}
{"level":"WARN","message":"[2:35:52.768 AM]: Query result precision loss detected when converting 2.02830303030303e+35 to a JavaScript Number.\n\nFetch as string or BigInt instead:\nhttps://docs.snowflake.com/en/developer-guide/node-js/nodejs-driver-consume#fetching-integer-data-types-as-bigint\nhttps://docs.snowflake.com/en/developer-guide/node-js/nodejs-driver-consume#fetching-data-types-as-strings\n\nThis will throw an error in future driver versions."}
{"level":"WARN","message":"[2:35:52.768 AM]: Query result precision loss detected when converting 2.02830303030303e+35 to a JavaScript Number.\n\nFetch as string or BigInt instead:\nhttps://docs.snowflake.com/en/developer-guide/node-js/nodejs-driver-consume#fetching-integer-data-types-as-bigint\nhttps://docs.snowflake.com/en/developer-guide/node-js/nodejs-driver-consume#fetching-data-types-as-strings\n\nThis will throw an error in future driver versions."}
{"level":"WARN","message":"[2:35:52.768 AM]: Query result precision loss detected when converting 7.75090909090909e+34 to a JavaScript Number.\n\nFetch as string or BigInt instead:\nhttps://docs.snowflake.com/en/developer-guide/node-js/nodejs-driver-consume#fetching-integer-data-types-as-bigint\nhttps://docs.snowflake.com/en/developer-guide/node-js/nodejs-driver-consume#fetching-data-types-as-strings\n\nThis will throw an error in future driver versions."}
{"level":"WARN","message":"[2:35:52.768 AM]: Query result precision loss detected when converting 7.75090909090909e+34 to a JavaScript Number.\n\nFetch as string or BigInt instead:\nhttps://docs.snowflake.com/en/developer-guide/node-js/nodejs-driver-consume#fetching-integer-data-types-as-bigint\nhttps://docs.snowflake.com/en/developer-guide/node-js/nodejs-driver-consume#fetching-data-types-as-strings\n\nThis will throw an error in future driver versions."}
{"level":"WARN","message":"[2:35:52.768 AM]: Query result precision loss detected when converting 7.75090909090909e+34 to a JavaScript Number.\n\nFetch as string or BigInt instead:\nhttps://docs.snowflake.com/en/developer-guide/node-js/nodejs-driver-consume#fetching-integer-data-types-as-bigint\nhttps://docs.snowflake.com/en/developer-guide/node-js/nodejs-driver-consume#fetching-data-types-as-strings\n\nThis will throw an error in future driver versions."}
{"level":"WARN","message":"[2:35:52.768 AM]: Query result precision loss detected when converting 2.02830303030303e+35 to a JavaScript Number.\n\nFetch as string or BigInt instead:\nhttps://docs.snowflake.com/en/developer-guide/node-js/nodejs-driver-consume#fetching-integer-data-types-as-bigint\nhttps://docs.snowflake.com/en/developer-guide/node-js/nodejs-driver-consume#fetching-data-types-as-strings\n\nThis will throw an error in future driver versions."}
{"level":"WARN","message":"[2:35:52.768 AM]: Query result precision loss detected when converting 2.05008080808081e+35 to a JavaScript Number.\n\nFetch as string or BigInt instead:\nhttps://docs.snowflake.com/en/developer-guide/node-js/nodejs-driver-consume#fetching-integer-data-types-as-bigint\nhttps://docs.snowflake.com/en/developer-guide/node-js/nodejs-driver-consume#fetching-data-types-as-strings\n\nThis will throw an error in future driver versions."}
{"level":"WARN","message":"[2:35:52.768 AM]: Query result precision loss detected when converting 2.05008080808081e+35 to a JavaScript Number.\n\nFetch as string or BigInt instead:\nhttps://docs.snowflake.com/en/developer-guide/node-js/nodejs-driver-consume#fetching-integer-data-types-as-bigint\nhttps://docs.snowflake.com/en/developer-guide/node-js/nodejs-driver-consume#fetching-data-types-as-strings\n\nThis will throw an error in future driver versions."}
{"level":"WARN","message":"[2:35:52.768 AM]: Query result precision loss detected when converting 2.1599595959596e+35 to a JavaScript Number.\n\nFetch as string or BigInt instead:\nhttps://docs.snowflake.com/en/developer-guide/node-js/nodejs-driver-consume#fetching-integer-data-types-as-bigint\nhttps://docs.snowflake.com/en/developer-guide/node-js/nodejs-driver-consume#fetching-data-types-as-strings\n\nThis will throw an error in future driver versions."}
{"level":"WARN","message":"[2:35:52.768 AM]: Query result precision loss detected when converting 2.1599595959596e+35 to a JavaScript Number.\n\nFetch as string or BigInt instead:\nhttps://docs.snowflake.com/en/developer-guide/node-js/nodejs-driver-consume#fetching-integer-data-types-as-bigint\nhttps://docs.snowflake.com/en/developer-guide/node-js/nodejs-driver-consume#fetching-data-types-as-strings\n\nThis will throw an error in future driver versions."}
{"level":"WARN","message":"[2:35:52.768 AM]: Query result precision loss detected when converting 9.8989898989899e+34 to a JavaScript Number.\n\nFetch as string or BigInt instead:\nhttps://docs.snowflake.com/en/developer-guide/node-js/nodejs-driver-consume#fetching-integer-data-types-as-bigint\nhttps://docs.snowflake.com/en/developer-guide/node-js/nodejs-driver-consume#fetching-data-types-as-strings\n\nThis will throw an error in future driver versions."}
{"level":"WARN","message":"[2:35:52.768 AM]: Query result precision loss detected when converting 2.05008080808081e+35 to a JavaScript Number.\n\nFetch as string or BigInt instead:\nhttps://docs.snowflake.com/en/developer-guide/node-js/nodejs-driver-consume#fetching-integer-data-types-as-bigint\nhttps://docs.snowflake.com/en/developer-guide/node-js/nodejs-driver-consume#fetching-data-types-as-strings\n\nThis will throw an error in future driver versions."}
{"level":"WARN","message":"[2:35:52.768 AM]: Query result precision loss detected when converting 2.02830303030303e+35 to a JavaScript Number.\n\nFetch as string or BigInt instead:\nhttps://docs.snowflake.com/en/developer-guide/node-js/nodejs-driver-consume#fetching-integer-data-types-as-bigint\nhttps://docs.snowflake.com/en/developer-guide/node-js/nodejs-driver-consume#fetching-data-types-as-strings\n\nThis will throw an error in future driver versions."}
{"level":"WARN","message":"[2:35:52.768 AM]: Query result precision loss detected when converting 7.75090909090909e+34 to a JavaScript Number.\n\nFetch as string or BigInt instead:\nhttps://docs.snowflake.com/en/developer-guide/node-js/nodejs-driver-consume#fetching-integer-data-types-as-bigint\nhttps://docs.snowflake.com/en/developer-guide/node-js/nodejs-driver-consume#fetching-data-types-as-strings\n\nThis will throw an error in future driver versions."}
{"level":"WARN","message":"[2:35:52.768 AM]: Query result precision loss detected when converting 7.75090909090909e+34 to a JavaScript Number.\n\nFetch as string or BigInt instead:\nhttps://docs.snowflake.com/en/developer-guide/node-js/nodejs-driver-consume#fetching-integer-data-types-as-bigint\nhttps://docs.snowflake.com/en/developer-guide/node-js/nodejs-driver-consume#fetching-data-types-as-strings\n\nThis will throw an error in future driver versions."}
{"level":"WARN","message":"[2:35:52.768 AM]: Query result precision loss detected when converting 2.1599595959596e+35 to a JavaScript Number.\n\nFetch as string or BigInt instead:\nhttps://docs.snowflake.com/en/developer-guide/node-js/nodejs-driver-consume#fetching-integer-data-types-as-bigint\nhttps://docs.snowflake.com/en/developer-guide/node-js/nodejs-driver-consume#fetching-data-types-as-strings\n\nThis will throw an error in future driver versions."}
{"level":"WARN","message":"[2:35:52.768 AM]: Query result precision loss detected when converting 7.75090909090909e+34 to a JavaScript Number.\n\nFetch as string or BigInt instead:\nhttps://docs.snowflake.com/en/developer-guide/node-js/nodejs-driver-consume#fetching-integer-data-types-as-bigint\nhttps://docs.snowflake.com/en/developer-guide/node-js/nodejs-driver-consume#fetching-data-types-as-strings\n\nThis will throw an error in future driver versions."}
{"level":"WARN","message":"[2:35:52.768 AM]: Query result precision loss detected when converting 2.05008080808081e+35 to a JavaScript Number.\n\nFetch as string or BigInt instead:\nhttps://docs.snowflake.com/en/developer-guide/node-js/nodejs-driver-consume#fetching-integer-data-types-as-bigint\nhttps://docs.snowflake.com/en/developer-guide/node-js/nodejs-driver-consume#fetching-data-types-as-strings\n\nThis will throw an error in future driver versions."}
{"level":"WARN","message":"[2:35:52.768 AM]: Query result precision loss detected when converting 2.02830303030303e+35 to a JavaScript Number.\n\nFetch as string or BigInt instead:\nhttps://docs.snowflake.com/en/developer-guide/node-js/nodejs-driver-consume#fetching-integer-data-types-as-bigint\nhttps://docs.snowflake.com/en/developer-guide/node-js/nodejs-driver-consume#fetching-data-types-as-strings\n\nThis will throw an error in future driver versions."}
{"level":"WARN","message":"[2:35:52.768 AM]: Query result precision loss detected when converting 2.05008080808081e+35 to a JavaScript Number.\n\nFetch as string or BigInt instead:\nhttps://docs.snowflake.com/en/developer-guide/node-js/nodejs-driver-consume#fetching-integer-data-types-as-bigint\nhttps://docs.snowflake.com/en/developer-guide/node-js/nodejs-driver-consume#fetching-data-types-as-strings\n\nThis will throw an error in future driver versions."}
{"level":"WARN","message":"[2:35:52.768 AM]: Query result precision loss detected when converting 2.05008080808081e+35 to a JavaScript Number.\n\nFetch as string or BigInt instead:\nhttps://docs.snowflake.com/en/developer-guide/node-js/nodejs-driver-consume#fetching-integer-data-types-as-bigint\nhttps://docs.snowflake.com/en/developer-guide/node-js/nodejs-driver-consume#fetching-data-types-as-strings\n\nThis will throw an error in future driver versions."}
{"level":"WARN","message":"[2:35:52.768 AM]: Query result precision loss detected when converting 2.1599595959596e+35 to a JavaScript Number.\n\nFetch as string or BigInt instead:\nhttps://docs.snowflake.com/en/developer-guide/node-js/nodejs-driver-consume#fetching-integer-data-types-as-bigint\nhttps://docs.snowflake.com/en/developer-guide/node-js/nodejs-driver-consume#fetching-data-types-as-strings\n\nThis will throw an error in future driver versions."}
{"level":"WARN","message":"[2:35:52.768 AM]: Query result precision loss detected when converting 7.75090909090909e+34 to a JavaScript Number.\n\nFetch as string or BigInt instead:\nhttps://docs.snowflake.com/en/developer-guide/node-js/nodejs-driver-consume#fetching-integer-data-types-as-bigint\nhttps://docs.snowflake.com/en/developer-guide/node-js/nodejs-driver-consume#fetching-data-types-as-strings\n\nThis will throw an error in future driver versions."}
{"level":"WARN","message":"[2:35:52.768 AM]: Query result precision loss detected when converting 9.8989898989899e+34 to a JavaScript Number.\n\nFetch as string or BigInt instead:\nhttps://docs.snowflake.com/en/developer-guide/node-js/nodejs-driver-consume#fetching-integer-data-types-as-bigint\nhttps://docs.snowflake.com/en/developer-guide/node-js/nodejs-driver-consume#fetching-data-types-as-strings\n\nThis will throw an error in future driver versions."}
{"level":"WARN","message":"[2:35:52.768 AM]: Query result precision loss detected when converting 2.05008080808081e+35 to a JavaScript Number.\n\nFetch as string or BigInt instead:\nhttps://docs.snowflake.com/en/developer-guide/node-js/nodejs-driver-consume#fetching-integer-data-types-as-bigint\nhttps://docs.snowflake.com/en/developer-guide/node-js/nodejs-driver-consume#fetching-data-types-as-strings\n\nThis will throw an error in future driver versions."}
{"level":"WARN","message":"[2:35:52.768 AM]: Query result precision loss detected when converting 2.41832323232323e+35 to a JavaScript Number.\n\nFetch as string or BigInt instead:\nhttps://docs.snowflake.com/en/developer-guide/node-js/nodejs-driver-consume#fetching-integer-data-types-as-bigint\nhttps://docs.snowflake.com/en/developer-guide/node-js/nodejs-driver-consume#fetching-data-types-as-strings\n\nThis will throw an error in future driver versions."}
{"level":"WARN","message":"[2:35:52.768 AM]: Query result precision loss detected when converting 2.41832323232323e+35 to a JavaScript Number.\n\nFetch as string or BigInt instead:\nhttps://docs.snowflake.com/en/developer-guide/node-js/nodejs-driver-consume#fetching-integer-data-types-as-bigint\nhttps://docs.snowflake.com/en/developer-guide/node-js/nodejs-driver-consume#fetching-data-types-as-strings\n\nThis will throw an error in future driver versions."}
{"level":"WARN","message":"[2:35:52.768 AM]: Query result precision loss detected when converting 2.1599595959596e+35 to a JavaScript Number.\n\nFetch as string or BigInt instead:\nhttps://docs.snowflake.com/en/developer-guide/node-js/nodejs-driver-consume#fetching-integer-data-types-as-bigint\nhttps://docs.snowflake.com/en/developer-guide/node-js/nodejs-driver-consume#fetching-data-types-as-strings\n\nThis will throw an error in future driver versions."}
{"level":"WARN","message":"[2:35:52.768 AM]: Query result precision loss detected when converting 9.8989898989899e+34 to a JavaScript Number.\n\nFetch as string or BigInt instead:\nhttps://docs.snowflake.com/en/developer-guide/node-js/nodejs-driver-consume#fetching-integer-data-types-as-bigint\nhttps://docs.snowflake.com/en/developer-guide/node-js/nodejs-driver-consume#fetching-data-types-as-strings\n\nThis will throw an error in future driver versions."}
{"level":"WARN","message":"[2:35:52.768 AM]: Query result precision loss detected when converting 2.1599595959596e+35 to a JavaScript Number.\n\nFetch as string or BigInt instead:\nhttps://docs.snowflake.com/en/developer-guide/node-js/nodejs-driver-consume#fetching-integer-data-types-as-bigint\nhttps://docs.snowflake.com/en/developer-guide/node-js/nodejs-driver-consume#fetching-data-types-as-strings\n\nThis will throw an error in future driver versions."}
{"level":"WARN","message":"[2:35:52.768 AM]: Query result precision loss detected when converting 7.75090909090909e+34 to a JavaScript Number.\n\nFetch as string or BigInt instead:\nhttps://docs.snowflake.com/en/developer-guide/node-js/nodejs-driver-consume#fetching-integer-data-types-as-bigint\nhttps://docs.snowflake.com/en/developer-guide/node-js/nodejs-driver-consume#fetching-data-types-as-strings\n\nThis will throw an error in future driver versions."}
{"level":"WARN","message":"[2:35:52.768 AM]: Query result precision loss detected when converting 2.1599595959596e+35 to a JavaScript Number.\n\nFetch as string or BigInt instead:\nhttps://docs.snowflake.com/en/developer-guide/node-js/nodejs-driver-consume#fetching-integer-data-types-as-bigint\nhttps://docs.snowflake.com/en/developer-guide/node-js/nodejs-driver-consume#fetching-data-types-as-strings\n\nThis will throw an error in future driver versions."}
{"level":"WARN","message":"[2:35:52.768 AM]: Query result precision loss detected when converting 2.1599595959596e+35 to a JavaScript Number.\n\nFetch as string or BigInt instead:\nhttps://docs.snowflake.com/en/developer-guide/node-js/nodejs-driver-consume#fetching-integer-data-types-as-bigint\nhttps://docs.snowflake.com/en/developer-guide/node-js/nodejs-driver-consume#fetching-data-types-as-strings\n\nThis will throw an error in future driver versions."}
{"level":"WARN","message":"[2:35:52.768 AM]: Query result precision loss detected when converting 2.1599595959596e+35 to a JavaScript Number.\n\nFetch as string or BigInt instead:\nhttps://docs.snowflake.com/en/developer-guide/node-js/nodejs-driver-consume#fetching-integer-data-types-as-bigint\nhttps://docs.snowflake.com/en/developer-guide/node-js/nodejs-driver-consume#fetching-data-types-as-strings\n\nThis will throw an error in future driver versions."}
{"level":"WARN","message":"[2:35:52.768 AM]: Query result precision loss detected when converting 2.1599595959596e+35 to a JavaScript Number.\n\nFetch as string or BigInt instead:\nhttps://docs.snowflake.com/en/developer-guide/node-js/nodejs-driver-consume#fetching-integer-data-types-as-bigint\nhttps://docs.snowflake.com/en/developer-guide/node-js/nodejs-driver-consume#fetching-data-types-as-strings\n\nThis will throw an error in future driver versions."}
{"level":"WARN","message":"[2:35:52.768 AM]: Query result precision loss detected when converting 2.1599595959596e+35 to a JavaScript Number.\n\nFetch as string or BigInt instead:\nhttps://docs.snowflake.com/en/developer-guide/node-js/nodejs-driver-consume#fetching-integer-data-types-as-bigint\nhttps://docs.snowflake.com/en/developer-guide/node-js/nodejs-driver-consume#fetching-data-types-as-strings\n\nThis will throw an error in future driver versions."}
{"level":"WARN","message":"[2:35:52.768 AM]: Query result precision loss detected when converting 2.05008080808081e+35 to a JavaScript Number.\n\nFetch as string or BigInt instead:\nhttps://docs.snowflake.com/en/developer-guide/node-js/nodejs-driver-consume#fetching-integer-data-types-as-bigint\nhttps://docs.snowflake.com/en/developer-guide/node-js/nodejs-driver-consume#fetching-data-types-as-strings\n\nThis will throw an error in future driver versions."}
{"level":"WARN","message":"[2:35:52.768 AM]: Query result precision loss detected when converting 2.05008080808081e+35 to a JavaScript Number.\n\nFetch as string or BigInt instead:\nhttps://docs.snowflake.com/en/developer-guide/node-js/nodejs-driver-consume#fetching-integer-data-types-as-bigint\nhttps://docs.snowflake.com/en/developer-guide/node-js/nodejs-driver-consume#fetching-data-types-as-strings\n\nThis will throw an error in future driver versions."}
{"level":"WARN","message":"[2:35:52.768 AM]: Query result precision loss detected when converting 1.68381818181818e+35 to a JavaScript Number.\n\nFetch as string or BigInt instead:\nhttps://docs.snowflake.com/en/developer-guide/node-js/nodejs-driver-consume#fetching-integer-data-types-as-bigint\nhttps://docs.snowflake.com/en/developer-guide/node-js/nodejs-driver-consume#fetching-data-types-as-strings\n\nThis will throw an error in future driver versions."}
{"level":"WARN","message":"[2:35:52.768 AM]: Query result precision loss detected when converting 3.46464646464647e+33 to a JavaScript Number.\n\nFetch as string or BigInt instead:\nhttps://docs.snowflake.com/en/developer-guide/node-js/nodejs-driver-consume#fetching-integer-data-types-as-bigint\nhttps://docs.snowflake.com/en/developer-guide/node-js/nodejs-driver-consume#fetching-data-types-as-strings\n\nThis will throw an error in future driver versions."}
{"level":"WARN","message":"[2:35:52.768 AM]: Query result precision loss detected when converting 8.90909090909091e+32 to a JavaScript Number.\n\nFetch as string or BigInt instead:\nhttps://docs.snowflake.com/en/developer-guide/node-js/nodejs-driver-consume#fetching-integer-data-types-as-bigint\nhttps://docs.snowflake.com/en/developer-guide/node-js/nodejs-driver-consume#fetching-data-types-as-strings\n\nThis will throw an error in future driver versions."}
{"level":"WARN","message":"[2:35:52.768 AM]: Query result precision loss detected when converting 1.68381818181818e+35 to a JavaScript Number.\n\nFetch as string or BigInt instead:\nhttps://docs.snowflake.com/en/developer-guide/node-js/nodejs-driver-consume#fetching-integer-data-types-as-bigint\nhttps://docs.snowflake.com/en/developer-guide/node-js/nodejs-driver-consume#fetching-data-types-as-strings\n\nThis will throw an error in future driver versions."}
{"level":"WARN","message":"[2:35:52.768 AM]: Query result precision loss detected when converting 4.94949494949495e+32 to a JavaScript Number.\n\nFetch as string or BigInt instead:\nhttps://docs.snowflake.com/en/developer-guide/node-js/nodejs-driver-consume#fetching-integer-data-types-as-bigint\nhttps://docs.snowflake.com/en/developer-guide/node-js/nodejs-driver-consume#fetching-data-types-as-strings\n\nThis will throw an error in future driver versions."}
{"level":"WARN","message":"[2:35:52.768 AM]: Query result precision loss detected when converting 2.37575757575758e+33 to a JavaScript Number.\n\nFetch as string or BigInt instead:\nhttps://docs.snowflake.com/en/developer-guide/node-js/nodejs-driver-consume#fetching-integer-data-types-as-bigint\nhttps://docs.snowflake.com/en/developer-guide/node-js/nodejs-driver-consume#fetching-data-types-as-strings\n\nThis will throw an error in future driver versions."}
{"level":"WARN","message":"[2:35:52.768 AM]: Query result precision loss detected when converting 8.90909090909091e+32 to a JavaScript Number.\n\nFetch as string or BigInt instead:\nhttps://docs.snowflake.com/en/developer-guide/node-js/nodejs-driver-consume#fetching-integer-data-types-as-bigint\nhttps://docs.snowflake.com/en/developer-guide/node-js/nodejs-driver-consume#fetching-data-types-as-strings\n\nThis will throw an error in future driver versions."}
{"level":"WARN","message":"[2:35:52.768 AM]: Query result precision loss detected when converting 2.27181818181818e+35 to a JavaScript Number.\n\nFetch as string or BigInt instead:\nhttps://docs.snowflake.com/en/developer-guide/node-js/nodejs-driver-consume#fetching-integer-data-types-as-bigint\nhttps://docs.snowflake.com/en/developer-guide/node-js/nodejs-driver-consume#fetching-data-types-as-strings\n\nThis will throw an error in future driver versions."}
{"level":"WARN","message":"[2:35:52.768 AM]: Query result precision loss detected when converting 2.17777777777778e+33 to a JavaScript Number.\n\nFetch as string or BigInt instead:\nhttps://docs.snowflake.com/en/developer-guide/node-js/nodejs-driver-consume#fetching-integer-data-types-as-bigint\nhttps://docs.snowflake.com/en/developer-guide/node-js/nodejs-driver-consume#fetching-data-types-as-strings\n\nThis will throw an error in future driver versions."}
{"level":"WARN","message":"[2:35:52.768 AM]: Query result precision loss detected when converting 2.47474747474748e+33 to a JavaScript Number.\n\nFetch as string or BigInt instead:\nhttps://docs.snowflake.com/en/developer-guide/node-js/nodejs-driver-consume#fetching-integer-data-types-as-bigint\nhttps://docs.snowflake.com/en/developer-guide/node-js/nodejs-driver-consume#fetching-data-types-as-strings\n\nThis will throw an error in future driver versions."}
{"level":"WARN","message":"[2:35:52.768 AM]: Query result precision loss detected when converting 5.34545454545455e+33 to a JavaScript Number.\n\nFetch as string or BigInt instead:\nhttps://docs.snowflake.com/en/developer-guide/node-js/nodejs-driver-consume#fetching-integer-data-types-as-bigint\nhttps://docs.snowflake.com/en/developer-guide/node-js/nodejs-driver-consume#fetching-data-types-as-strings\n\nThis will throw an error in future driver versions."}
{"level":"WARN","message":"[2:35:52.768 AM]: Query result precision loss detected when converting 8.90909090909091e+32 to a JavaScript Number.\n\nFetch as string or BigInt instead:\nhttps://docs.snowflake.com/en/developer-guide/node-js/nodejs-driver-consume#fetching-integer-data-types-as-bigint\nhttps://docs.snowflake.com/en/developer-guide/node-js/nodejs-driver-consume#fetching-data-types-as-strings\n\nThis will throw an error in future driver versions."}
{"level":"WARN","message":"[2:35:52.768 AM]: Query result precision loss detected when converting 2.47474747474748e+33 to a JavaScript Number.\n\nFetch as string or BigInt instead:\nhttps://docs.snowflake.com/en/developer-guide/node-js/nodejs-driver-consume#fetching-integer-data-types-as-bigint\nhttps://docs.snowflake.com/en/developer-guide/node-js/nodejs-driver-consume#fetching-data-types-as-strings\n\nThis will throw an error in future driver versions."}
{"level":"WARN","message":"[2:35:52.768 AM]: Query result precision loss detected when converting 3.95959595959596e+32 to a JavaScript Number.\n\nFetch as string or BigInt instead:\nhttps://docs.snowflake.com/en/developer-guide/node-js/nodejs-driver-consume#fetching-integer-data-types-as-bigint\nhttps://docs.snowflake.com/en/developer-guide/node-js/nodejs-driver-consume#fetching-data-types-as-strings\n\nThis will throw an error in future driver versions."}
{"level":"WARN","message":"[2:35:52.768 AM]: Query result precision loss detected when converting 1.18787878787879e+34 to a JavaScript Number.\n\nFetch as string or BigInt instead:\nhttps://docs.snowflake.com/en/developer-guide/node-js/nodejs-driver-consume#fetching-integer-data-types-as-bigint\nhttps://docs.snowflake.com/en/developer-guide/node-js/nodejs-driver-consume#fetching-data-types-as-strings\n\nThis will throw an error in future driver versions."}
{"level":"WARN","message":"[2:35:52.768 AM]: Query result precision loss detected when converting 2.47474747474748e+33 to a JavaScript Number.\n\nFetch as string or BigInt instead:\nhttps://docs.snowflake.com/en/developer-guide/node-js/nodejs-driver-consume#fetching-integer-data-types-as-bigint\nhttps://docs.snowflake.com/en/developer-guide/node-js/nodejs-driver-consume#fetching-data-types-as-strings\n\nThis will throw an error in future driver versions."}
{"level":"WARN","message":"[2:35:52.768 AM]: Query result precision loss detected when converting 2.96969696969697e+33 to a JavaScript Number.\n\nFetch as string or BigInt instead:\nhttps://docs.snowflake.com/en/developer-guide/node-js/nodejs-driver-consume#fetching-integer-data-types-as-bigint\nhttps://docs.snowflake.com/en/developer-guide/node-js/nodejs-driver-consume#fetching-data-types-as-strings\n\nThis will throw an error in future driver versions."}
{"level":"WARN","message":"[2:35:52.768 AM]: Query result precision loss detected when converting 4.94949494949495e+32 to a JavaScript Number.\n\nFetch as string or BigInt instead:\nhttps://docs.snowflake.com/en/developer-guide/node-js/nodejs-driver-consume#fetching-integer-data-types-as-bigint\nhttps://docs.snowflake.com/en/developer-guide/node-js/nodejs-driver-consume#fetching-data-types-as-strings\n\nThis will throw an error in future driver versions."}
{"level":"WARN","message":"[2:35:52.768 AM]: Query result precision loss detected when converting 3.46464646464647e+33 to a JavaScript Number.\n\nFetch as string or BigInt instead:\nhttps://docs.snowflake.com/en/developer-guide/node-js/nodejs-driver-consume#fetching-integer-data-types-as-bigint\nhttps://docs.snowflake.com/en/developer-guide/node-js/nodejs-driver-consume#fetching-data-types-as-strings\n\nThis will throw an error in future driver versions."}
{"level":"WARN","message":"[2:35:52.768 AM]: Query result precision loss detected when converting 3.95959595959596e+32 to a JavaScript Number.\n\nFetch as string or BigInt instead:\nhttps://docs.snowflake.com/en/developer-guide/node-js/nodejs-driver-consume#fetching-integer-data-types-as-bigint\nhttps://docs.snowflake.com/en/developer-guide/node-js/nodejs-driver-consume#fetching-data-types-as-strings\n\nThis will throw an error in future driver versions."}
{"level":"WARN","message":"[2:35:52.768 AM]: Query result precision loss detected when converting 8.90909090909091e+32 to a JavaScript Number.\n\nFetch as string or BigInt instead:\nhttps://docs.snowflake.com/en/developer-guide/node-js/nodejs-driver-consume#fetching-integer-data-types-as-bigint\nhttps://docs.snowflake.com/en/developer-guide/node-js/nodejs-driver-consume#fetching-data-types-as-strings\n\nThis will throw an error in future driver versions."}
{"level":"WARN","message":"[2:35:52.768 AM]: Query result precision loss detected when converting 3.46464646464647e+33 to a JavaScript Number.\n\nFetch as string or BigInt instead:\nhttps://docs.snowflake.com/en/developer-guide/node-js/nodejs-driver-consume#fetching-integer-data-types-as-bigint\nhttps://docs.snowflake.com/en/developer-guide/node-js/nodejs-driver-consume#fetching-data-types-as-strings\n\nThis will throw an error in future driver versions."}
{"level":"WARN","message":"[2:35:52.768 AM]: Query result precision loss detected when converting 8.90909090909091e+32 to a JavaScript Number.\n\nFetch as string or BigInt instead:\nhttps://docs.snowflake.com/en/developer-guide/node-js/nodejs-driver-consume#fetching-integer-data-types-as-bigint\nhttps://docs.snowflake.com/en/developer-guide/node-js/nodejs-driver-consume#fetching-data-types-as-strings\n\nThis will throw an error in future driver versions."}
{"level":"WARN","message":"[2:35:52.768 AM]: Query result precision loss detected when converting 4.94949494949495e+32 to a JavaScript Number.\n\nFetch as string or BigInt instead:\nhttps://docs.snowflake.com/en/developer-guide/node-js/nodejs-driver-consume#fetching-integer-data-types-as-bigint\nhttps://docs.snowflake.com/en/developer-guide/node-js/nodejs-driver-consume#fetching-data-types-as-strings\n\nThis will throw an error in future driver versions."}
{"level":"WARN","message":"[2:35:52.768 AM]: Query result precision loss detected when converting 3.46464646464647e+33 to a JavaScript Number.\n\nFetch as string or BigInt instead:\nhttps://docs.snowflake.com/en/developer-guide/node-js/nodejs-driver-consume#fetching-integer-data-types-as-bigint\nhttps://docs.snowflake.com/en/developer-guide/node-js/nodejs-driver-consume#fetching-data-types-as-strings\n\nThis will throw an error in future driver versions."}
{"level":"WARN","message":"[2:35:52.768 AM]: Query result precision loss detected when converting 4.94949494949495e+33 to a JavaScript Number.\n\nFetch as string or BigInt instead:\nhttps://docs.snowflake.com/en/developer-guide/node-js/nodejs-driver-consume#fetching-integer-data-types-as-bigint\nhttps://docs.snowflake.com/en/developer-guide/node-js/nodejs-driver-consume#fetching-data-types-as-strings\n\nThis will throw an error in future driver versions."}
{"level":"WARN","message":"[2:35:52.768 AM]: Query result precision loss detected when converting 4.94949494949495e+33 to a JavaScript Number.\n\nFetch as string or BigInt instead:\nhttps://docs.snowflake.com/en/developer-guide/node-js/nodejs-driver-consume#fetching-integer-data-types-as-bigint\nhttps://docs.snowflake.com/en/developer-guide/node-js/nodejs-driver-consume#fetching-data-types-as-strings\n\nThis will throw an error in future driver versions."}
{"level":"WARN","message":"[2:35:52.768 AM]: Query result precision loss detected when converting 3.95959595959596e+32 to a JavaScript Number.\n\nFetch as string or BigInt instead:\nhttps://docs.snowflake.com/en/developer-guide/node-js/nodejs-driver-consume#fetching-integer-data-types-as-bigint\nhttps://docs.snowflake.com/en/developer-guide/node-js/nodejs-driver-consume#fetching-data-types-as-strings\n\nThis will throw an error in future driver versions."}
{"level":"WARN","message":"[2:35:52.768 AM]: Query result precision loss detected when converting 2.37575757575758e+33 to a JavaScript Number.\n\nFetch as string or BigInt instead:\nhttps://docs.snowflake.com/en/developer-guide/node-js/nodejs-driver-consume#fetching-integer-data-types-as-bigint\nhttps://docs.snowflake.com/en/developer-guide/node-js/nodejs-driver-consume#fetching-data-types-as-strings\n\nThis will throw an error in future driver versions."}
{"level":"WARN","message":"[2:35:52.768 AM]: Query result precision loss detected when converting 7.91919191919192e+32 to a JavaScript Number.\n\nFetch as string or BigInt instead:\nhttps://docs.snowflake.com/en/developer-guide/node-js/nodejs-driver-consume#fetching-integer-data-types-as-bigint\nhttps://docs.snowflake.com/en/developer-guide/node-js/nodejs-driver-consume#fetching-data-types-as-strings\n\nThis will throw an error in future driver versions."}
{"level":"WARN","message":"[2:35:52.768 AM]: Query result precision loss detected when converting 1.97979797979798e+32 to a JavaScript Number.\n\nFetch as string or BigInt instead:\nhttps://docs.snowflake.com/en/developer-guide/node-js/nodejs-driver-consume#fetching-integer-data-types-as-bigint\nhttps://docs.snowflake.com/en/developer-guide/node-js/nodejs-driver-consume#fetching-data-types-as-strings\n\nThis will throw an error in future driver versions."}
{"level":"WARN","message":"[2:35:52.768 AM]: Query result precision loss detected when converting 5.59292929292929e+34 to a JavaScript Number.\n\nFetch as string or BigInt instead:\nhttps://docs.snowflake.com/en/developer-guide/node-js/nodejs-driver-consume#fetching-integer-data-types-as-bigint\nhttps://docs.snowflake.com/en/developer-guide/node-js/nodejs-driver-consume#fetching-data-types-as-strings\n\nThis will throw an error in future driver versions."}
{"level":"WARN","message":"[2:35:52.768 AM]: Query result precision loss detected when converting 2.17777777777778e+33 to a JavaScript Number.\n\nFetch as string or BigInt instead:\nhttps://docs.snowflake.com/en/developer-guide/node-js/nodejs-driver-consume#fetching-integer-data-types-as-bigint\nhttps://docs.snowflake.com/en/developer-guide/node-js/nodejs-driver-consume#fetching-data-types-as-strings\n\nThis will throw an error in future driver versions."}
{"level":"WARN","message":"[2:35:52.768 AM]: Query result precision loss detected when converting 8.90909090909091e+32 to a JavaScript Number.\n\nFetch as string or BigInt instead:\nhttps://docs.snowflake.com/en/developer-guide/node-js/nodejs-driver-consume#fetching-integer-data-types-as-bigint\nhttps://docs.snowflake.com/en/developer-guide/node-js/nodejs-driver-consume#fetching-data-types-as-strings\n\nThis will throw an error in future driver versions."}
{"level":"WARN","message":"[2:35:52.768 AM]: Query result precision loss detected when converting 5.59292929292929e+34 to a JavaScript Number.\n\nFetch as string or BigInt instead:\nhttps://docs.snowflake.com/en/developer-guide/node-js/nodejs-driver-consume#fetching-integer-data-types-as-bigint\nhttps://docs.snowflake.com/en/developer-guide/node-js/nodejs-driver-consume#fetching-data-types-as-strings\n\nThis will throw an error in future driver versions."}
{"level":"WARN","message":"[2:35:52.768 AM]: Query result precision loss detected when converting 2.47474747474748e+33 to a JavaScript Number.\n\nFetch as string or BigInt instead:\nhttps://docs.snowflake.com/en/developer-guide/node-js/nodejs-driver-consume#fetching-integer-data-types-as-bigint\nhttps://docs.snowflake.com/en/developer-guide/node-js/nodejs-driver-consume#fetching-data-types-as-strings\n\nThis will throw an error in future driver versions."}
{"level":"WARN","message":"[2:35:52.768 AM]: Query result precision loss detected when converting 4.94949494949495e+32 to a JavaScript Number.\n\nFetch as string or BigInt instead:\nhttps://docs.snowflake.com/en/developer-guide/node-js/nodejs-driver-consume#fetching-integer-data-types-as-bigint\nhttps://docs.snowflake.com/en/developer-guide/node-js/nodejs-driver-consume#fetching-data-types-as-strings\n\nThis will throw an error in future driver versions."}
{"level":"WARN","message":"[2:35:52.768 AM]: Query result precision loss detected when converting 1.97979797979798e+32 to a JavaScript Number.\n\nFetch as string or BigInt instead:\nhttps://docs.snowflake.com/en/developer-guide/node-js/nodejs-driver-consume#fetching-integer-data-types-as-bigint\nhttps://docs.snowflake.com/en/developer-guide/node-js/nodejs-driver-consume#fetching-data-types-as-strings\n\nThis will throw an error in future driver versions."}
{"level":"WARN","message":"[2:35:52.768 AM]: Query result precision loss detected when converting 7.91919191919192e+32 to a JavaScript Number.\n\nFetch as string or BigInt instead:\nhttps://docs.snowflake.com/en/developer-guide/node-js/nodejs-driver-consume#fetching-integer-data-types-as-bigint\nhttps://docs.snowflake.com/en/developer-guide/node-js/nodejs-driver-consume#fetching-data-types-as-strings\n\nThis will throw an error in future driver versions."}
{"level":"WARN","message":"[2:35:52.768 AM]: Query result precision loss detected when converting 5.59292929292929e+34 to a JavaScript Number.\n\nFetch as string or BigInt instead:\nhttps://docs.snowflake.com/en/developer-guide/node-js/nodejs-driver-consume#fetching-integer-data-types-as-bigint\nhttps://docs.snowflake.com/en/developer-guide/node-js/nodejs-driver-consume#fetching-data-types-as-strings\n\nThis will throw an error in future driver versions."}
{"level":"WARN","message":"[2:35:52.768 AM]: Query result precision loss detected when converting 9.8989898989899e+32 to a JavaScript Number.\n\nFetch as string or BigInt instead:\nhttps://docs.snowflake.com/en/developer-guide/node-js/nodejs-driver-consume#fetching-integer-data-types-as-bigint\nhttps://docs.snowflake.com/en/developer-guide/node-js/nodejs-driver-consume#fetching-data-types-as-strings\n\nThis will throw an error in future driver versions."}
{"level":"WARN","message":"[2:35:52.768 AM]: Query result precision loss detected when converting 4.94949494949495e+32 to a JavaScript Number.\n\nFetch as string or BigInt instead:\nhttps://docs.snowflake.com/en/developer-guide/node-js/nodejs-driver-consume#fetching-integer-data-types-as-bigint\nhttps://docs.snowflake.com/en/developer-guide/node-js/nodejs-driver-consume#fetching-data-types-as-strings\n\nThis will throw an error in future driver versions."}
{"level":"WARN","message":"[2:35:52.768 AM]: Query result precision loss detected when converting 1.68381818181818e+35 to a JavaScript Number.\n\nFetch as string or BigInt instead:\nhttps://docs.snowflake.com/en/developer-guide/node-js/nodejs-driver-consume#fetching-integer-data-types-as-bigint\nhttps://docs.snowflake.com/en/developer-guide/node-js/nodejs-driver-consume#fetching-data-types-as-strings\n\nThis will throw an error in future driver versions."}
{"level":"WARN","message":"[2:35:52.768 AM]: Query result precision loss detected when converting 2.37575757575758e+33 to a JavaScript Number.\n\nFetch as string or BigInt instead:\nhttps://docs.snowflake.com/en/developer-guide/node-js/nodejs-driver-consume#fetching-integer-data-types-as-bigint\nhttps://docs.snowflake.com/en/developer-guide/node-js/nodejs-driver-consume#fetching-data-types-as-strings\n\nThis will throw an error in future driver versions."}
{"level":"WARN","message":"[2:35:52.768 AM]: Query result precision loss detected when converting 7.61232323232323e+34 to a JavaScript Number.\n\nFetch as string or BigInt instead:\nhttps://docs.snowflake.com/en/developer-guide/node-js/nodejs-driver-consume#fetching-integer-data-types-as-bigint\nhttps://docs.snowflake.com/en/developer-guide/node-js/nodejs-driver-consume#fetching-data-types-as-strings\n\nThis will throw an error in future driver versions."}
{"level":"WARN","message":"[2:35:52.768 AM]: Query result precision loss detected when converting 2.96969696969697e+33 to a JavaScript Number.\n\nFetch as string or BigInt instead:\nhttps://docs.snowflake.com/en/developer-guide/node-js/nodejs-driver-consume#fetching-integer-data-types-as-bigint\nhttps://docs.snowflake.com/en/developer-guide/node-js/nodejs-driver-consume#fetching-data-types-as-strings\n\nThis will throw an error in future driver versions."}
{"level":"WARN","message":"[2:35:52.768 AM]: Query result precision loss detected when converting 4.94949494949495e+32 to a JavaScript Number.\n\nFetch as string or BigInt instead:\nhttps://docs.snowflake.com/en/developer-guide/node-js/nodejs-driver-consume#fetching-integer-data-types-as-bigint\nhttps://docs.snowflake.com/en/developer-guide/node-js/nodejs-driver-consume#fetching-data-types-as-strings\n\nThis will throw an error in future driver versions."}
{"level":"WARN","message":"[2:35:52.768 AM]: Query result precision loss detected when converting 1.97979797979798e+32 to a JavaScript Number.\n\nFetch as string or BigInt instead:\nhttps://docs.snowflake.com/en/developer-guide/node-js/nodejs-driver-consume#fetching-integer-data-types-as-bigint\nhttps://docs.snowflake.com/en/developer-guide/node-js/nodejs-driver-consume#fetching-data-types-as-strings\n\nThis will throw an error in future driver versions."}
{"level":"WARN","message":"[2:35:52.768 AM]: Query result precision loss detected when converting 2.27181818181818e+35 to a JavaScript Number.\n\nFetch as string or BigInt instead:\nhttps://docs.snowflake.com/en/developer-guide/node-js/nodejs-driver-consume#fetching-integer-data-types-as-bigint\nhttps://docs.snowflake.com/en/developer-guide/node-js/nodejs-driver-consume#fetching-data-types-as-strings\n\nThis will throw an error in future driver versions."}
{"level":"WARN","message":"[2:35:52.768 AM]: Query result precision loss detected when converting 3.46464646464647e+33 to a JavaScript Number.\n\nFetch as string or BigInt instead:\nhttps://docs.snowflake.com/en/developer-guide/node-js/nodejs-driver-consume#fetching-integer-data-types-as-bigint\nhttps://docs.snowflake.com/en/developer-guide/node-js/nodejs-driver-consume#fetching-data-types-as-strings\n\nThis will throw an error in future driver versions."}
{"level":"WARN","message":"[2:35:52.768 AM]: Query result precision loss detected when converting 4.94949494949495e+32 to a JavaScript Number.\n\nFetch as string or BigInt instead:\nhttps://docs.snowflake.com/en/developer-guide/node-js/nodejs-driver-consume#fetching-integer-data-types-as-bigint\nhttps://docs.snowflake.com/en/developer-guide/node-js/nodejs-driver-consume#fetching-data-types-as-strings\n\nThis will throw an error in future driver versions."}
{"level":"WARN","message":"[2:35:52.768 AM]: Query result precision loss detected when converting 2.17777777777778e+33 to a JavaScript Number.\n\nFetch as string or BigInt instead:\nhttps://docs.snowflake.com/en/developer-guide/node-js/nodejs-driver-consume#fetching-integer-data-types-as-bigint\nhttps://docs.snowflake.com/en/developer-guide/node-js/nodejs-driver-consume#fetching-data-types-as-strings\n\nThis will throw an error in future driver versions."}
{"level":"WARN","message":"[2:35:52.768 AM]: Query result precision loss detected when converting 9.8989898989899e+32 to a JavaScript Number.\n\nFetch as string or BigInt instead:\nhttps://docs.snowflake.com/en/developer-guide/node-js/nodejs-driver-consume#fetching-integer-data-types-as-bigint\nhttps://docs.snowflake.com/en/developer-guide/node-js/nodejs-driver-consume#fetching-data-types-as-strings\n\nThis will throw an error in future driver versions."}
{"level":"WARN","message":"[2:35:52.768 AM]: Query result precision loss detected when converting 4.94949494949495e+32 to a JavaScript Number.\n\nFetch as string or BigInt instead:\nhttps://docs.snowflake.com/en/developer-guide/node-js/nodejs-driver-consume#fetching-integer-data-types-as-bigint\nhttps://docs.snowflake.com/en/developer-guide/node-js/nodejs-driver-consume#fetching-data-types-as-strings\n\nThis will throw an error in future driver versions."}
{"level":"WARN","message":"[2:35:52.768 AM]: Query result precision loss detected when converting 3.46464646464647e+33 to a JavaScript Number.\n\nFetch as string or BigInt instead:\nhttps://docs.snowflake.com/en/developer-guide/node-js/nodejs-driver-consume#fetching-integer-data-types-as-bigint\nhttps://docs.snowflake.com/en/developer-guide/node-js/nodejs-driver-consume#fetching-data-types-as-strings\n\nThis will throw an error in future driver versions."}
{"level":"WARN","message":"[2:35:52.768 AM]: Query result precision loss detected when converting 1.68381818181818e+35 to a JavaScript Number.\n\nFetch as string or BigInt instead:\nhttps://docs.snowflake.com/en/developer-guide/node-js/nodejs-driver-consume#fetching-integer-data-types-as-bigint\nhttps://docs.snowflake.com/en/developer-guide/node-js/nodejs-driver-consume#fetching-data-types-as-strings\n\nThis will throw an error in future driver versions."}
{"level":"WARN","message":"[2:35:52.768 AM]: Query result precision loss detected when converting 4.94949494949495e+33 to a JavaScript Number.\n\nFetch as string or BigInt instead:\nhttps://docs.snowflake.com/en/developer-guide/node-js/nodejs-driver-consume#fetching-integer-data-types-as-bigint\nhttps://docs.snowflake.com/en/developer-guide/node-js/nodejs-driver-consume#fetching-data-types-as-strings\n\nThis will throw an error in future driver versions."}
{"level":"WARN","message":"[2:35:52.768 AM]: Query result precision loss detected when converting 2.27181818181818e+35 to a JavaScript Number.\n\nFetch as string or BigInt instead:\nhttps://docs.snowflake.com/en/developer-guide/node-js/nodejs-driver-consume#fetching-integer-data-types-as-bigint\nhttps://docs.snowflake.com/en/developer-guide/node-js/nodejs-driver-consume#fetching-data-types-as-strings\n\nThis will throw an error in future driver versions."}
{"level":"WARN","message":"[2:35:52.768 AM]: Query result precision loss detected when converting 2.17777777777778e+33 to a JavaScript Number.\n\nFetch as string or BigInt instead:\nhttps://docs.snowflake.com/en/developer-guide/node-js/nodejs-driver-consume#fetching-integer-data-types-as-bigint\nhttps://docs.snowflake.com/en/developer-guide/node-js/nodejs-driver-consume#fetching-data-types-as-strings\n\nThis will throw an error in future driver versions."}
{"level":"WARN","message":"[2:35:52.768 AM]: Query result precision loss detected when converting 2.29656565656566e+35 to a JavaScript Number.\n\nFetch as string or BigInt instead:\nhttps://docs.snowflake.com/en/developer-guide/node-js/nodejs-driver-consume#fetching-integer-data-types-as-bigint\nhttps://docs.snowflake.com/en/developer-guide/node-js/nodejs-driver-consume#fetching-data-types-as-strings\n\nThis will throw an error in future driver versions."}
{"level":"WARN","message":"[2:35:52.768 AM]: Query result precision loss detected when converting 3.46464646464647e+33 to a JavaScript Number.\n\nFetch as string or BigInt instead:\nhttps://docs.snowflake.com/en/developer-guide/node-js/nodejs-driver-consume#fetching-integer-data-types-as-bigint\nhttps://docs.snowflake.com/en/developer-guide/node-js/nodejs-driver-consume#fetching-data-types-as-strings\n\nThis will throw an error in future driver versions."}
{"level":"WARN","message":"[2:35:52.768 AM]: Query result precision loss detected when converting 4.94949494949495e+32 to a JavaScript Number.\n\nFetch as string or BigInt instead:\nhttps://docs.snowflake.com/en/developer-guide/node-js/nodejs-driver-consume#fetching-integer-data-types-as-bigint\nhttps://docs.snowflake.com/en/developer-guide/node-js/nodejs-driver-consume#fetching-data-types-as-strings\n\nThis will throw an error in future driver versions."}
{"level":"WARN","message":"[2:35:52.768 AM]: Query result precision loss detected when converting 2.27181818181818e+35 to a JavaScript Number.\n\nFetch as string or BigInt instead:\nhttps://docs.snowflake.com/en/developer-guide/node-js/nodejs-driver-consume#fetching-integer-data-types-as-bigint\nhttps://docs.snowflake.com/en/developer-guide/node-js/nodejs-driver-consume#fetching-data-types-as-strings\n\nThis will throw an error in future driver versions."}
{"level":"WARN","message":"[2:35:52.768 AM]: Query result precision loss detected when converting 3.46464646464647e+33 to a JavaScript Number.\n\nFetch as string or BigInt instead:\nhttps://docs.snowflake.com/en/developer-guide/node-js/nodejs-driver-consume#fetching-integer-data-types-as-bigint\nhttps://docs.snowflake.com/en/developer-guide/node-js/nodejs-driver-consume#fetching-data-types-as-strings\n\nThis will throw an error in future driver versions."}
{"level":"WARN","message":"[2:35:52.768 AM]: Query result precision loss detected when converting 2.29656565656566e+35 to a JavaScript Number.\n\nFetch as string or BigInt instead:\nhttps://docs.snowflake.com/en/developer-guide/node-js/nodejs-driver-consume#fetching-integer-data-types-as-bigint\nhttps://docs.snowflake.com/en/developer-guide/node-js/nodejs-driver-consume#fetching-data-types-as-strings\n\nThis will throw an error in future driver versions."}
{"level":"WARN","message":"[2:35:52.768 AM]: Query result precision loss detected when converting 2.17777777777778e+33 to a JavaScript Number.\n\nFetch as string or BigInt instead:\nhttps://docs.snowflake.com/en/developer-guide/node-js/nodejs-driver-consume#fetching-integer-data-types-as-bigint\nhttps://docs.snowflake.com/en/developer-guide/node-js/nodejs-driver-consume#fetching-data-types-as-strings\n\nThis will throw an error in future driver versions."}
{"level":"WARN","message":"[2:35:52.768 AM]: Query result precision loss detected when converting 2.27181818181818e+35 to a JavaScript Number.\n\nFetch as string or BigInt instead:\nhttps://docs.snowflake.com/en/developer-guide/node-js/nodejs-driver-consume#fetching-integer-data-types-as-bigint\nhttps://docs.snowflake.com/en/developer-guide/node-js/nodejs-driver-consume#fetching-data-types-as-strings\n\nThis will throw an error in future driver versions."}
{"level":"WARN","message":"[2:35:52.768 AM]: Query result precision loss detected when converting 9.8989898989899e+32 to a JavaScript Number.\n\nFetch as string or BigInt instead:\nhttps://docs.snowflake.com/en/developer-guide/node-js/nodejs-driver-consume#fetching-integer-data-types-as-bigint\nhttps://docs.snowflake.com/en/developer-guide/node-js/nodejs-driver-consume#fetching-data-types-as-strings\n\nThis will throw an error in future driver versions."}
{"level":"WARN","message":"[2:35:52.769 AM]: Query result precision loss detected when converting 4.94949494949495e+32 to a JavaScript Number.\n\nFetch as string or BigInt instead:\nhttps://docs.snowflake.com/en/developer-guide/node-js/nodejs-driver-consume#fetching-integer-data-types-as-bigint\nhttps://docs.snowflake.com/en/developer-guide/node-js/nodejs-driver-consume#fetching-data-types-as-strings\n\nThis will throw an error in future driver versions."}
{"level":"WARN","message":"[2:35:52.769 AM]: Query result precision loss detected when converting 3.46464646464647e+33 to a JavaScript Number.\n\nFetch as string or BigInt instead:\nhttps://docs.snowflake.com/en/developer-guide/node-js/nodejs-driver-consume#fetching-integer-data-types-as-bigint\nhttps://docs.snowflake.com/en/developer-guide/node-js/nodejs-driver-consume#fetching-data-types-as-strings\n\nThis will throw an error in future driver versions."}
{"level":"WARN","message":"[2:35:52.769 AM]: Query result precision loss detected when converting 3.46464646464647e+33 to a JavaScript Number.\n\nFetch as string or BigInt instead:\nhttps://docs.snowflake.com/en/developer-guide/node-js/nodejs-driver-consume#fetching-integer-data-types-as-bigint\nhttps://docs.snowflake.com/en/developer-guide/node-js/nodejs-driver-consume#fetching-data-types-as-strings\n\nThis will throw an error in future driver versions."}
{"level":"WARN","message":"[2:35:52.769 AM]: Query result precision loss detected when converting 5.34545454545455e+33 to a JavaScript Number.\n\nFetch as string or BigInt instead:\nhttps://docs.snowflake.com/en/developer-guide/node-js/nodejs-driver-consume#fetching-integer-data-types-as-bigint\nhttps://docs.snowflake.com/en/developer-guide/node-js/nodejs-driver-consume#fetching-data-types-as-strings\n\nThis will throw an error in future driver versions."}
{"level":"WARN","message":"[2:35:52.769 AM]: Query result precision loss detected when converting 2.47474747474748e+33 to a JavaScript Number.\n\nFetch as string or BigInt instead:\nhttps://docs.snowflake.com/en/developer-guide/node-js/nodejs-driver-consume#fetching-integer-data-types-as-bigint\nhttps://docs.snowflake.com/en/developer-guide/node-js/nodejs-driver-consume#fetching-data-types-as-strings\n\nThis will throw an error in future driver versions."}
{"level":"WARN","message":"[2:35:52.769 AM]: Query result precision loss detected when converting 4.94949494949495e+32 to a JavaScript Number.\n\nFetch as string or BigInt instead:\nhttps://docs.snowflake.com/en/developer-guide/node-js/nodejs-driver-consume#fetching-integer-data-types-as-bigint\nhttps://docs.snowflake.com/en/developer-guide/node-js/nodejs-driver-consume#fetching-data-types-as-strings\n\nThis will throw an error in future driver versions."}
{"level":"WARN","message":"[2:35:52.769 AM]: Query result precision loss detected when converting 4.94949494949495e+33 to a JavaScript Number.\n\nFetch as string or BigInt instead:\nhttps://docs.snowflake.com/en/developer-guide/node-js/nodejs-driver-consume#fetching-integer-data-types-as-bigint\nhttps://docs.snowflake.com/en/developer-guide/node-js/nodejs-driver-consume#fetching-data-types-as-strings\n\nThis will throw an error in future driver versions."}
{"level":"WARN","message":"[2:35:52.769 AM]: Query result precision loss detected when converting 4.94949494949495e+32 to a JavaScript Number.\n\nFetch as string or BigInt instead:\nhttps://docs.snowflake.com/en/developer-guide/node-js/nodejs-driver-consume#fetching-integer-data-types-as-bigint\nhttps://docs.snowflake.com/en/developer-guide/node-js/nodejs-driver-consume#fetching-data-types-as-strings\n\nThis will throw an error in future driver versions."}
{"level":"WARN","message":"[2:35:52.769 AM]: Query result precision loss detected when converting 9.8989898989899e+32 to a JavaScript Number.\n\nFetch as string or BigInt instead:\nhttps://docs.snowflake.com/en/developer-guide/node-js/nodejs-driver-consume#fetching-integer-data-types-as-bigint\nhttps://docs.snowflake.com/en/developer-guide/node-js/nodejs-driver-consume#fetching-data-types-as-strings\n\nThis will throw an error in future driver versions."}
{"level":"WARN","message":"[2:35:52.769 AM]: Query result precision loss detected when converting 5.34545454545455e+33 to a JavaScript Number.\n\nFetch as string or BigInt instead:\nhttps://docs.snowflake.com/en/developer-guide/node-js/nodejs-driver-consume#fetching-integer-data-types-as-bigint\nhttps://docs.snowflake.com/en/developer-guide/node-js/nodejs-driver-consume#fetching-data-types-as-strings\n\nThis will throw an error in future driver versions."}
{"level":"WARN","message":"[2:35:52.769 AM]: Query result precision loss detected when converting 9.8989898989899e+32 to a JavaScript Number.\n\nFetch as string or BigInt instead:\nhttps://docs.snowflake.com/en/developer-guide/node-js/nodejs-driver-consume#fetching-integer-data-types-as-bigint\nhttps://docs.snowflake.com/en/developer-guide/node-js/nodejs-driver-consume#fetching-data-types-as-strings\n\nThis will throw an error in future driver versions."}
{"level":"WARN","message":"[2:35:52.769 AM]: Query result precision loss detected when converting 6.92929292929293e+33 to a JavaScript Number.\n\nFetch as string or BigInt instead:\nhttps://docs.snowflake.com/en/developer-guide/node-js/nodejs-driver-consume#fetching-integer-data-types-as-bigint\nhttps://docs.snowflake.com/en/developer-guide/node-js/nodejs-driver-consume#fetching-data-types-as-strings\n\nThis will throw an error in future driver versions."}
{"level":"WARN","message":"[2:35:52.769 AM]: Query result precision loss detected when converting 6.92929292929293e+33 to a JavaScript Number.\n\nFetch as string or BigInt instead:\nhttps://docs.snowflake.com/en/developer-guide/node-js/nodejs-driver-consume#fetching-integer-data-types-as-bigint\nhttps://docs.snowflake.com/en/developer-guide/node-js/nodejs-driver-consume#fetching-data-types-as-strings\n\nThis will throw an error in future driver versions."}
{"level":"WARN","message":"[2:35:52.769 AM]: Query result precision loss detected when converting 4.94949494949495e+32 to a JavaScript Number.\n\nFetch as string or BigInt instead:\nhttps://docs.snowflake.com/en/developer-guide/node-js/nodejs-driver-consume#fetching-integer-data-types-as-bigint\nhttps://docs.snowflake.com/en/developer-guide/node-js/nodejs-driver-consume#fetching-data-types-as-strings\n\nThis will throw an error in future driver versions."}
{"level":"WARN","message":"[2:35:52.769 AM]: Query result precision loss detected when converting 4.94949494949495e+32 to a JavaScript Number.\n\nFetch as string or BigInt instead:\nhttps://docs.snowflake.com/en/developer-guide/node-js/nodejs-driver-consume#fetching-integer-data-types-as-bigint\nhttps://docs.snowflake.com/en/developer-guide/node-js/nodejs-driver-consume#fetching-data-types-as-strings\n\nThis will throw an error in future driver versions."}
{"level":"WARN","message":"[2:35:52.769 AM]: Query result precision loss detected when converting 4.94949494949495e+32 to a JavaScript Number.\n\nFetch as string or BigInt instead:\nhttps://docs.snowflake.com/en/developer-guide/node-js/nodejs-driver-consume#fetching-integer-data-types-as-bigint\nhttps://docs.snowflake.com/en/developer-guide/node-js/nodejs-driver-consume#fetching-data-types-as-strings\n\nThis will throw an error in future driver versions."}
{"level":"WARN","message":"[2:35:52.769 AM]: Query result precision loss detected when converting 1.97979797979798e+32 to a JavaScript Number.\n\nFetch as string or BigInt instead:\nhttps://docs.snowflake.com/en/developer-guide/node-js/nodejs-driver-consume#fetching-integer-data-types-as-bigint\nhttps://docs.snowflake.com/en/developer-guide/node-js/nodejs-driver-consume#fetching-data-types-as-strings\n\nThis will throw an error in future driver versions."}
{"level":"WARN","message":"[2:35:52.769 AM]: Query result precision loss detected when converting 6.33535353535354e+33 to a JavaScript Number.\n\nFetch as string or BigInt instead:\nhttps://docs.snowflake.com/en/developer-guide/node-js/nodejs-driver-consume#fetching-integer-data-types-as-bigint\nhttps://docs.snowflake.com/en/developer-guide/node-js/nodejs-driver-consume#fetching-data-types-as-strings\n\nThis will throw an error in future driver versions."}
{"level":"WARN","message":"[2:35:52.769 AM]: Query result precision loss detected when converting 2.17777777777778e+33 to a JavaScript Number.\n\nFetch as string or BigInt instead:\nhttps://docs.snowflake.com/en/developer-guide/node-js/nodejs-driver-consume#fetching-integer-data-types-as-bigint\nhttps://docs.snowflake.com/en/developer-guide/node-js/nodejs-driver-consume#fetching-data-types-as-strings\n\nThis will throw an error in future driver versions."}
{"level":"WARN","message":"[2:35:52.769 AM]: Query result precision loss detected when converting 2.17777777777778e+33 to a JavaScript Number.\n\nFetch as string or BigInt instead:\nhttps://docs.snowflake.com/en/developer-guide/node-js/nodejs-driver-consume#fetching-integer-data-types-as-bigint\nhttps://docs.snowflake.com/en/developer-guide/node-js/nodejs-driver-consume#fetching-data-types-as-strings\n\nThis will throw an error in future driver versions."}
{"level":"INFO","message":"[10:33:03.444 AM]: Creating new connection object"}
{"level":"INFO","message":"[10:33:03.453 AM]: Creating Connection[id: 470f5512-cb2a-4fdf-8ce4-b8169c727aa9] with host: udnznon-atscalepartner.snowflakecomputing.com, account: udnznon-atscalepartner, accessUrl: https://udnznon-atscalepartner.snowflakecomputing.com, user: atscale_cli, role: ACCOUNTADMIN, database: SE_DEMO_LIBRARY, schema: AS_ADVENTURE, warehouse: SE_DEMO_JM_MEDIUM, proxy was not configured, password is provided, region: undefined, authenticator: SNOWFLAKE, ocsp mode: FAIL_OPEN, os: darwin, os version: 25.5.0"}
{"level":"INFO","message":"[10:33:03.453 AM]: Connection[id: 470f5512-cb2a-4fdf-8ce4-b8169c727aa9] additional details: passcode in password is provided, passcode is not provided, private key is not provided, application: undefined, client name: snowflake-sdk, client version: 2.4.0, retry timeout: 300, private key path: undefined, private key pass is not provided, client store temporary credential: false, browser response timeout: 120000"}
{"level":"INFO","message":"[10:33:03.453 AM]: Connection[id: 470f5512-cb2a-4fdf-8ce4-b8169c727aa9] - connection object created successfully."}
{"level":"INFO","message":"[10:33:03.453 AM]: Connection[id: 470f5512-cb2a-4fdf-8ce4-b8169c727aa9] - async connecting. Associated Snowflake domain: GLOBAL"}
{"level":"INFO","message":"[10:33:03.454 AM]: Trying to initialize Easy Logging"}
{"level":"INFO","message":"[10:33:03.454 AM]: No client config detected."}
{"level":"INFO","message":"[10:33:03.455 AM]: No config file path found. Client config will not be used."}
{"level":"INFO","message":"[10:33:03.455 AM]: Easy Logging is disabled as no config has been found"}
{"level":"INFO","message":"[10:33:03.455 AM]: Connection[id: 470f5512-cb2a-4fdf-8ce4-b8169c727aa9] - authentication successful using: SNOWFLAKE"}
{"level":"INFO","message":"[10:33:05.329 AM]: Connection[id: 470f5512-cb2a-4fdf-8ce4-b8169c727aa9] - connection established successfully after 1875.58 milliseconds"}
{"level":"INFO","message":"[10:34:59.514 AM]: Creating new connection object"}
{"level":"INFO","message":"[10:34:59.524 AM]: Creating Connection[id: 78eb3c19-6b64-4744-ab5a-b6a1a5006716] with host: udnznon-atscalepartner.snowflakecomputing.com, account: udnznon-atscalepartner, accessUrl: https://udnznon-atscalepartner.snowflakecomputing.com, user: atscale_cli, role: ACCOUNTADMIN, database: SE_DEMO_LIBRARY, schema: AS_ADVENTURE, warehouse: SE_DEMO_JM_MEDIUM, proxy was not configured, password is provided, region: undefined, authenticator: SNOWFLAKE, ocsp mode: FAIL_OPEN, os: darwin, os version: 25.5.0"}
{"level":"INFO","message":"[10:34:59.525 AM]: Connection[id: 78eb3c19-6b64-4744-ab5a-b6a1a5006716] additional details: passcode in password is provided, passcode is not provided, private key is not provided, application: undefined, client name: snowflake-sdk, client version: 2.4.0, retry timeout: 300, private key path: undefined, private key pass is not provided, client store temporary credential: false, browser response timeout: 120000"}
{"level":"INFO","message":"[10:34:59.525 AM]: Connection[id: 78eb3c19-6b64-4744-ab5a-b6a1a5006716] - connection object created successfully."}
{"level":"INFO","message":"[10:34:59.526 AM]: Connection[id: 78eb3c19-6b64-4744-ab5a-b6a1a5006716] - async connecting. Associated Snowflake domain: GLOBAL"}
{"level":"INFO","message":"[10:34:59.526 AM]: Trying to initialize Easy Logging"}
{"level":"INFO","message":"[10:34:59.529 AM]: No client config detected."}
{"level":"INFO","message":"[10:34:59.529 AM]: No config file path found. Client config will not be used."}
{"level":"INFO","message":"[10:34:59.529 AM]: Easy Logging is disabled as no config has been found"}
{"level":"INFO","message":"[10:34:59.529 AM]: Connection[id: 78eb3c19-6b64-4744-ab5a-b6a1a5006716] - authentication successful using: SNOWFLAKE"}
{"level":"INFO","message":"[10:35:00.951 AM]: Connection[id: 78eb3c19-6b64-4744-ab5a-b6a1a5006716] - connection established successfully after 1425.4 milliseconds"}
{"level":"INFO","message":"[10:35:10.950 AM]: Creating new connection object"}
{"level":"INFO","message":"[10:35:10.954 AM]: Creating Connection[id: abacfe8d-e32b-4fb5-8930-a25fea567b3d] with host: udnznon-atscalepartner.snowflakecomputing.com, account: udnznon-atscalepartner, accessUrl: https://udnznon-atscalepartner.snowflakecomputing.com, user: atscale_cli, role: ACCOUNTADMIN, database: SE_DEMO_LIBRARY, schema: AS_ADVENTURE, warehouse: SE_DEMO_JM_MEDIUM, proxy was not configured, password is provided, region: undefined, authenticator: SNOWFLAKE, ocsp mode: FAIL_OPEN, os: darwin, os version: 25.5.0"}
{"level":"INFO","message":"[10:35:10.954 AM]: Connection[id: abacfe8d-e32b-4fb5-8930-a25fea567b3d] additional details: passcode in password is provided, passcode is not provided, private key is not provided, application: undefined, client name: snowflake-sdk, client version: 2.4.0, retry timeout: 300, private key path: undefined, private key pass is not provided, client store temporary credential: false, browser response timeout: 120000"}
{"level":"INFO","message":"[10:35:10.954 AM]: Connection[id: abacfe8d-e32b-4fb5-8930-a25fea567b3d] - connection object created successfully."}
{"level":"INFO","message":"[10:35:10.955 AM]: Connection[id: abacfe8d-e32b-4fb5-8930-a25fea567b3d] - async connecting. Associated Snowflake domain: GLOBAL"}
{"level":"INFO","message":"[10:35:10.955 AM]: Trying to initialize Easy Logging"}
{"level":"INFO","message":"[10:35:10.956 AM]: No client config detected."}
{"level":"INFO","message":"[10:35:10.956 AM]: No config file path found. Client config will not be used."}
{"level":"INFO","message":"[10:35:10.956 AM]: Easy Logging is disabled as no config has been found"}
{"level":"INFO","message":"[10:35:10.956 AM]: Connection[id: abacfe8d-e32b-4fb5-8930-a25fea567b3d] - authentication successful using: SNOWFLAKE"}
{"level":"INFO","message":"[10:35:11.967 AM]: Connection[id: abacfe8d-e32b-4fb5-8930-a25fea567b3d] - connection established successfully after 1012.85 milliseconds"}
{"level":"INFO","message":"[10:35:20.485 AM]: Creating new connection object"}
{"level":"INFO","message":"[10:35:20.492 AM]: Creating Connection[id: f2a8e1ea-ee05-44d0-96db-3a03ce81ebda] with host: udnznon-atscalepartner.snowflakecomputing.com, account: udnznon-atscalepartner, accessUrl: https://udnznon-atscalepartner.snowflakecomputing.com, user: atscale_cli, role: ACCOUNTADMIN, database: SE_DEMO_LIBRARY, schema: AS_ADVENTURE, warehouse: SE_DEMO_JM_MEDIUM, proxy was not configured, password is provided, region: undefined, authenticator: SNOWFLAKE, ocsp mode: FAIL_OPEN, os: darwin, os version: 25.5.0"}
{"level":"INFO","message":"[10:35:20.492 AM]: Connection[id: f2a8e1ea-ee05-44d0-96db-3a03ce81ebda] additional details: passcode in password is provided, passcode is not provided, private key is not provided, application: undefined, client name: snowflake-sdk, client version: 2.4.0, retry timeout: 300, private key path: undefined, private key pass is not provided, client store temporary credential: false, browser response timeout: 120000"}
{"level":"INFO","message":"[10:35:20.492 AM]: Connection[id: f2a8e1ea-ee05-44d0-96db-3a03ce81ebda] - connection object created successfully."}
{"level":"INFO","message":"[10:35:20.492 AM]: Connection[id: f2a8e1ea-ee05-44d0-96db-3a03ce81ebda] - async connecting. Associated Snowflake domain: GLOBAL"}
{"level":"INFO","message":"[10:35:20.493 AM]: Trying to initialize Easy Logging"}
{"level":"INFO","message":"[10:35:20.493 AM]: No client config detected."}
{"level":"INFO","message":"[10:35:20.494 AM]: No config file path found. Client config will not be used."}
{"level":"INFO","message":"[10:35:20.494 AM]: Easy Logging is disabled as no config has been found"}
{"level":"INFO","message":"[10:35:20.494 AM]: Connection[id: f2a8e1ea-ee05-44d0-96db-3a03ce81ebda] - authentication successful using: SNOWFLAKE"}
{"level":"INFO","message":"[10:35:21.717 AM]: Connection[id: f2a8e1ea-ee05-44d0-96db-3a03ce81ebda] - connection established successfully after 1224.53 milliseconds"}
{"level":"INFO","message":"[10:35:45.525 AM]: Creating new connection object"}
{"level":"INFO","message":"[10:35:45.534 AM]: Creating Connection[id: 5312cc0d-315f-476e-a580-5f9d19d4d186] with host: udnznon-atscalepartner.snowflakecomputing.com, account: udnznon-atscalepartner, accessUrl: https://udnznon-atscalepartner.snowflakecomputing.com, user: atscale_cli, role: ACCOUNTADMIN, database: SE_DEMO_LIBRARY, schema: AS_ADVENTURE, warehouse: SE_DEMO_JM_MEDIUM, proxy was not configured, password is provided, region: undefined, authenticator: SNOWFLAKE, ocsp mode: FAIL_OPEN, os: darwin, os version: 25.5.0"}
{"level":"INFO","message":"[10:35:45.534 AM]: Connection[id: 5312cc0d-315f-476e-a580-5f9d19d4d186] additional details: passcode in password is provided, passcode is not provided, private key is not provided, application: undefined, client name: snowflake-sdk, client version: 2.4.0, retry timeout: 300, private key path: undefined, private key pass is not provided, client store temporary credential: false, browser response timeout: 120000"}
{"level":"INFO","message":"[10:35:45.535 AM]: Connection[id: 5312cc0d-315f-476e-a580-5f9d19d4d186] - connection object created successfully."}
{"level":"INFO","message":"[10:35:45.535 AM]: Connection[id: 5312cc0d-315f-476e-a580-5f9d19d4d186] - async connecting. Associated Snowflake domain: GLOBAL"}
{"level":"INFO","message":"[10:35:45.535 AM]: Trying to initialize Easy Logging"}
{"level":"INFO","message":"[10:35:45.536 AM]: No client config detected."}
{"level":"INFO","message":"[10:35:45.536 AM]: No config file path found. Client config will not be used."}
{"level":"INFO","message":"[10:35:45.536 AM]: Easy Logging is disabled as no config has been found"}
{"level":"INFO","message":"[10:35:45.536 AM]: Connection[id: 5312cc0d-315f-476e-a580-5f9d19d4d186] - authentication successful using: SNOWFLAKE"}
{"level":"INFO","message":"[10:35:46.895 AM]: Connection[id: 5312cc0d-315f-476e-a580-5f9d19d4d186] - connection established successfully after 1360.27 milliseconds"}
{"level":"INFO","message":"[10:35:56.541 AM]: Creating new connection object"}
{"level":"INFO","message":"[10:35:56.548 AM]: Creating Connection[id: 1dbdf088-d09e-4a82-9fab-23b1ec102e15] with host: udnznon-atscalepartner.snowflakecomputing.com, account: udnznon-atscalepartner, accessUrl: https://udnznon-atscalepartner.snowflakecomputing.com, user: atscale_cli, role: ACCOUNTADMIN, database: SE_DEMO_LIBRARY, schema: AS_ADVENTURE, warehouse: SE_DEMO_JM_MEDIUM, proxy was not configured, password is provided, region: undefined, authenticator: SNOWFLAKE, ocsp mode: FAIL_OPEN, os: darwin, os version: 25.5.0"}
{"level":"INFO","message":"[10:35:56.549 AM]: Connection[id: 1dbdf088-d09e-4a82-9fab-23b1ec102e15] additional details: passcode in password is provided, passcode is not provided, private key is not provided, application: undefined, client name: snowflake-sdk, client version: 2.4.0, retry timeout: 300, private key path: undefined, private key pass is not provided, client store temporary credential: false, browser response timeout: 120000"}
{"level":"INFO","message":"[10:35:56.549 AM]: Connection[id: 1dbdf088-d09e-4a82-9fab-23b1ec102e15] - connection object created successfully."}
{"level":"INFO","message":"[10:35:56.549 AM]: Connection[id: 1dbdf088-d09e-4a82-9fab-23b1ec102e15] - async connecting. Associated Snowflake domain: GLOBAL"}
{"level":"INFO","message":"[10:35:56.549 AM]: Trying to initialize Easy Logging"}
{"level":"INFO","message":"[10:35:56.550 AM]: No client config detected."}
{"level":"INFO","message":"[10:35:56.551 AM]: No config file path found. Client config will not be used."}
{"level":"INFO","message":"[10:35:56.551 AM]: Easy Logging is disabled as no config has been found"}
{"level":"INFO","message":"[10:35:56.552 AM]: Connection[id: 1dbdf088-d09e-4a82-9fab-23b1ec102e15] - authentication successful using: SNOWFLAKE"}
{"level":"INFO","message":"[10:35:57.650 AM]: Connection[id: 1dbdf088-d09e-4a82-9fab-23b1ec102e15] - connection established successfully after 1101.03 milliseconds"}
{"level":"INFO","message":"[10:36:16.873 AM]: Creating new connection object"}
{"level":"INFO","message":"[10:36:16.882 AM]: Creating Connection[id: 6170619b-6a5e-40f1-a564-3844f6e94f97] with host: udnznon-atscalepartner.snowflakecomputing.com, account: udnznon-atscalepartner, accessUrl: https://udnznon-atscalepartner.snowflakecomputing.com, user: atscale_cli, role: ACCOUNTADMIN, database: SE_DEMO_LIBRARY, schema: AS_ADVENTURE, warehouse: SE_DEMO_JM_MEDIUM, proxy was not configured, password is provided, region: undefined, authenticator: SNOWFLAKE, ocsp mode: FAIL_OPEN, os: darwin, os version: 25.5.0"}
{"level":"INFO","message":"[10:36:16.882 AM]: Connection[id: 6170619b-6a5e-40f1-a564-3844f6e94f97] additional details: passcode in password is provided, passcode is not provided, private key is not provided, application: undefined, client name: snowflake-sdk, client version: 2.4.0, retry timeout: 300, private key path: undefined, private key pass is not provided, client store temporary credential: false, browser response timeout: 120000"}
{"level":"INFO","message":"[10:36:16.883 AM]: Connection[id: 6170619b-6a5e-40f1-a564-3844f6e94f97] - connection object created successfully."}
{"level":"INFO","message":"[10:36:16.883 AM]: Connection[id: 6170619b-6a5e-40f1-a564-3844f6e94f97] - async connecting. Associated Snowflake domain: GLOBAL"}
{"level":"INFO","message":"[10:36:16.883 AM]: Trying to initialize Easy Logging"}
{"level":"INFO","message":"[10:36:16.884 AM]: No client config detected."}
{"level":"INFO","message":"[10:36:16.884 AM]: No config file path found. Client config will not be used."}
{"level":"INFO","message":"[10:36:16.884 AM]: Easy Logging is disabled as no config has been found"}
{"level":"INFO","message":"[10:36:16.884 AM]: Connection[id: 6170619b-6a5e-40f1-a564-3844f6e94f97] - authentication successful using: SNOWFLAKE"}
{"level":"INFO","message":"[10:36:17.944 AM]: Connection[id: 6170619b-6a5e-40f1-a564-3844f6e94f97] - connection established successfully after 1061.33 milliseconds"}
{"level":"INFO","message":"[10:36:23.033 AM]: Creating new connection object"}
{"level":"INFO","message":"[10:36:23.038 AM]: Creating Connection[id: b6d8ff73-fdd8-4934-b69f-54cca57f10df] with host: udnznon-atscalepartner.snowflakecomputing.com, account: udnznon-atscalepartner, accessUrl: https://udnznon-atscalepartner.snowflakecomputing.com, user: atscale_cli, role: ACCOUNTADMIN, database: SE_DEMO_LIBRARY, schema: AS_ADVENTURE, warehouse: SE_DEMO_JM_MEDIUM, proxy was not configured, password is provided, region: undefined, authenticator: SNOWFLAKE, ocsp mode: FAIL_OPEN, os: darwin, os version: 25.5.0"}
{"level":"INFO","message":"[10:36:23.038 AM]: Connection[id: b6d8ff73-fdd8-4934-b69f-54cca57f10df] additional details: passcode in password is provided, passcode is not provided, private key is not provided, application: undefined, client name: snowflake-sdk, client version: 2.4.0, retry timeout: 300, private key path: undefined, private key pass is not provided, client store temporary credential: false, browser response timeout: 120000"}
{"level":"INFO","message":"[10:36:23.039 AM]: Connection[id: b6d8ff73-fdd8-4934-b69f-54cca57f10df] - connection object created successfully."}
{"level":"INFO","message":"[10:36:23.039 AM]: Connection[id: b6d8ff73-fdd8-4934-b69f-54cca57f10df] - async connecting. Associated Snowflake domain: GLOBAL"}
{"level":"INFO","message":"[10:36:23.039 AM]: Trying to initialize Easy Logging"}
{"level":"INFO","message":"[10:36:23.042 AM]: No client config detected."}
{"level":"INFO","message":"[10:36:23.042 AM]: No config file path found. Client config will not be used."}
{"level":"INFO","message":"[10:36:23.042 AM]: Easy Logging is disabled as no config has been found"}
{"level":"INFO","message":"[10:36:23.043 AM]: Connection[id: b6d8ff73-fdd8-4934-b69f-54cca57f10df] - authentication successful using: SNOWFLAKE"}
{"level":"INFO","message":"[10:36:24.172 AM]: Connection[id: b6d8ff73-fdd8-4934-b69f-54cca57f10df] - connection established successfully after 1133.24 milliseconds"}
{"level":"INFO","message":"[10:36:31.152 AM]: Creating new connection object"}
{"level":"INFO","message":"[10:36:31.156 AM]: Creating Connection[id: c9739d92-2e37-48c8-915c-47bce8a42fcc] with host: udnznon-atscalepartner.snowflakecomputing.com, account: udnznon-atscalepartner, accessUrl: https://udnznon-atscalepartner.snowflakecomputing.com, user: atscale_cli, role: ACCOUNTADMIN, database: SE_DEMO_LIBRARY, schema: AS_ADVENTURE, warehouse: SE_DEMO_JM_MEDIUM, proxy was not configured, password is provided, region: undefined, authenticator: SNOWFLAKE, ocsp mode: FAIL_OPEN, os: darwin, os version: 25.5.0"}
{"level":"INFO","message":"[10:36:31.156 AM]: Connection[id: c9739d92-2e37-48c8-915c-47bce8a42fcc] additional details: passcode in password is provided, passcode is not provided, private key is not provided, application: undefined, client name: snowflake-sdk, client version: 2.4.0, retry timeout: 300, private key path: undefined, private key pass is not provided, client store temporary credential: false, browser response timeout: 120000"}
{"level":"INFO","message":"[10:36:31.156 AM]: Connection[id: c9739d92-2e37-48c8-915c-47bce8a42fcc] - connection object created successfully."}
{"level":"INFO","message":"[10:36:31.156 AM]: Connection[id: c9739d92-2e37-48c8-915c-47bce8a42fcc] - async connecting. Associated Snowflake domain: GLOBAL"}
{"level":"INFO","message":"[10:36:31.156 AM]: Trying to initialize Easy Logging"}
{"level":"INFO","message":"[10:36:31.157 AM]: No client config detected."}
{"level":"INFO","message":"[10:36:31.157 AM]: No config file path found. Client config will not be used."}
{"level":"INFO","message":"[10:36:31.157 AM]: Easy Logging is disabled as no config has been found"}
{"level":"INFO","message":"[10:36:31.157 AM]: Connection[id: c9739d92-2e37-48c8-915c-47bce8a42fcc] - authentication successful using: SNOWFLAKE"}
{"level":"INFO","message":"[10:36:32.263 AM]: Connection[id: c9739d92-2e37-48c8-915c-47bce8a42fcc] - connection established successfully after 1107.08 milliseconds"}
{"level":"INFO","message":"[10:36:42.935 AM]: Creating new connection object"}
{"level":"INFO","message":"[10:36:42.941 AM]: Creating Connection[id: d2312a24-4db7-4a66-bf84-61e9f2d59598] with host: udnznon-atscalepartner.snowflakecomputing.com, account: udnznon-atscalepartner, accessUrl: https://udnznon-atscalepartner.snowflakecomputing.com, user: atscale_cli, role: ACCOUNTADMIN, database: SE_DEMO_LIBRARY, schema: AS_ADVENTURE, warehouse: SE_DEMO_JM_MEDIUM, proxy was not configured, password is provided, region: undefined, authenticator: SNOWFLAKE, ocsp mode: FAIL_OPEN, os: darwin, os version: 25.5.0"}
{"level":"INFO","message":"[10:36:42.942 AM]: Connection[id: d2312a24-4db7-4a66-bf84-61e9f2d59598] additional details: passcode in password is provided, passcode is not provided, private key is not provided, application: undefined, client name: snowflake-sdk, client version: 2.4.0, retry timeout: 300, private key path: undefined, private key pass is not provided, client store temporary credential: false, browser response timeout: 120000"}
{"level":"INFO","message":"[10:36:42.942 AM]: Connection[id: d2312a24-4db7-4a66-bf84-61e9f2d59598] - connection object created successfully."}
{"level":"INFO","message":"[10:36:42.942 AM]: Connection[id: d2312a24-4db7-4a66-bf84-61e9f2d59598] - async connecting. Associated Snowflake domain: GLOBAL"}
{"level":"INFO","message":"[10:36:42.942 AM]: Trying to initialize Easy Logging"}
{"level":"INFO","message":"[10:36:42.943 AM]: No client config detected."}
{"level":"INFO","message":"[10:36:42.943 AM]: No config file path found. Client config will not be used."}
{"level":"INFO","message":"[10:36:42.943 AM]: Easy Logging is disabled as no config has been found"}
{"level":"INFO","message":"[10:36:42.944 AM]: Connection[id: d2312a24-4db7-4a66-bf84-61e9f2d59598] - authentication successful using: SNOWFLAKE"}
{"level":"INFO","message":"[10:36:44.139 AM]: Connection[id: d2312a24-4db7-4a66-bf84-61e9f2d59598] - connection established successfully after 1197.23 milliseconds"}
{"level":"INFO","message":"[10:36:49.984 AM]: Creating new connection object"}
{"level":"INFO","message":"[10:36:49.989 AM]: Creating Connection[id: 1a2e78ef-125f-41da-b1b6-37cb2c82db24] with host: udnznon-atscalepartner.snowflakecomputing.com, account: udnznon-atscalepartner, accessUrl: https://udnznon-atscalepartner.snowflakecomputing.com, user: atscale_cli, role: ACCOUNTADMIN, database: SE_DEMO_LIBRARY, schema: AS_ADVENTURE, warehouse: SE_DEMO_JM_MEDIUM, proxy was not configured, password is provided, region: undefined, authenticator: SNOWFLAKE, ocsp mode: FAIL_OPEN, os: darwin, os version: 25.5.0"}
{"level":"INFO","message":"[10:36:49.990 AM]: Connection[id: 1a2e78ef-125f-41da-b1b6-37cb2c82db24] additional details: passcode in password is provided, passcode is not provided, private key is not provided, application: undefined, client name: snowflake-sdk, client version: 2.4.0, retry timeout: 300, private key path: undefined, private key pass is not provided, client store temporary credential: false, browser response timeout: 120000"}
{"level":"INFO","message":"[10:36:49.990 AM]: Connection[id: 1a2e78ef-125f-41da-b1b6-37cb2c82db24] - connection object created successfully."}
{"level":"INFO","message":"[10:36:49.990 AM]: Connection[id: 1a2e78ef-125f-41da-b1b6-37cb2c82db24] - async connecting. Associated Snowflake domain: GLOBAL"}
{"level":"INFO","message":"[10:36:49.990 AM]: Trying to initialize Easy Logging"}
{"level":"INFO","message":"[10:36:49.991 AM]: No client config detected."}
{"level":"INFO","message":"[10:36:49.992 AM]: No config file path found. Client config will not be used."}
{"level":"INFO","message":"[10:36:49.992 AM]: Easy Logging is disabled as no config has been found"}
{"level":"INFO","message":"[10:36:49.992 AM]: Connection[id: 1a2e78ef-125f-41da-b1b6-37cb2c82db24] - authentication successful using: SNOWFLAKE"}
{"level":"INFO","message":"[10:36:50.988 AM]: Connection[id: 1a2e78ef-125f-41da-b1b6-37cb2c82db24] - connection established successfully after 997.32 milliseconds"}
{"level":"INFO","message":"[10:37:08.558 AM]: Creating new connection object"}
{"level":"INFO","message":"[10:37:08.565 AM]: Creating Connection[id: b196b039-3298-4786-bbf0-72f2aea00581] with host: udnznon-atscalepartner.snowflakecomputing.com, account: udnznon-atscalepartner, accessUrl: https://udnznon-atscalepartner.snowflakecomputing.com, user: atscale_cli, role: ACCOUNTADMIN, database: SE_DEMO_LIBRARY, schema: AS_ADVENTURE, warehouse: SE_DEMO_JM_MEDIUM, proxy was not configured, password is provided, region: undefined, authenticator: SNOWFLAKE, ocsp mode: FAIL_OPEN, os: darwin, os version: 25.5.0"}
{"level":"INFO","message":"[10:37:08.565 AM]: Connection[id: b196b039-3298-4786-bbf0-72f2aea00581] additional details: passcode in password is provided, passcode is not provided, private key is not provided, application: undefined, client name: snowflake-sdk, client version: 2.4.0, retry timeout: 300, private key path: undefined, private key pass is not provided, client store temporary credential: false, browser response timeout: 120000"}
{"level":"INFO","message":"[10:37:08.565 AM]: Connection[id: b196b039-3298-4786-bbf0-72f2aea00581] - connection object created successfully."}
{"level":"INFO","message":"[10:37:08.565 AM]: Connection[id: b196b039-3298-4786-bbf0-72f2aea00581] - async connecting. Associated Snowflake domain: GLOBAL"}
{"level":"INFO","message":"[10:37:08.565 AM]: Trying to initialize Easy Logging"}
{"level":"INFO","message":"[10:37:08.566 AM]: No client config detected."}
{"level":"INFO","message":"[10:37:08.566 AM]: No config file path found. Client config will not be used."}
{"level":"INFO","message":"[10:37:08.566 AM]: Easy Logging is disabled as no config has been found"}
{"level":"INFO","message":"[10:37:08.567 AM]: Connection[id: b196b039-3298-4786-bbf0-72f2aea00581] - authentication successful using: SNOWFLAKE"}
{"level":"INFO","message":"[10:37:09.823 AM]: Connection[id: b196b039-3298-4786-bbf0-72f2aea00581] - connection established successfully after 1257.31 milliseconds"}
{"level":"INFO","message":"[10:37:15.315 AM]: Creating new connection object"}
{"level":"INFO","message":"[10:37:15.320 AM]: Creating Connection[id: d4c3563a-f19e-4ad6-a1a3-a2cba09971bd] with host: udnznon-atscalepartner.snowflakecomputing.com, account: udnznon-atscalepartner, accessUrl: https://udnznon-atscalepartner.snowflakecomputing.com, user: atscale_cli, role: ACCOUNTADMIN, database: SE_DEMO_LIBRARY, schema: AS_ADVENTURE, warehouse: SE_DEMO_JM_MEDIUM, proxy was not configured, password is provided, region: undefined, authenticator: SNOWFLAKE, ocsp mode: FAIL_OPEN, os: darwin, os version: 25.5.0"}
{"level":"INFO","message":"[10:37:15.320 AM]: Connection[id: d4c3563a-f19e-4ad6-a1a3-a2cba09971bd] additional details: passcode in password is provided, passcode is not provided, private key is not provided, application: undefined, client name: snowflake-sdk, client version: 2.4.0, retry timeout: 300, private key path: undefined, private key pass is not provided, client store temporary credential: false, browser response timeout: 120000"}
{"level":"INFO","message":"[10:37:15.321 AM]: Connection[id: d4c3563a-f19e-4ad6-a1a3-a2cba09971bd] - connection object created successfully."}
{"level":"INFO","message":"[10:37:15.321 AM]: Connection[id: d4c3563a-f19e-4ad6-a1a3-a2cba09971bd] - async connecting. Associated Snowflake domain: GLOBAL"}
{"level":"INFO","message":"[10:37:15.321 AM]: Trying to initialize Easy Logging"}
{"level":"INFO","message":"[10:37:15.322 AM]: No client config detected."}
{"level":"INFO","message":"[10:37:15.322 AM]: No config file path found. Client config will not be used."}
{"level":"INFO","message":"[10:37:15.322 AM]: Easy Logging is disabled as no config has been found"}
{"level":"INFO","message":"[10:37:15.323 AM]: Connection[id: d4c3563a-f19e-4ad6-a1a3-a2cba09971bd] - authentication successful using: SNOWFLAKE"}
{"level":"INFO","message":"[10:37:16.396 AM]: Connection[id: d4c3563a-f19e-4ad6-a1a3-a2cba09971bd] - connection established successfully after 1074.93 milliseconds"}
{"level":"INFO","message":"[10:37:16.963 AM]: Creating new connection object"}
{"level":"INFO","message":"[10:37:16.970 AM]: Creating Connection[id: 9b3f0801-55b7-438c-80a1-747e02017716] with host: udnznon-atscalepartner.snowflakecomputing.com, account: udnznon-atscalepartner, accessUrl: https://udnznon-atscalepartner.snowflakecomputing.com, user: atscale_cli, role: ACCOUNTADMIN, database: SE_DEMO_LIBRARY, schema: AS_ADVENTURE, warehouse: SE_DEMO_JM_MEDIUM, proxy was not configured, password is provided, region: undefined, authenticator: SNOWFLAKE, ocsp mode: FAIL_OPEN, os: darwin, os version: 25.5.0"}
{"level":"INFO","message":"[10:37:16.970 AM]: Connection[id: 9b3f0801-55b7-438c-80a1-747e02017716] additional details: passcode in password is provided, passcode is not provided, private key is not provided, application: undefined, client name: snowflake-sdk, client version: 2.4.0, retry timeout: 300, private key path: undefined, private key pass is not provided, client store temporary credential: false, browser response timeout: 120000"}
{"level":"INFO","message":"[10:37:16.970 AM]: Connection[id: 9b3f0801-55b7-438c-80a1-747e02017716] - connection object created successfully."}
{"level":"INFO","message":"[10:37:16.970 AM]: Connection[id: 9b3f0801-55b7-438c-80a1-747e02017716] - async connecting. Associated Snowflake domain: GLOBAL"}
{"level":"INFO","message":"[10:37:16.970 AM]: Trying to initialize Easy Logging"}
{"level":"INFO","message":"[10:37:16.971 AM]: No client config detected."}
{"level":"INFO","message":"[10:37:16.972 AM]: No config file path found. Client config will not be used."}
{"level":"INFO","message":"[10:37:16.972 AM]: Easy Logging is disabled as no config has been found"}
{"level":"INFO","message":"[10:37:16.972 AM]: Connection[id: 9b3f0801-55b7-438c-80a1-747e02017716] - authentication successful using: SNOWFLAKE"}
{"level":"INFO","message":"[10:37:18.032 AM]: Connection[id: 9b3f0801-55b7-438c-80a1-747e02017716] - connection established successfully after 1061.99 milliseconds"}
{"level":"INFO","message":"[10:37:29.197 AM]: Creating new connection object"}
{"level":"INFO","message":"[10:37:29.203 AM]: Creating Connection[id: 545f29d9-c274-4881-8700-0fc0b38a7435] with host: udnznon-atscalepartner.snowflakecomputing.com, account: udnznon-atscalepartner, accessUrl: https://udnznon-atscalepartner.snowflakecomputing.com, user: atscale_cli, role: ACCOUNTADMIN, database: SE_DEMO_LIBRARY, schema: AS_ADVENTURE, warehouse: SE_DEMO_JM_MEDIUM, proxy was not configured, password is provided, region: undefined, authenticator: SNOWFLAKE, ocsp mode: FAIL_OPEN, os: darwin, os version: 25.5.0"}
{"level":"INFO","message":"[10:37:29.203 AM]: Connection[id: 545f29d9-c274-4881-8700-0fc0b38a7435] additional details: passcode in password is provided, passcode is not provided, private key is not provided, application: undefined, client name: snowflake-sdk, client version: 2.4.0, retry timeout: 300, private key path: undefined, private key pass is not provided, client store temporary credential: false, browser response timeout: 120000"}
{"level":"INFO","message":"[10:37:29.204 AM]: Connection[id: 545f29d9-c274-4881-8700-0fc0b38a7435] - connection object created successfully."}
{"level":"INFO","message":"[10:37:29.204 AM]: Connection[id: 545f29d9-c274-4881-8700-0fc0b38a7435] - async connecting. Associated Snowflake domain: GLOBAL"}
{"level":"INFO","message":"[10:37:29.204 AM]: Trying to initialize Easy Logging"}
{"level":"INFO","message":"[10:37:29.205 AM]: No client config detected."}
{"level":"INFO","message":"[10:37:29.205 AM]: No config file path found. Client config will not be used."}
{"level":"INFO","message":"[10:37:29.205 AM]: Easy Logging is disabled as no config has been found"}
{"level":"INFO","message":"[10:37:29.205 AM]: Connection[id: 545f29d9-c274-4881-8700-0fc0b38a7435] - authentication successful using: SNOWFLAKE"}
{"level":"INFO","message":"[10:37:30.424 AM]: Connection[id: 545f29d9-c274-4881-8700-0fc0b38a7435] - connection established successfully after 1220.3 milliseconds"}
{"level":"INFO","message":"[10:39:12.678 AM]: Creating new connection object"}
{"level":"INFO","message":"[10:39:12.684 AM]: Creating Connection[id: c5580f7a-e7ce-4435-8a5a-8c7bbdc6a99e] with host: udnznon-atscalepartner.snowflakecomputing.com, account: udnznon-atscalepartner, accessUrl: https://udnznon-atscalepartner.snowflakecomputing.com, user: atscale_cli, role: ACCOUNTADMIN, database: SE_DEMO_LIBRARY, schema: AS_ADVENTURE, warehouse: SE_DEMO_JM_MEDIUM, proxy was not configured, password is provided, region: undefined, authenticator: SNOWFLAKE, ocsp mode: FAIL_OPEN, os: darwin, os version: 25.5.0"}
{"level":"INFO","message":"[10:39:12.684 AM]: Connection[id: c5580f7a-e7ce-4435-8a5a-8c7bbdc6a99e] additional details: passcode in password is provided, passcode is not provided, private key is not provided, application: undefined, client name: snowflake-sdk, client version: 2.4.0, retry timeout: 300, private key path: undefined, private key pass is not provided, client store temporary credential: false, browser response timeout: 120000"}
{"level":"INFO","message":"[10:39:12.684 AM]: Connection[id: c5580f7a-e7ce-4435-8a5a-8c7bbdc6a99e] - connection object created successfully."}
{"level":"INFO","message":"[10:39:12.684 AM]: Connection[id: c5580f7a-e7ce-4435-8a5a-8c7bbdc6a99e] - async connecting. Associated Snowflake domain: GLOBAL"}
{"level":"INFO","message":"[10:39:12.685 AM]: Trying to initialize Easy Logging"}
{"level":"INFO","message":"[10:39:12.686 AM]: No client config detected."}
{"level":"INFO","message":"[10:39:12.686 AM]: No config file path found. Client config will not be used."}
{"level":"INFO","message":"[10:39:12.686 AM]: Easy Logging is disabled as no config has been found"}
{"level":"INFO","message":"[10:39:12.686 AM]: Connection[id: c5580f7a-e7ce-4435-8a5a-8c7bbdc6a99e] - authentication successful using: SNOWFLAKE"}
{"level":"INFO","message":"[10:39:13.750 AM]: Connection[id: c5580f7a-e7ce-4435-8a5a-8c7bbdc6a99e] - connection established successfully after 1065.39 milliseconds"}
{"level":"INFO","message":"[10:44:25.187 AM]: Creating new connection object"}
{"level":"INFO","message":"[10:44:25.194 AM]: Creating Connection[id: 090ff9ae-b330-4167-89ef-528331a2eb43] with host: udnznon-atscalepartner.snowflakecomputing.com, account: udnznon-atscalepartner, accessUrl: https://udnznon-atscalepartner.snowflakecomputing.com, user: atscale_cli, role: ACCOUNTADMIN, database: SE_DEMO_LIBRARY, schema: AS_ADVENTURE, warehouse: SE_DEMO_JM_MEDIUM, proxy was not configured, password is provided, region: undefined, authenticator: SNOWFLAKE, ocsp mode: FAIL_OPEN, os: darwin, os version: 25.5.0"}
{"level":"INFO","message":"[10:44:25.194 AM]: Connection[id: 090ff9ae-b330-4167-89ef-528331a2eb43] additional details: passcode in password is provided, passcode is not provided, private key is not provided, application: undefined, client name: snowflake-sdk, client version: 2.4.0, retry timeout: 300, private key path: undefined, private key pass is not provided, client store temporary credential: false, browser response timeout: 120000"}
{"level":"INFO","message":"[10:44:25.194 AM]: Connection[id: 090ff9ae-b330-4167-89ef-528331a2eb43] - connection object created successfully."}
{"level":"INFO","message":"[10:44:25.194 AM]: Connection[id: 090ff9ae-b330-4167-89ef-528331a2eb43] - async connecting. Associated Snowflake domain: GLOBAL"}
{"level":"INFO","message":"[10:44:25.194 AM]: Trying to initialize Easy Logging"}
{"level":"INFO","message":"[10:44:25.195 AM]: No client config detected."}
{"level":"INFO","message":"[10:44:25.195 AM]: No config file path found. Client config will not be used."}
{"level":"INFO","message":"[10:44:25.195 AM]: Easy Logging is disabled as no config has been found"}
{"level":"INFO","message":"[10:44:25.195 AM]: Connection[id: 090ff9ae-b330-4167-89ef-528331a2eb43] - authentication successful using: SNOWFLAKE"}
{"level":"INFO","message":"[10:44:26.397 AM]: Connection[id: 090ff9ae-b330-4167-89ef-528331a2eb43] - connection established successfully after 1202.64 milliseconds"}
{"level":"INFO","message":"[12:56:29.488 PM]: Creating new connection object"}
{"level":"INFO","message":"[12:56:29.497 PM]: Creating Connection[id: 06087412-4a28-4921-9621-69f44f5185b1] with host: ck01391.snowflakecomputing.com, account: ck01391, accessUrl: https://ck01391.snowflakecomputing.com, user: JAVIER.MORALES@ATSCALE.COM, role: ACCOUNTADMIN, database: SE_DEMO_LIBRARY, schema: AS_ADVENTURE, warehouse: SE_DEMO_JM_MEDIUM, proxy was not configured, password is not provided, region: undefined, authenticator: SNOWFLAKE_JWT, ocsp mode: FAIL_OPEN, os: darwin, os version: 25.5.0"}
{"level":"INFO","message":"[12:56:29.497 PM]: Connection[id: 06087412-4a28-4921-9621-69f44f5185b1] additional details: passcode in password is provided, passcode is not provided, private key is provided, application: undefined, client name: snowflake-sdk, client version: 2.4.0, retry timeout: 300, private key path: undefined, private key pass is not provided, client store temporary credential: false, browser response timeout: 120000"}
{"level":"INFO","message":"[12:56:29.497 PM]: Connection[id: 06087412-4a28-4921-9621-69f44f5185b1] - connection object created successfully."}
{"level":"INFO","message":"[12:56:29.498 PM]: Connection[id: 06087412-4a28-4921-9621-69f44f5185b1] - async connecting. Associated Snowflake domain: GLOBAL"}
{"level":"INFO","message":"[12:56:29.498 PM]: Trying to initialize Easy Logging"}
{"level":"INFO","message":"[12:56:29.501 PM]: No client config detected."}
{"level":"INFO","message":"[12:56:29.501 PM]: No config file path found. Client config will not be used."}
{"level":"INFO","message":"[12:56:29.501 PM]: Easy Logging is disabled as no config has been found"}
{"level":"INFO","message":"[12:56:29.503 PM]: Connection[id: 06087412-4a28-4921-9621-69f44f5185b1] - authentication successful using: SNOWFLAKE_JWT"}
{"level":"ERROR","message":"[12:56:30.251 PM]: Connection[id: 06087412-4a28-4921-9621-69f44f5185b1] - connection failed after 752.84 milliseconds. Error: Request to Snowflake failed."}
{"level":"INFO","message":"[12:57:37.630 PM]: Creating new connection object"}
{"level":"INFO","message":"[12:57:37.637 PM]: Creating Connection[id: b7eac0a1-4017-4592-a30a-ac8e5cb8fe63] with host: udnznon-atscalepartner.snowflakecomputing.com, account: ck01391, accessUrl: https://udnznon-atscalepartner.snowflakecomputing.com, user: JAVIER.MORALES@ATSCALE.COM, role: ACCOUNTADMIN, database: SE_DEMO_LIBRARY, schema: AS_ADVENTURE, warehouse: SE_DEMO_JM_MEDIUM, proxy was not configured, password is not provided, region: undefined, authenticator: SNOWFLAKE_JWT, ocsp mode: FAIL_OPEN, os: darwin, os version: 25.5.0"}
{"level":"INFO","message":"[12:57:37.637 PM]: Connection[id: b7eac0a1-4017-4592-a30a-ac8e5cb8fe63] additional details: passcode in password is provided, passcode is not provided, private key is provided, application: undefined, client name: snowflake-sdk, client version: 2.4.0, retry timeout: 300, private key path: undefined, private key pass is not provided, client store temporary credential: false, browser response timeout: 120000"}
{"level":"INFO","message":"[12:57:37.637 PM]: Connection[id: b7eac0a1-4017-4592-a30a-ac8e5cb8fe63] - connection object created successfully."}
{"level":"INFO","message":"[12:57:37.637 PM]: Connection[id: b7eac0a1-4017-4592-a30a-ac8e5cb8fe63] - async connecting. Associated Snowflake domain: GLOBAL"}
{"level":"INFO","message":"[12:57:37.638 PM]: Trying to initialize Easy Logging"}
{"level":"INFO","message":"[12:57:37.639 PM]: No client config detected."}
{"level":"INFO","message":"[12:57:37.639 PM]: No config file path found. Client config will not be used."}
{"level":"INFO","message":"[12:57:37.639 PM]: Easy Logging is disabled as no config has been found"}
{"level":"INFO","message":"[12:57:37.641 PM]: Connection[id: b7eac0a1-4017-4592-a30a-ac8e5cb8fe63] - authentication successful using: SNOWFLAKE_JWT"}
{"level":"INFO","message":"[12:57:38.503 PM]: Connection[id: b7eac0a1-4017-4592-a30a-ac8e5cb8fe63] - connection established successfully after 865.25 milliseconds"}
{"level":"INFO","message":"[1:00:44.930 PM]: Creating new connection object"}
{"level":"INFO","message":"[1:00:44.936 PM]: Creating Connection[id: 400b70e5-d905-44c8-8979-455012c07d6f] with host: udnznon-atscalepartner.snowflakecomputing.com, account: ck01391, accessUrl: https://udnznon-atscalepartner.snowflakecomputing.com, user: JAVIER.MORALES@ATSCALE.COM, role: ACCOUNTADMIN, database: SE_DEMO_LIBRARY, schema: AS_ADVENTURE, warehouse: SE_DEMO_JM_MEDIUM, proxy was not configured, password is not provided, region: undefined, authenticator: SNOWFLAKE_JWT, ocsp mode: FAIL_OPEN, os: darwin, os version: 25.5.0"}
{"level":"INFO","message":"[1:00:44.936 PM]: Connection[id: 400b70e5-d905-44c8-8979-455012c07d6f] additional details: passcode in password is provided, passcode is not provided, private key is provided, application: undefined, client name: snowflake-sdk, client version: 2.4.0, retry timeout: 300, private key path: undefined, private key pass is not provided, client store temporary credential: false, browser response timeout: 120000"}
{"level":"INFO","message":"[1:00:44.936 PM]: Connection[id: 400b70e5-d905-44c8-8979-455012c07d6f] - connection object created successfully."}
{"level":"INFO","message":"[1:00:44.937 PM]: Connection[id: 400b70e5-d905-44c8-8979-455012c07d6f] - async connecting. Associated Snowflake domain: GLOBAL"}
{"level":"INFO","message":"[1:00:44.937 PM]: Trying to initialize Easy Logging"}
{"level":"INFO","message":"[1:00:44.939 PM]: No client config detected."}
{"level":"INFO","message":"[1:00:44.939 PM]: No config file path found. Client config will not be used."}
{"level":"INFO","message":"[1:00:44.939 PM]: Easy Logging is disabled as no config has been found"}
{"level":"INFO","message":"[1:00:44.942 PM]: Connection[id: 400b70e5-d905-44c8-8979-455012c07d6f] - authentication successful using: SNOWFLAKE_JWT"}
{"level":"INFO","message":"[1:00:45.563 PM]: Connection[id: 400b70e5-d905-44c8-8979-455012c07d6f] - connection established successfully after 626.02 milliseconds"}
{"level":"WARN","message":"[1:00:55.360 PM]: Query result precision loss detected when converting 3.54185858585859e+35 to a JavaScript Number.\n\nFetch as string or BigInt instead:\nhttps://docs.snowflake.com/en/developer-guide/node-js/nodejs-driver-consume#fetching-integer-data-types-as-bigint\nhttps://docs.snowflake.com/en/developer-guide/node-js/nodejs-driver-consume#fetching-data-types-as-strings\n\nThis will throw an error in future driver versions."}
{"level":"WARN","message":"[1:00:55.360 PM]: Query result precision loss detected when converting 3.54185858585859e+35 to a JavaScript Number.\n\nFetch as string or BigInt instead:\nhttps://docs.snowflake.com/en/developer-guide/node-js/nodejs-driver-consume#fetching-integer-data-types-as-bigint\nhttps://docs.snowflake.com/en/developer-guide/node-js/nodejs-driver-consume#fetching-data-types-as-strings\n\nThis will throw an error in future driver versions."}
{"level":"WARN","message":"[1:00:55.360 PM]: Query result precision loss detected when converting 3.54185858585859e+35 to a JavaScript Number.\n\nFetch as string or BigInt instead:\nhttps://docs.snowflake.com/en/developer-guide/node-js/nodejs-driver-consume#fetching-integer-data-types-as-bigint\nhttps://docs.snowflake.com/en/developer-guide/node-js/nodejs-driver-consume#fetching-data-types-as-strings\n\nThis will throw an error in future driver versions."}
{"level":"WARN","message":"[1:00:55.361 PM]: Query result precision loss detected when converting 3.34090909090909e+35 to a JavaScript Number.\n\nFetch as string or BigInt instead:\nhttps://docs.snowflake.com/en/developer-guide/node-js/nodejs-driver-consume#fetching-integer-data-types-as-bigint\nhttps://docs.snowflake.com/en/developer-guide/node-js/nodejs-driver-consume#fetching-data-types-as-strings\n\nThis will throw an error in future driver versions."}
{"level":"WARN","message":"[1:00:55.361 PM]: Query result precision loss detected when converting 3.54185858585859e+35 to a JavaScript Number.\n\nFetch as string or BigInt instead:\nhttps://docs.snowflake.com/en/developer-guide/node-js/nodejs-driver-consume#fetching-integer-data-types-as-bigint\nhttps://docs.snowflake.com/en/developer-guide/node-js/nodejs-driver-consume#fetching-data-types-as-strings\n\nThis will throw an error in future driver versions."}
{"level":"WARN","message":"[1:00:55.361 PM]: Query result precision loss detected when converting 3.54185858585859e+35 to a JavaScript Number.\n\nFetch as string or BigInt instead:\nhttps://docs.snowflake.com/en/developer-guide/node-js/nodejs-driver-consume#fetching-integer-data-types-as-bigint\nhttps://docs.snowflake.com/en/developer-guide/node-js/nodejs-driver-consume#fetching-data-types-as-strings\n\nThis will throw an error in future driver versions."}
{"level":"WARN","message":"[1:00:55.361 PM]: Query result precision loss detected when converting 3.36565656565657e+35 to a JavaScript Number.\n\nFetch as string or BigInt instead:\nhttps://docs.snowflake.com/en/developer-guide/node-js/nodejs-driver-consume#fetching-integer-data-types-as-bigint\nhttps://docs.snowflake.com/en/developer-guide/node-js/nodejs-driver-consume#fetching-data-types-as-strings\n\nThis will throw an error in future driver versions."}
{"level":"WARN","message":"[1:00:55.361 PM]: Query result precision loss detected when converting 3.54185858585859e+35 to a JavaScript Number.\n\nFetch as string or BigInt instead:\nhttps://docs.snowflake.com/en/developer-guide/node-js/nodejs-driver-consume#fetching-integer-data-types-as-bigint\nhttps://docs.snowflake.com/en/developer-guide/node-js/nodejs-driver-consume#fetching-data-types-as-strings\n\nThis will throw an error in future driver versions."}
{"level":"WARN","message":"[1:00:55.361 PM]: Query result precision loss detected when converting 2.02830303030303e+35 to a JavaScript Number.\n\nFetch as string or BigInt instead:\nhttps://docs.snowflake.com/en/developer-guide/node-js/nodejs-driver-consume#fetching-integer-data-types-as-bigint\nhttps://docs.snowflake.com/en/developer-guide/node-js/nodejs-driver-consume#fetching-data-types-as-strings\n\nThis will throw an error in future driver versions."}
{"level":"WARN","message":"[1:00:55.361 PM]: Query result precision loss detected when converting 2.1599595959596e+35 to a JavaScript Number.\n\nFetch as string or BigInt instead:\nhttps://docs.snowflake.com/en/developer-guide/node-js/nodejs-driver-consume#fetching-integer-data-types-as-bigint\nhttps://docs.snowflake.com/en/developer-guide/node-js/nodejs-driver-consume#fetching-data-types-as-strings\n\nThis will throw an error in future driver versions."}
{"level":"WARN","message":"[1:00:55.361 PM]: Query result precision loss detected when converting 2.41832323232323e+35 to a JavaScript Number.\n\nFetch as string or BigInt instead:\nhttps://docs.snowflake.com/en/developer-guide/node-js/nodejs-driver-consume#fetching-integer-data-types-as-bigint\nhttps://docs.snowflake.com/en/developer-guide/node-js/nodejs-driver-consume#fetching-data-types-as-strings\n\nThis will throw an error in future driver versions."}
{"level":"WARN","message":"[1:00:55.361 PM]: Query result precision loss detected when converting 2.41832323232323e+35 to a JavaScript Number.\n\nFetch as string or BigInt instead:\nhttps://docs.snowflake.com/en/developer-guide/node-js/nodejs-driver-consume#fetching-integer-data-types-as-bigint\nhttps://docs.snowflake.com/en/developer-guide/node-js/nodejs-driver-consume#fetching-data-types-as-strings\n\nThis will throw an error in future driver versions."}
{"level":"WARN","message":"[1:00:55.361 PM]: Query result precision loss detected when converting 2.1599595959596e+35 to a JavaScript Number.\n\nFetch as string or BigInt instead:\nhttps://docs.snowflake.com/en/developer-guide/node-js/nodejs-driver-consume#fetching-integer-data-types-as-bigint\nhttps://docs.snowflake.com/en/developer-guide/node-js/nodejs-driver-consume#fetching-data-types-as-strings\n\nThis will throw an error in future driver versions."}
{"level":"WARN","message":"[1:00:55.361 PM]: Query result precision loss detected when converting 2.1599595959596e+35 to a JavaScript Number.\n\nFetch as string or BigInt instead:\nhttps://docs.snowflake.com/en/developer-guide/node-js/nodejs-driver-consume#fetching-integer-data-types-as-bigint\nhttps://docs.snowflake.com/en/developer-guide/node-js/nodejs-driver-consume#fetching-data-types-as-strings\n\nThis will throw an error in future driver versions."}
{"level":"WARN","message":"[1:00:55.361 PM]: Query result precision loss detected when converting 2.1599595959596e+35 to a JavaScript Number.\n\nFetch as string or BigInt instead:\nhttps://docs.snowflake.com/en/developer-guide/node-js/nodejs-driver-consume#fetching-integer-data-types-as-bigint\nhttps://docs.snowflake.com/en/developer-guide/node-js/nodejs-driver-consume#fetching-data-types-as-strings\n\nThis will throw an error in future driver versions."}
{"level":"WARN","message":"[1:00:55.361 PM]: Query result precision loss detected when converting 2.02830303030303e+35 to a JavaScript Number.\n\nFetch as string or BigInt instead:\nhttps://docs.snowflake.com/en/developer-guide/node-js/nodejs-driver-consume#fetching-integer-data-types-as-bigint\nhttps://docs.snowflake.com/en/developer-guide/node-js/nodejs-driver-consume#fetching-data-types-as-strings\n\nThis will throw an error in future driver versions."}
{"level":"WARN","message":"[1:00:55.361 PM]: Query result precision loss detected when converting 2.05008080808081e+35 to a JavaScript Number.\n\nFetch as string or BigInt instead:\nhttps://docs.snowflake.com/en/developer-guide/node-js/nodejs-driver-consume#fetching-integer-data-types-as-bigint\nhttps://docs.snowflake.com/en/developer-guide/node-js/nodejs-driver-consume#fetching-data-types-as-strings\n\nThis will throw an error in future driver versions."}
{"level":"WARN","message":"[1:00:55.361 PM]: Query result precision loss detected when converting 9.8989898989899e+34 to a JavaScript Number.\n\nFetch as string or BigInt instead:\nhttps://docs.snowflake.com/en/developer-guide/node-js/nodejs-driver-consume#fetching-integer-data-types-as-bigint\nhttps://docs.snowflake.com/en/developer-guide/node-js/nodejs-driver-consume#fetching-data-types-as-strings\n\nThis will throw an error in future driver versions."}
{"level":"WARN","message":"[1:00:55.361 PM]: Query result precision loss detected when converting 2.1599595959596e+35 to a JavaScript Number.\n\nFetch as string or BigInt instead:\nhttps://docs.snowflake.com/en/developer-guide/node-js/nodejs-driver-consume#fetching-integer-data-types-as-bigint\nhttps://docs.snowflake.com/en/developer-guide/node-js/nodejs-driver-consume#fetching-data-types-as-strings\n\nThis will throw an error in future driver versions."}
{"level":"WARN","message":"[1:00:55.361 PM]: Query result precision loss detected when converting 9.8989898989899e+34 to a JavaScript Number.\n\nFetch as string or BigInt instead:\nhttps://docs.snowflake.com/en/developer-guide/node-js/nodejs-driver-consume#fetching-integer-data-types-as-bigint\nhttps://docs.snowflake.com/en/developer-guide/node-js/nodejs-driver-consume#fetching-data-types-as-strings\n\nThis will throw an error in future driver versions."}
{"level":"WARN","message":"[1:00:55.362 PM]: Query result precision loss detected when converting 7.75090909090909e+34 to a JavaScript Number.\n\nFetch as string or BigInt instead:\nhttps://docs.snowflake.com/en/developer-guide/node-js/nodejs-driver-consume#fetching-integer-data-types-as-bigint\nhttps://docs.snowflake.com/en/developer-guide/node-js/nodejs-driver-consume#fetching-data-types-as-strings\n\nThis will throw an error in future driver versions."}
{"level":"WARN","message":"[1:00:55.362 PM]: Query result precision loss detected when converting 2.05008080808081e+35 to a JavaScript Number.\n\nFetch as string or BigInt instead:\nhttps://docs.snowflake.com/en/developer-guide/node-js/nodejs-driver-consume#fetching-integer-data-types-as-bigint\nhttps://docs.snowflake.com/en/developer-guide/node-js/nodejs-driver-consume#fetching-data-types-as-strings\n\nThis will throw an error in future driver versions."}
{"level":"WARN","message":"[1:00:55.362 PM]: Query result precision loss detected when converting 7.75090909090909e+34 to a JavaScript Number.\n\nFetch as string or BigInt instead:\nhttps://docs.snowflake.com/en/developer-guide/node-js/nodejs-driver-consume#fetching-integer-data-types-as-bigint\nhttps://docs.snowflake.com/en/developer-guide/node-js/nodejs-driver-consume#fetching-data-types-as-strings\n\nThis will throw an error in future driver versions."}
{"level":"WARN","message":"[1:00:55.362 PM]: Query result precision loss detected when converting 2.41832323232323e+35 to a JavaScript Number.\n\nFetch as string or BigInt instead:\nhttps://docs.snowflake.com/en/developer-guide/node-js/nodejs-driver-consume#fetching-integer-data-types-as-bigint\nhttps://docs.snowflake.com/en/developer-guide/node-js/nodejs-driver-consume#fetching-data-types-as-strings\n\nThis will throw an error in future driver versions."}
{"level":"WARN","message":"[1:00:55.362 PM]: Query result precision loss detected when converting 3.54185858585859e+35 to a JavaScript Number.\n\nFetch as string or BigInt instead:\nhttps://docs.snowflake.com/en/developer-guide/node-js/nodejs-driver-consume#fetching-integer-data-types-as-bigint\nhttps://docs.snowflake.com/en/developer-guide/node-js/nodejs-driver-consume#fetching-data-types-as-strings\n\nThis will throw an error in future driver versions."}
{"level":"WARN","message":"[1:00:55.362 PM]: Query result precision loss detected when converting 3.54185858585859e+35 to a JavaScript Number.\n\nFetch as string or BigInt instead:\nhttps://docs.snowflake.com/en/developer-guide/node-js/nodejs-driver-consume#fetching-integer-data-types-as-bigint\nhttps://docs.snowflake.com/en/developer-guide/node-js/nodejs-driver-consume#fetching-data-types-as-strings\n\nThis will throw an error in future driver versions."}
{"level":"WARN","message":"[1:00:55.362 PM]: Query result precision loss detected when converting 3.54185858585859e+35 to a JavaScript Number.\n\nFetch as string or BigInt instead:\nhttps://docs.snowflake.com/en/developer-guide/node-js/nodejs-driver-consume#fetching-integer-data-types-as-bigint\nhttps://docs.snowflake.com/en/developer-guide/node-js/nodejs-driver-consume#fetching-data-types-as-strings\n\nThis will throw an error in future driver versions."}
{"level":"WARN","message":"[1:00:55.362 PM]: Query result precision loss detected when converting 6.91939393939394e+34 to a JavaScript Number.\n\nFetch as string or BigInt instead:\nhttps://docs.snowflake.com/en/developer-guide/node-js/nodejs-driver-consume#fetching-integer-data-types-as-bigint\nhttps://docs.snowflake.com/en/developer-guide/node-js/nodejs-driver-consume#fetching-data-types-as-strings\n\nThis will throw an error in future driver versions."}
{"level":"WARN","message":"[1:00:55.362 PM]: Query result precision loss detected when converting 3.36565656565657e+35 to a JavaScript Number.\n\nFetch as string or BigInt instead:\nhttps://docs.snowflake.com/en/developer-guide/node-js/nodejs-driver-consume#fetching-integer-data-types-as-bigint\nhttps://docs.snowflake.com/en/developer-guide/node-js/nodejs-driver-consume#fetching-data-types-as-strings\n\nThis will throw an error in future driver versions."}
{"level":"WARN","message":"[1:00:55.362 PM]: Query result precision loss detected when converting 3.54185858585859e+35 to a JavaScript Number.\n\nFetch as string or BigInt instead:\nhttps://docs.snowflake.com/en/developer-guide/node-js/nodejs-driver-consume#fetching-integer-data-types-as-bigint\nhttps://docs.snowflake.com/en/developer-guide/node-js/nodejs-driver-consume#fetching-data-types-as-strings\n\nThis will throw an error in future driver versions."}
{"level":"WARN","message":"[1:00:55.362 PM]: Query result precision loss detected when converting 3.34090909090909e+35 to a JavaScript Number.\n\nFetch as string or BigInt instead:\nhttps://docs.snowflake.com/en/developer-guide/node-js/nodejs-driver-consume#fetching-integer-data-types-as-bigint\nhttps://docs.snowflake.com/en/developer-guide/node-js/nodejs-driver-consume#fetching-data-types-as-strings\n\nThis will throw an error in future driver versions."}
{"level":"WARN","message":"[1:00:55.362 PM]: Query result precision loss detected when converting 3.54185858585859e+35 to a JavaScript Number.\n\nFetch as string or BigInt instead:\nhttps://docs.snowflake.com/en/developer-guide/node-js/nodejs-driver-consume#fetching-integer-data-types-as-bigint\nhttps://docs.snowflake.com/en/developer-guide/node-js/nodejs-driver-consume#fetching-data-types-as-strings\n\nThis will throw an error in future driver versions."}
{"level":"WARN","message":"[1:00:55.362 PM]: Query result precision loss detected when converting 3.54185858585859e+35 to a JavaScript Number.\n\nFetch as string or BigInt instead:\nhttps://docs.snowflake.com/en/developer-guide/node-js/nodejs-driver-consume#fetching-integer-data-types-as-bigint\nhttps://docs.snowflake.com/en/developer-guide/node-js/nodejs-driver-consume#fetching-data-types-as-strings\n\nThis will throw an error in future driver versions."}
{"level":"WARN","message":"[1:00:55.362 PM]: Query result precision loss detected when converting 2.1599595959596e+35 to a JavaScript Number.\n\nFetch as string or BigInt instead:\nhttps://docs.snowflake.com/en/developer-guide/node-js/nodejs-driver-consume#fetching-integer-data-types-as-bigint\nhttps://docs.snowflake.com/en/developer-guide/node-js/nodejs-driver-consume#fetching-data-types-as-strings\n\nThis will throw an error in future driver versions."}
{"level":"WARN","message":"[1:00:55.362 PM]: Query result precision loss detected when converting 9.8989898989899e+34 to a JavaScript Number.\n\nFetch as string or BigInt instead:\nhttps://docs.snowflake.com/en/developer-guide/node-js/nodejs-driver-consume#fetching-integer-data-types-as-bigint\nhttps://docs.snowflake.com/en/developer-guide/node-js/nodejs-driver-consume#fetching-data-types-as-strings\n\nThis will throw an error in future driver versions."}
{"level":"WARN","message":"[1:00:55.362 PM]: Query result precision loss detected when converting 7.75090909090909e+34 to a JavaScript Number.\n\nFetch as string or BigInt instead:\nhttps://docs.snowflake.com/en/developer-guide/node-js/nodejs-driver-consume#fetching-integer-data-types-as-bigint\nhttps://docs.snowflake.com/en/developer-guide/node-js/nodejs-driver-consume#fetching-data-types-as-strings\n\nThis will throw an error in future driver versions."}
{"level":"WARN","message":"[1:00:55.362 PM]: Query result precision loss detected when converting 2.02830303030303e+35 to a JavaScript Number.\n\nFetch as string or BigInt instead:\nhttps://docs.snowflake.com/en/developer-guide/node-js/nodejs-driver-consume#fetching-integer-data-types-as-bigint\nhttps://docs.snowflake.com/en/developer-guide/node-js/nodejs-driver-consume#fetching-data-types-as-strings\n\nThis will throw an error in future driver versions."}
{"level":"WARN","message":"[1:00:55.362 PM]: Query result precision loss detected when converting 7.75090909090909e+34 to a JavaScript Number.\n\nFetch as string or BigInt instead:\nhttps://docs.snowflake.com/en/developer-guide/node-js/nodejs-driver-consume#fetching-integer-data-types-as-bigint\nhttps://docs.snowflake.com/en/developer-guide/node-js/nodejs-driver-consume#fetching-data-types-as-strings\n\nThis will throw an error in future driver versions."}
{"level":"WARN","message":"[1:00:55.362 PM]: Query result precision loss detected when converting 9.8989898989899e+34 to a JavaScript Number.\n\nFetch as string or BigInt instead:\nhttps://docs.snowflake.com/en/developer-guide/node-js/nodejs-driver-consume#fetching-integer-data-types-as-bigint\nhttps://docs.snowflake.com/en/developer-guide/node-js/nodejs-driver-consume#fetching-data-types-as-strings\n\nThis will throw an error in future driver versions."}
{"level":"WARN","message":"[1:00:55.362 PM]: Query result precision loss detected when converting 2.02830303030303e+35 to a JavaScript Number.\n\nFetch as string or BigInt instead:\nhttps://docs.snowflake.com/en/developer-guide/node-js/nodejs-driver-consume#fetching-integer-data-types-as-bigint\nhttps://docs.snowflake.com/en/developer-guide/node-js/nodejs-driver-consume#fetching-data-types-as-strings\n\nThis will throw an error in future driver versions."}
{"level":"WARN","message":"[1:00:55.362 PM]: Query result precision loss detected when converting 2.1599595959596e+35 to a JavaScript Number.\n\nFetch as string or BigInt instead:\nhttps://docs.snowflake.com/en/developer-guide/node-js/nodejs-driver-consume#fetching-integer-data-types-as-bigint\nhttps://docs.snowflake.com/en/developer-guide/node-js/nodejs-driver-consume#fetching-data-types-as-strings\n\nThis will throw an error in future driver versions."}
{"level":"WARN","message":"[1:00:55.362 PM]: Query result precision loss detected when converting 9.8989898989899e+34 to a JavaScript Number.\n\nFetch as string or BigInt instead:\nhttps://docs.snowflake.com/en/developer-guide/node-js/nodejs-driver-consume#fetching-integer-data-types-as-bigint\nhttps://docs.snowflake.com/en/developer-guide/node-js/nodejs-driver-consume#fetching-data-types-as-strings\n\nThis will throw an error in future driver versions."}
{"level":"WARN","message":"[1:00:55.362 PM]: Query result precision loss detected when converting 3.54185858585859e+35 to a JavaScript Number.\n\nFetch as string or BigInt instead:\nhttps://docs.snowflake.com/en/developer-guide/node-js/nodejs-driver-consume#fetching-integer-data-types-as-bigint\nhttps://docs.snowflake.com/en/developer-guide/node-js/nodejs-driver-consume#fetching-data-types-as-strings\n\nThis will throw an error in future driver versions."}
{"level":"WARN","message":"[1:00:55.362 PM]: Query result precision loss detected when converting 3.54185858585859e+35 to a JavaScript Number.\n\nFetch as string or BigInt instead:\nhttps://docs.snowflake.com/en/developer-guide/node-js/nodejs-driver-consume#fetching-integer-data-types-as-bigint\nhttps://docs.snowflake.com/en/developer-guide/node-js/nodejs-driver-consume#fetching-data-types-as-strings\n\nThis will throw an error in future driver versions."}
{"level":"WARN","message":"[1:00:55.362 PM]: Query result precision loss detected when converting 3.54185858585859e+35 to a JavaScript Number.\n\nFetch as string or BigInt instead:\nhttps://docs.snowflake.com/en/developer-guide/node-js/nodejs-driver-consume#fetching-integer-data-types-as-bigint\nhttps://docs.snowflake.com/en/developer-guide/node-js/nodejs-driver-consume#fetching-data-types-as-strings\n\nThis will throw an error in future driver versions."}
{"level":"WARN","message":"[1:00:55.362 PM]: Query result precision loss detected when converting 3.54185858585859e+35 to a JavaScript Number.\n\nFetch as string or BigInt instead:\nhttps://docs.snowflake.com/en/developer-guide/node-js/nodejs-driver-consume#fetching-integer-data-types-as-bigint\nhttps://docs.snowflake.com/en/developer-guide/node-js/nodejs-driver-consume#fetching-data-types-as-strings\n\nThis will throw an error in future driver versions."}
{"level":"WARN","message":"[1:00:55.362 PM]: Query result precision loss detected when converting 6.91939393939394e+34 to a JavaScript Number.\n\nFetch as string or BigInt instead:\nhttps://docs.snowflake.com/en/developer-guide/node-js/nodejs-driver-consume#fetching-integer-data-types-as-bigint\nhttps://docs.snowflake.com/en/developer-guide/node-js/nodejs-driver-consume#fetching-data-types-as-strings\n\nThis will throw an error in future driver versions."}
{"level":"WARN","message":"[1:00:55.362 PM]: Query result precision loss detected when converting 3.54185858585859e+35 to a JavaScript Number.\n\nFetch as string or BigInt instead:\nhttps://docs.snowflake.com/en/developer-guide/node-js/nodejs-driver-consume#fetching-integer-data-types-as-bigint\nhttps://docs.snowflake.com/en/developer-guide/node-js/nodejs-driver-consume#fetching-data-types-as-strings\n\nThis will throw an error in future driver versions."}
{"level":"WARN","message":"[1:00:55.362 PM]: Query result precision loss detected when converting 3.54185858585859e+35 to a JavaScript Number.\n\nFetch as string or BigInt instead:\nhttps://docs.snowflake.com/en/developer-guide/node-js/nodejs-driver-consume#fetching-integer-data-types-as-bigint\nhttps://docs.snowflake.com/en/developer-guide/node-js/nodejs-driver-consume#fetching-data-types-as-strings\n\nThis will throw an error in future driver versions."}
{"level":"WARN","message":"[1:00:55.362 PM]: Query result precision loss detected when converting 3.54185858585859e+35 to a JavaScript Number.\n\nFetch as string or BigInt instead:\nhttps://docs.snowflake.com/en/developer-guide/node-js/nodejs-driver-consume#fetching-integer-data-types-as-bigint\nhttps://docs.snowflake.com/en/developer-guide/node-js/nodejs-driver-consume#fetching-data-types-as-strings\n\nThis will throw an error in future driver versions."}
{"level":"WARN","message":"[1:00:55.362 PM]: Query result precision loss detected when converting 3.54185858585859e+35 to a JavaScript Number.\n\nFetch as string or BigInt instead:\nhttps://docs.snowflake.com/en/developer-guide/node-js/nodejs-driver-consume#fetching-integer-data-types-as-bigint\nhttps://docs.snowflake.com/en/developer-guide/node-js/nodejs-driver-consume#fetching-data-types-as-strings\n\nThis will throw an error in future driver versions."}
{"level":"WARN","message":"[1:00:55.362 PM]: Query result precision loss detected when converting 2.07878787878788e+33 to a JavaScript Number.\n\nFetch as string or BigInt instead:\nhttps://docs.snowflake.com/en/developer-guide/node-js/nodejs-driver-consume#fetching-integer-data-types-as-bigint\nhttps://docs.snowflake.com/en/developer-guide/node-js/nodejs-driver-consume#fetching-data-types-as-strings\n\nThis will throw an error in future driver versions."}
{"level":"WARN","message":"[1:00:55.362 PM]: Query result precision loss detected when converting 3.95959595959596e+32 to a JavaScript Number.\n\nFetch as string or BigInt instead:\nhttps://docs.snowflake.com/en/developer-guide/node-js/nodejs-driver-consume#fetching-integer-data-types-as-bigint\nhttps://docs.snowflake.com/en/developer-guide/node-js/nodejs-driver-consume#fetching-data-types-as-strings\n\nThis will throw an error in future driver versions."}
{"level":"WARN","message":"[1:00:55.363 PM]: Query result precision loss detected when converting 3.46464646464647e+33 to a JavaScript Number.\n\nFetch as string or BigInt instead:\nhttps://docs.snowflake.com/en/developer-guide/node-js/nodejs-driver-consume#fetching-integer-data-types-as-bigint\nhttps://docs.snowflake.com/en/developer-guide/node-js/nodejs-driver-consume#fetching-data-types-as-strings\n\nThis will throw an error in future driver versions."}
{"level":"WARN","message":"[1:00:55.363 PM]: Query result precision loss detected when converting 4.94949494949495e+32 to a JavaScript Number.\n\nFetch as string or BigInt instead:\nhttps://docs.snowflake.com/en/developer-guide/node-js/nodejs-driver-consume#fetching-integer-data-types-as-bigint\nhttps://docs.snowflake.com/en/developer-guide/node-js/nodejs-driver-consume#fetching-data-types-as-strings\n\nThis will throw an error in future driver versions."}
{"level":"WARN","message":"[1:00:55.363 PM]: Query result precision loss detected when converting 8.90909090909091e+32 to a JavaScript Number.\n\nFetch as string or BigInt instead:\nhttps://docs.snowflake.com/en/developer-guide/node-js/nodejs-driver-consume#fetching-integer-data-types-as-bigint\nhttps://docs.snowflake.com/en/developer-guide/node-js/nodejs-driver-consume#fetching-data-types-as-strings\n\nThis will throw an error in future driver versions."}
{"level":"WARN","message":"[1:00:55.363 PM]: Query result precision loss detected when converting 3.46464646464647e+33 to a JavaScript Number.\n\nFetch as string or BigInt instead:\nhttps://docs.snowflake.com/en/developer-guide/node-js/nodejs-driver-consume#fetching-integer-data-types-as-bigint\nhttps://docs.snowflake.com/en/developer-guide/node-js/nodejs-driver-consume#fetching-data-types-as-strings\n\nThis will throw an error in future driver versions."}
{"level":"WARN","message":"[1:00:55.363 PM]: Query result precision loss detected when converting 6.33535353535354e+33 to a JavaScript Number.\n\nFetch as string or BigInt instead:\nhttps://docs.snowflake.com/en/developer-guide/node-js/nodejs-driver-consume#fetching-integer-data-types-as-bigint\nhttps://docs.snowflake.com/en/developer-guide/node-js/nodejs-driver-consume#fetching-data-types-as-strings\n\nThis will throw an error in future driver versions."}
{"level":"WARN","message":"[1:00:55.363 PM]: Query result precision loss detected when converting 3.95959595959596e+32 to a JavaScript Number.\n\nFetch as string or BigInt instead:\nhttps://docs.snowflake.com/en/developer-guide/node-js/nodejs-driver-consume#fetching-integer-data-types-as-bigint\nhttps://docs.snowflake.com/en/developer-guide/node-js/nodejs-driver-consume#fetching-data-types-as-strings\n\nThis will throw an error in future driver versions."}
{"level":"WARN","message":"[1:00:55.363 PM]: Query result precision loss detected when converting 3.95959595959596e+32 to a JavaScript Number.\n\nFetch as string or BigInt instead:\nhttps://docs.snowflake.com/en/developer-guide/node-js/nodejs-driver-consume#fetching-integer-data-types-as-bigint\nhttps://docs.snowflake.com/en/developer-guide/node-js/nodejs-driver-consume#fetching-data-types-as-strings\n\nThis will throw an error in future driver versions."}
{"level":"WARN","message":"[1:00:55.363 PM]: Query result precision loss detected when converting 2.07878787878788e+33 to a JavaScript Number.\n\nFetch as string or BigInt instead:\nhttps://docs.snowflake.com/en/developer-guide/node-js/nodejs-driver-consume#fetching-integer-data-types-as-bigint\nhttps://docs.snowflake.com/en/developer-guide/node-js/nodejs-driver-consume#fetching-data-types-as-strings\n\nThis will throw an error in future driver versions."}
{"level":"WARN","message":"[1:00:55.363 PM]: Query result precision loss detected when converting 1.97979797979798e+32 to a JavaScript Number.\n\nFetch as string or BigInt instead:\nhttps://docs.snowflake.com/en/developer-guide/node-js/nodejs-driver-consume#fetching-integer-data-types-as-bigint\nhttps://docs.snowflake.com/en/developer-guide/node-js/nodejs-driver-consume#fetching-data-types-as-strings\n\nThis will throw an error in future driver versions."}
{"level":"WARN","message":"[1:00:55.363 PM]: Query result precision loss detected when converting 2.47474747474748e+33 to a JavaScript Number.\n\nFetch as string or BigInt instead:\nhttps://docs.snowflake.com/en/developer-guide/node-js/nodejs-driver-consume#fetching-integer-data-types-as-bigint\nhttps://docs.snowflake.com/en/developer-guide/node-js/nodejs-driver-consume#fetching-data-types-as-strings\n\nThis will throw an error in future driver versions."}
{"level":"WARN","message":"[1:00:55.363 PM]: Query result precision loss detected when converting 1.97979797979798e+32 to a JavaScript Number.\n\nFetch as string or BigInt instead:\nhttps://docs.snowflake.com/en/developer-guide/node-js/nodejs-driver-consume#fetching-integer-data-types-as-bigint\nhttps://docs.snowflake.com/en/developer-guide/node-js/nodejs-driver-consume#fetching-data-types-as-strings\n\nThis will throw an error in future driver versions."}
{"level":"WARN","message":"[1:00:55.363 PM]: Query result precision loss detected when converting 2.07878787878788e+33 to a JavaScript Number.\n\nFetch as string or BigInt instead:\nhttps://docs.snowflake.com/en/developer-guide/node-js/nodejs-driver-consume#fetching-integer-data-types-as-bigint\nhttps://docs.snowflake.com/en/developer-guide/node-js/nodejs-driver-consume#fetching-data-types-as-strings\n\nThis will throw an error in future driver versions."}
{"level":"WARN","message":"[1:00:55.363 PM]: Query result precision loss detected when converting 3.95959595959596e+32 to a JavaScript Number.\n\nFetch as string or BigInt instead:\nhttps://docs.snowflake.com/en/developer-guide/node-js/nodejs-driver-consume#fetching-integer-data-types-as-bigint\nhttps://docs.snowflake.com/en/developer-guide/node-js/nodejs-driver-consume#fetching-data-types-as-strings\n\nThis will throw an error in future driver versions."}
{"level":"WARN","message":"[1:00:55.363 PM]: Query result precision loss detected when converting 2.47474747474748e+33 to a JavaScript Number.\n\nFetch as string or BigInt instead:\nhttps://docs.snowflake.com/en/developer-guide/node-js/nodejs-driver-consume#fetching-integer-data-types-as-bigint\nhttps://docs.snowflake.com/en/developer-guide/node-js/nodejs-driver-consume#fetching-data-types-as-strings\n\nThis will throw an error in future driver versions."}
{"level":"WARN","message":"[1:00:55.363 PM]: Query result precision loss detected when converting 4.94949494949495e+32 to a JavaScript Number.\n\nFetch as string or BigInt instead:\nhttps://docs.snowflake.com/en/developer-guide/node-js/nodejs-driver-consume#fetching-integer-data-types-as-bigint\nhttps://docs.snowflake.com/en/developer-guide/node-js/nodejs-driver-consume#fetching-data-types-as-strings\n\nThis will throw an error in future driver versions."}
{"level":"WARN","message":"[1:00:55.363 PM]: Query result precision loss detected when converting 1.97979797979798e+32 to a JavaScript Number.\n\nFetch as string or BigInt instead:\nhttps://docs.snowflake.com/en/developer-guide/node-js/nodejs-driver-consume#fetching-integer-data-types-as-bigint\nhttps://docs.snowflake.com/en/developer-guide/node-js/nodejs-driver-consume#fetching-data-types-as-strings\n\nThis will throw an error in future driver versions."}
{"level":"WARN","message":"[1:00:55.363 PM]: Query result precision loss detected when converting 2.96969696969697e+33 to a JavaScript Number.\n\nFetch as string or BigInt instead:\nhttps://docs.snowflake.com/en/developer-guide/node-js/nodejs-driver-consume#fetching-integer-data-types-as-bigint\nhttps://docs.snowflake.com/en/developer-guide/node-js/nodejs-driver-consume#fetching-data-types-as-strings\n\nThis will throw an error in future driver versions."}
{"level":"WARN","message":"[1:00:55.363 PM]: Query result precision loss detected when converting 4.94949494949495e+32 to a JavaScript Number.\n\nFetch as string or BigInt instead:\nhttps://docs.snowflake.com/en/developer-guide/node-js/nodejs-driver-consume#fetching-integer-data-types-as-bigint\nhttps://docs.snowflake.com/en/developer-guide/node-js/nodejs-driver-consume#fetching-data-types-as-strings\n\nThis will throw an error in future driver versions."}
{"level":"WARN","message":"[1:00:55.363 PM]: Query result precision loss detected when converting 3.26666666666667e+33 to a JavaScript Number.\n\nFetch as string or BigInt instead:\nhttps://docs.snowflake.com/en/developer-guide/node-js/nodejs-driver-consume#fetching-integer-data-types-as-bigint\nhttps://docs.snowflake.com/en/developer-guide/node-js/nodejs-driver-consume#fetching-data-types-as-strings\n\nThis will throw an error in future driver versions."}
{"level":"WARN","message":"[1:00:55.363 PM]: Query result precision loss detected when converting 3.95959595959596e+32 to a JavaScript Number.\n\nFetch as string or BigInt instead:\nhttps://docs.snowflake.com/en/developer-guide/node-js/nodejs-driver-consume#fetching-integer-data-types-as-bigint\nhttps://docs.snowflake.com/en/developer-guide/node-js/nodejs-driver-consume#fetching-data-types-as-strings\n\nThis will throw an error in future driver versions."}
{"level":"WARN","message":"[1:00:55.363 PM]: Query result precision loss detected when converting 2.37575757575758e+33 to a JavaScript Number.\n\nFetch as string or BigInt instead:\nhttps://docs.snowflake.com/en/developer-guide/node-js/nodejs-driver-consume#fetching-integer-data-types-as-bigint\nhttps://docs.snowflake.com/en/developer-guide/node-js/nodejs-driver-consume#fetching-data-types-as-strings\n\nThis will throw an error in future driver versions."}
{"level":"WARN","message":"[1:00:55.363 PM]: Query result precision loss detected when converting 3.26666666666667e+33 to a JavaScript Number.\n\nFetch as string or BigInt instead:\nhttps://docs.snowflake.com/en/developer-guide/node-js/nodejs-driver-consume#fetching-integer-data-types-as-bigint\nhttps://docs.snowflake.com/en/developer-guide/node-js/nodejs-driver-consume#fetching-data-types-as-strings\n\nThis will throw an error in future driver versions."}
{"level":"WARN","message":"[1:00:55.363 PM]: Query result precision loss detected when converting 3.95959595959596e+32 to a JavaScript Number.\n\nFetch as string or BigInt instead:\nhttps://docs.snowflake.com/en/developer-guide/node-js/nodejs-driver-consume#fetching-integer-data-types-as-bigint\nhttps://docs.snowflake.com/en/developer-guide/node-js/nodejs-driver-consume#fetching-data-types-as-strings\n\nThis will throw an error in future driver versions."}
{"level":"WARN","message":"[1:00:55.363 PM]: Query result precision loss detected when converting 3.46464646464647e+33 to a JavaScript Number.\n\nFetch as string or BigInt instead:\nhttps://docs.snowflake.com/en/developer-guide/node-js/nodejs-driver-consume#fetching-integer-data-types-as-bigint\nhttps://docs.snowflake.com/en/developer-guide/node-js/nodejs-driver-consume#fetching-data-types-as-strings\n\nThis will throw an error in future driver versions."}
{"level":"WARN","message":"[1:00:55.363 PM]: Query result precision loss detected when converting 4.94949494949495e+32 to a JavaScript Number.\n\nFetch as string or BigInt instead:\nhttps://docs.snowflake.com/en/developer-guide/node-js/nodejs-driver-consume#fetching-integer-data-types-as-bigint\nhttps://docs.snowflake.com/en/developer-guide/node-js/nodejs-driver-consume#fetching-data-types-as-strings\n\nThis will throw an error in future driver versions."}
{"level":"WARN","message":"[1:00:55.363 PM]: Query result precision loss detected when converting 2.96969696969697e+33 to a JavaScript Number.\n\nFetch as string or BigInt instead:\nhttps://docs.snowflake.com/en/developer-guide/node-js/nodejs-driver-consume#fetching-integer-data-types-as-bigint\nhttps://docs.snowflake.com/en/developer-guide/node-js/nodejs-driver-consume#fetching-data-types-as-strings\n\nThis will throw an error in future driver versions."}
{"level":"WARN","message":"[1:00:55.363 PM]: Query result precision loss detected when converting 1.97979797979798e+32 to a JavaScript Number.\n\nFetch as string or BigInt instead:\nhttps://docs.snowflake.com/en/developer-guide/node-js/nodejs-driver-consume#fetching-integer-data-types-as-bigint\nhttps://docs.snowflake.com/en/developer-guide/node-js/nodejs-driver-consume#fetching-data-types-as-strings\n\nThis will throw an error in future driver versions."}
{"level":"WARN","message":"[1:00:55.363 PM]: Query result precision loss detected when converting 4.94949494949495e+32 to a JavaScript Number.\n\nFetch as string or BigInt instead:\nhttps://docs.snowflake.com/en/developer-guide/node-js/nodejs-driver-consume#fetching-integer-data-types-as-bigint\nhttps://docs.snowflake.com/en/developer-guide/node-js/nodejs-driver-consume#fetching-data-types-as-strings\n\nThis will throw an error in future driver versions."}
{"level":"WARN","message":"[1:00:55.363 PM]: Query result precision loss detected when converting 9.8989898989899e+32 to a JavaScript Number.\n\nFetch as string or BigInt instead:\nhttps://docs.snowflake.com/en/developer-guide/node-js/nodejs-driver-consume#fetching-integer-data-types-as-bigint\nhttps://docs.snowflake.com/en/developer-guide/node-js/nodejs-driver-consume#fetching-data-types-as-strings\n\nThis will throw an error in future driver versions."}
{"level":"WARN","message":"[1:00:55.363 PM]: Query result precision loss detected when converting 6.92929292929293e+33 to a JavaScript Number.\n\nFetch as string or BigInt instead:\nhttps://docs.snowflake.com/en/developer-guide/node-js/nodejs-driver-consume#fetching-integer-data-types-as-bigint\nhttps://docs.snowflake.com/en/developer-guide/node-js/nodejs-driver-consume#fetching-data-types-as-strings\n\nThis will throw an error in future driver versions."}
{"level":"WARN","message":"[1:00:55.363 PM]: Query result precision loss detected when converting 6.92929292929293e+33 to a JavaScript Number.\n\nFetch as string or BigInt instead:\nhttps://docs.snowflake.com/en/developer-guide/node-js/nodejs-driver-consume#fetching-integer-data-types-as-bigint\nhttps://docs.snowflake.com/en/developer-guide/node-js/nodejs-driver-consume#fetching-data-types-as-strings\n\nThis will throw an error in future driver versions."}
{"level":"WARN","message":"[1:00:55.363 PM]: Query result precision loss detected when converting 4.94949494949495e+32 to a JavaScript Number.\n\nFetch as string or BigInt instead:\nhttps://docs.snowflake.com/en/developer-guide/node-js/nodejs-driver-consume#fetching-integer-data-types-as-bigint\nhttps://docs.snowflake.com/en/developer-guide/node-js/nodejs-driver-consume#fetching-data-types-as-strings\n\nThis will throw an error in future driver versions."}
{"level":"WARN","message":"[1:00:55.363 PM]: Query result precision loss detected when converting 1.97979797979798e+32 to a JavaScript Number.\n\nFetch as string or BigInt instead:\nhttps://docs.snowflake.com/en/developer-guide/node-js/nodejs-driver-consume#fetching-integer-data-types-as-bigint\nhttps://docs.snowflake.com/en/developer-guide/node-js/nodejs-driver-consume#fetching-data-types-as-strings\n\nThis will throw an error in future driver versions."}
{"level":"WARN","message":"[1:00:55.363 PM]: Query result precision loss detected when converting 1.18787878787879e+34 to a JavaScript Number.\n\nFetch as string or BigInt instead:\nhttps://docs.snowflake.com/en/developer-guide/node-js/nodejs-driver-consume#fetching-integer-data-types-as-bigint\nhttps://docs.snowflake.com/en/developer-guide/node-js/nodejs-driver-consume#fetching-data-types-as-strings\n\nThis will throw an error in future driver versions."}
{"level":"WARN","message":"[1:00:55.363 PM]: Query result precision loss detected when converting 2.17777777777778e+33 to a JavaScript Number.\n\nFetch as string or BigInt instead:\nhttps://docs.snowflake.com/en/developer-guide/node-js/nodejs-driver-consume#fetching-integer-data-types-as-bigint\nhttps://docs.snowflake.com/en/developer-guide/node-js/nodejs-driver-consume#fetching-data-types-as-strings\n\nThis will throw an error in future driver versions."}
{"level":"WARN","message":"[1:00:55.363 PM]: Query result precision loss detected when converting 8.90909090909091e+32 to a JavaScript Number.\n\nFetch as string or BigInt instead:\nhttps://docs.snowflake.com/en/developer-guide/node-js/nodejs-driver-consume#fetching-integer-data-types-as-bigint\nhttps://docs.snowflake.com/en/developer-guide/node-js/nodejs-driver-consume#fetching-data-types-as-strings\n\nThis will throw an error in future driver versions."}
{"level":"WARN","message":"[1:00:55.363 PM]: Query result precision loss detected when converting 2.17777777777778e+33 to a JavaScript Number.\n\nFetch as string or BigInt instead:\nhttps://docs.snowflake.com/en/developer-guide/node-js/nodejs-driver-consume#fetching-integer-data-types-as-bigint\nhttps://docs.snowflake.com/en/developer-guide/node-js/nodejs-driver-consume#fetching-data-types-as-strings\n\nThis will throw an error in future driver versions."}
{"level":"WARN","message":"[1:00:55.363 PM]: Query result precision loss detected when converting 3.46464646464647e+33 to a JavaScript Number.\n\nFetch as string or BigInt instead:\nhttps://docs.snowflake.com/en/developer-guide/node-js/nodejs-driver-consume#fetching-integer-data-types-as-bigint\nhttps://docs.snowflake.com/en/developer-guide/node-js/nodejs-driver-consume#fetching-data-types-as-strings\n\nThis will throw an error in future driver versions."}
{"level":"WARN","message":"[1:00:55.364 PM]: Query result precision loss detected when converting 4.94949494949495e+32 to a JavaScript Number.\n\nFetch as string or BigInt instead:\nhttps://docs.snowflake.com/en/developer-guide/node-js/nodejs-driver-consume#fetching-integer-data-types-as-bigint\nhttps://docs.snowflake.com/en/developer-guide/node-js/nodejs-driver-consume#fetching-data-types-as-strings\n\nThis will throw an error in future driver versions."}
{"level":"WARN","message":"[1:00:55.364 PM]: Query result precision loss detected when converting 3.46464646464647e+33 to a JavaScript Number.\n\nFetch as string or BigInt instead:\nhttps://docs.snowflake.com/en/developer-guide/node-js/nodejs-driver-consume#fetching-integer-data-types-as-bigint\nhttps://docs.snowflake.com/en/developer-guide/node-js/nodejs-driver-consume#fetching-data-types-as-strings\n\nThis will throw an error in future driver versions."}
{"level":"WARN","message":"[1:00:55.364 PM]: Query result precision loss detected when converting 2.17777777777778e+33 to a JavaScript Number.\n\nFetch as string or BigInt instead:\nhttps://docs.snowflake.com/en/developer-guide/node-js/nodejs-driver-consume#fetching-integer-data-types-as-bigint\nhttps://docs.snowflake.com/en/developer-guide/node-js/nodejs-driver-consume#fetching-data-types-as-strings\n\nThis will throw an error in future driver versions."}
{"level":"WARN","message":"[1:00:55.364 PM]: Query result precision loss detected when converting 2.37575757575758e+33 to a JavaScript Number.\n\nFetch as string or BigInt instead:\nhttps://docs.snowflake.com/en/developer-guide/node-js/nodejs-driver-consume#fetching-integer-data-types-as-bigint\nhttps://docs.snowflake.com/en/developer-guide/node-js/nodejs-driver-consume#fetching-data-types-as-strings\n\nThis will throw an error in future driver versions."}
{"level":"WARN","message":"[1:00:55.364 PM]: Query result precision loss detected when converting 3.95959595959596e+32 to a JavaScript Number.\n\nFetch as string or BigInt instead:\nhttps://docs.snowflake.com/en/developer-guide/node-js/nodejs-driver-consume#fetching-integer-data-types-as-bigint\nhttps://docs.snowflake.com/en/developer-guide/node-js/nodejs-driver-consume#fetching-data-types-as-strings\n\nThis will throw an error in future driver versions."}
{"level":"WARN","message":"[1:00:55.364 PM]: Query result precision loss detected when converting 3.26666666666667e+33 to a JavaScript Number.\n\nFetch as string or BigInt instead:\nhttps://docs.snowflake.com/en/developer-guide/node-js/nodejs-driver-consume#fetching-integer-data-types-as-bigint\nhttps://docs.snowflake.com/en/developer-guide/node-js/nodejs-driver-consume#fetching-data-types-as-strings\n\nThis will throw an error in future driver versions."}
{"level":"WARN","message":"[1:00:55.364 PM]: Query result precision loss detected when converting 3.95959595959596e+32 to a JavaScript Number.\n\nFetch as string or BigInt instead:\nhttps://docs.snowflake.com/en/developer-guide/node-js/nodejs-driver-consume#fetching-integer-data-types-as-bigint\nhttps://docs.snowflake.com/en/developer-guide/node-js/nodejs-driver-consume#fetching-data-types-as-strings\n\nThis will throw an error in future driver versions."}
{"level":"WARN","message":"[1:00:55.364 PM]: Query result precision loss detected when converting 1.97979797979798e+32 to a JavaScript Number.\n\nFetch as string or BigInt instead:\nhttps://docs.snowflake.com/en/developer-guide/node-js/nodejs-driver-consume#fetching-integer-data-types-as-bigint\nhttps://docs.snowflake.com/en/developer-guide/node-js/nodejs-driver-consume#fetching-data-types-as-strings\n\nThis will throw an error in future driver versions."}
{"level":"WARN","message":"[1:00:55.364 PM]: Query result precision loss detected when converting 4.94949494949495e+32 to a JavaScript Number.\n\nFetch as string or BigInt instead:\nhttps://docs.snowflake.com/en/developer-guide/node-js/nodejs-driver-consume#fetching-integer-data-types-as-bigint\nhttps://docs.snowflake.com/en/developer-guide/node-js/nodejs-driver-consume#fetching-data-types-as-strings\n\nThis will throw an error in future driver versions."}
{"level":"WARN","message":"[1:00:55.364 PM]: Query result precision loss detected when converting 2.87070707070707e+33 to a JavaScript Number.\n\nFetch as string or BigInt instead:\nhttps://docs.snowflake.com/en/developer-guide/node-js/nodejs-driver-consume#fetching-integer-data-types-as-bigint\nhttps://docs.snowflake.com/en/developer-guide/node-js/nodejs-driver-consume#fetching-data-types-as-strings\n\nThis will throw an error in future driver versions."}
{"level":"WARN","message":"[1:00:55.364 PM]: Query result precision loss detected when converting 3.46464646464647e+33 to a JavaScript Number.\n\nFetch as string or BigInt instead:\nhttps://docs.snowflake.com/en/developer-guide/node-js/nodejs-driver-consume#fetching-integer-data-types-as-bigint\nhttps://docs.snowflake.com/en/developer-guide/node-js/nodejs-driver-consume#fetching-data-types-as-strings\n\nThis will throw an error in future driver versions."}
{"level":"WARN","message":"[1:00:55.364 PM]: Query result precision loss detected when converting 2.87070707070707e+33 to a JavaScript Number.\n\nFetch as string or BigInt instead:\nhttps://docs.snowflake.com/en/developer-guide/node-js/nodejs-driver-consume#fetching-integer-data-types-as-bigint\nhttps://docs.snowflake.com/en/developer-guide/node-js/nodejs-driver-consume#fetching-data-types-as-strings\n\nThis will throw an error in future driver versions."}
{"level":"WARN","message":"[1:00:55.364 PM]: Query result precision loss detected when converting 4.94949494949495e+32 to a JavaScript Number.\n\nFetch as string or BigInt instead:\nhttps://docs.snowflake.com/en/developer-guide/node-js/nodejs-driver-consume#fetching-integer-data-types-as-bigint\nhttps://docs.snowflake.com/en/developer-guide/node-js/nodejs-driver-consume#fetching-data-types-as-strings\n\nThis will throw an error in future driver versions."}
{"level":"WARN","message":"[1:00:55.365 PM]: Query result precision loss detected when converting 1.97979797979798e+32 to a JavaScript Number.\n\nFetch as string or BigInt instead:\nhttps://docs.snowflake.com/en/developer-guide/node-js/nodejs-driver-consume#fetching-integer-data-types-as-bigint\nhttps://docs.snowflake.com/en/developer-guide/node-js/nodejs-driver-consume#fetching-data-types-as-strings\n\nThis will throw an error in future driver versions."}
{"level":"WARN","message":"[1:00:55.365 PM]: Query result precision loss detected when converting 3.46464646464647e+33 to a JavaScript Number.\n\nFetch as string or BigInt instead:\nhttps://docs.snowflake.com/en/developer-guide/node-js/nodejs-driver-consume#fetching-integer-data-types-as-bigint\nhttps://docs.snowflake.com/en/developer-guide/node-js/nodejs-driver-consume#fetching-data-types-as-strings\n\nThis will throw an error in future driver versions."}
{"level":"WARN","message":"[1:00:55.365 PM]: Query result precision loss detected when converting 1.97979797979798e+32 to a JavaScript Number.\n\nFetch as string or BigInt instead:\nhttps://docs.snowflake.com/en/developer-guide/node-js/nodejs-driver-consume#fetching-integer-data-types-as-bigint\nhttps://docs.snowflake.com/en/developer-guide/node-js/nodejs-driver-consume#fetching-data-types-as-strings\n\nThis will throw an error in future driver versions."}
{"level":"WARN","message":"[1:00:55.365 PM]: Query result precision loss detected when converting 4.94949494949495e+32 to a JavaScript Number.\n\nFetch as string or BigInt instead:\nhttps://docs.snowflake.com/en/developer-guide/node-js/nodejs-driver-consume#fetching-integer-data-types-as-bigint\nhttps://docs.snowflake.com/en/developer-guide/node-js/nodejs-driver-consume#fetching-data-types-as-strings\n\nThis will throw an error in future driver versions."}
{"level":"WARN","message":"[1:00:55.365 PM]: Query result precision loss detected when converting 3.46464646464647e+33 to a JavaScript Number.\n\nFetch as string or BigInt instead:\nhttps://docs.snowflake.com/en/developer-guide/node-js/nodejs-driver-consume#fetching-integer-data-types-as-bigint\nhttps://docs.snowflake.com/en/developer-guide/node-js/nodejs-driver-consume#fetching-data-types-as-strings\n\nThis will throw an error in future driver versions."}
{"level":"WARN","message":"[1:00:55.365 PM]: Query result precision loss detected when converting 1.18787878787879e+34 to a JavaScript Number.\n\nFetch as string or BigInt instead:\nhttps://docs.snowflake.com/en/developer-guide/node-js/nodejs-driver-consume#fetching-integer-data-types-as-bigint\nhttps://docs.snowflake.com/en/developer-guide/node-js/nodejs-driver-consume#fetching-data-types-as-strings\n\nThis will throw an error in future driver versions."}
{"level":"WARN","message":"[1:00:55.365 PM]: Query result precision loss detected when converting 2.17777777777778e+33 to a JavaScript Number.\n\nFetch as string or BigInt instead:\nhttps://docs.snowflake.com/en/developer-guide/node-js/nodejs-driver-consume#fetching-integer-data-types-as-bigint\nhttps://docs.snowflake.com/en/developer-guide/node-js/nodejs-driver-consume#fetching-data-types-as-strings\n\nThis will throw an error in future driver versions."}
{"level":"WARN","message":"[1:00:55.365 PM]: Query result precision loss detected when converting 4.94949494949495e+32 to a JavaScript Number.\n\nFetch as string or BigInt instead:\nhttps://docs.snowflake.com/en/developer-guide/node-js/nodejs-driver-consume#fetching-integer-data-types-as-bigint\nhttps://docs.snowflake.com/en/developer-guide/node-js/nodejs-driver-consume#fetching-data-types-as-strings\n\nThis will throw an error in future driver versions."}
{"level":"WARN","message":"[1:00:55.365 PM]: Query result precision loss detected when converting 9.8989898989899e+32 to a JavaScript Number.\n\nFetch as string or BigInt instead:\nhttps://docs.snowflake.com/en/developer-guide/node-js/nodejs-driver-consume#fetching-integer-data-types-as-bigint\nhttps://docs.snowflake.com/en/developer-guide/node-js/nodejs-driver-consume#fetching-data-types-as-strings\n\nThis will throw an error in future driver versions."}
{"level":"WARN","message":"[1:00:55.365 PM]: Query result precision loss detected when converting 2.17777777777778e+33 to a JavaScript Number.\n\nFetch as string or BigInt instead:\nhttps://docs.snowflake.com/en/developer-guide/node-js/nodejs-driver-consume#fetching-integer-data-types-as-bigint\nhttps://docs.snowflake.com/en/developer-guide/node-js/nodejs-driver-consume#fetching-data-types-as-strings\n\nThis will throw an error in future driver versions."}
{"level":"WARN","message":"[1:00:55.365 PM]: Query result precision loss detected when converting 4.94949494949495e+32 to a JavaScript Number.\n\nFetch as string or BigInt instead:\nhttps://docs.snowflake.com/en/developer-guide/node-js/nodejs-driver-consume#fetching-integer-data-types-as-bigint\nhttps://docs.snowflake.com/en/developer-guide/node-js/nodejs-driver-consume#fetching-data-types-as-strings\n\nThis will throw an error in future driver versions."}
{"level":"WARN","message":"[1:00:55.365 PM]: Query result precision loss detected when converting 9.8989898989899e+32 to a JavaScript Number.\n\nFetch as string or BigInt instead:\nhttps://docs.snowflake.com/en/developer-guide/node-js/nodejs-driver-consume#fetching-integer-data-types-as-bigint\nhttps://docs.snowflake.com/en/developer-guide/node-js/nodejs-driver-consume#fetching-data-types-as-strings\n\nThis will throw an error in future driver versions."}
{"level":"WARN","message":"[1:00:55.365 PM]: Query result precision loss detected when converting 7.91919191919192e+32 to a JavaScript Number.\n\nFetch as string or BigInt instead:\nhttps://docs.snowflake.com/en/developer-guide/node-js/nodejs-driver-consume#fetching-integer-data-types-as-bigint\nhttps://docs.snowflake.com/en/developer-guide/node-js/nodejs-driver-consume#fetching-data-types-as-strings\n\nThis will throw an error in future driver versions."}
{"level":"WARN","message":"[1:00:55.365 PM]: Query result precision loss detected when converting 2.17777777777778e+33 to a JavaScript Number.\n\nFetch as string or BigInt instead:\nhttps://docs.snowflake.com/en/developer-guide/node-js/nodejs-driver-consume#fetching-integer-data-types-as-bigint\nhttps://docs.snowflake.com/en/developer-guide/node-js/nodejs-driver-consume#fetching-data-types-as-strings\n\nThis will throw an error in future driver versions."}
{"level":"WARN","message":"[1:00:55.365 PM]: Query result precision loss detected when converting 3.46464646464647e+33 to a JavaScript Number.\n\nFetch as string or BigInt instead:\nhttps://docs.snowflake.com/en/developer-guide/node-js/nodejs-driver-consume#fetching-integer-data-types-as-bigint\nhttps://docs.snowflake.com/en/developer-guide/node-js/nodejs-driver-consume#fetching-data-types-as-strings\n\nThis will throw an error in future driver versions."}
{"level":"WARN","message":"[1:00:55.365 PM]: Query result precision loss detected when converting 3.46464646464647e+33 to a JavaScript Number.\n\nFetch as string or BigInt instead:\nhttps://docs.snowflake.com/en/developer-guide/node-js/nodejs-driver-consume#fetching-integer-data-types-as-bigint\nhttps://docs.snowflake.com/en/developer-guide/node-js/nodejs-driver-consume#fetching-data-types-as-strings\n\nThis will throw an error in future driver versions."}
{"level":"WARN","message":"[1:00:55.365 PM]: Query result precision loss detected when converting 2.02830303030303e+35 to a JavaScript Number.\n\nFetch as string or BigInt instead:\nhttps://docs.snowflake.com/en/developer-guide/node-js/nodejs-driver-consume#fetching-integer-data-types-as-bigint\nhttps://docs.snowflake.com/en/developer-guide/node-js/nodejs-driver-consume#fetching-data-types-as-strings\n\nThis will throw an error in future driver versions."}
{"level":"WARN","message":"[1:00:55.365 PM]: Query result precision loss detected when converting 2.1599595959596e+35 to a JavaScript Number.\n\nFetch as string or BigInt instead:\nhttps://docs.snowflake.com/en/developer-guide/node-js/nodejs-driver-consume#fetching-integer-data-types-as-bigint\nhttps://docs.snowflake.com/en/developer-guide/node-js/nodejs-driver-consume#fetching-data-types-as-strings\n\nThis will throw an error in future driver versions."}
{"level":"WARN","message":"[1:00:55.365 PM]: Query result precision loss detected when converting 2.1599595959596e+35 to a JavaScript Number.\n\nFetch as string or BigInt instead:\nhttps://docs.snowflake.com/en/developer-guide/node-js/nodejs-driver-consume#fetching-integer-data-types-as-bigint\nhttps://docs.snowflake.com/en/developer-guide/node-js/nodejs-driver-consume#fetching-data-types-as-strings\n\nThis will throw an error in future driver versions."}
{"level":"WARN","message":"[1:00:55.365 PM]: Query result precision loss detected when converting 7.75090909090909e+34 to a JavaScript Number.\n\nFetch as string or BigInt instead:\nhttps://docs.snowflake.com/en/developer-guide/node-js/nodejs-driver-consume#fetching-integer-data-types-as-bigint\nhttps://docs.snowflake.com/en/developer-guide/node-js/nodejs-driver-consume#fetching-data-types-as-strings\n\nThis will throw an error in future driver versions."}
{"level":"WARN","message":"[1:00:55.365 PM]: Query result precision loss detected when converting 2.02830303030303e+35 to a JavaScript Number.\n\nFetch as string or BigInt instead:\nhttps://docs.snowflake.com/en/developer-guide/node-js/nodejs-driver-consume#fetching-integer-data-types-as-bigint\nhttps://docs.snowflake.com/en/developer-guide/node-js/nodejs-driver-consume#fetching-data-types-as-strings\n\nThis will throw an error in future driver versions."}
{"level":"WARN","message":"[1:00:55.365 PM]: Query result precision loss detected when converting 2.02830303030303e+35 to a JavaScript Number.\n\nFetch as string or BigInt instead:\nhttps://docs.snowflake.com/en/developer-guide/node-js/nodejs-driver-consume#fetching-integer-data-types-as-bigint\nhttps://docs.snowflake.com/en/developer-guide/node-js/nodejs-driver-consume#fetching-data-types-as-strings\n\nThis will throw an error in future driver versions."}
{"level":"WARN","message":"[1:00:55.365 PM]: Query result precision loss detected when converting 7.75090909090909e+34 to a JavaScript Number.\n\nFetch as string or BigInt instead:\nhttps://docs.snowflake.com/en/developer-guide/node-js/nodejs-driver-consume#fetching-integer-data-types-as-bigint\nhttps://docs.snowflake.com/en/developer-guide/node-js/nodejs-driver-consume#fetching-data-types-as-strings\n\nThis will throw an error in future driver versions."}
{"level":"WARN","message":"[1:00:55.365 PM]: Query result precision loss detected when converting 7.75090909090909e+34 to a JavaScript Number.\n\nFetch as string or BigInt instead:\nhttps://docs.snowflake.com/en/developer-guide/node-js/nodejs-driver-consume#fetching-integer-data-types-as-bigint\nhttps://docs.snowflake.com/en/developer-guide/node-js/nodejs-driver-consume#fetching-data-types-as-strings\n\nThis will throw an error in future driver versions."}
{"level":"WARN","message":"[1:00:55.365 PM]: Query result precision loss detected when converting 7.75090909090909e+34 to a JavaScript Number.\n\nFetch as string or BigInt instead:\nhttps://docs.snowflake.com/en/developer-guide/node-js/nodejs-driver-consume#fetching-integer-data-types-as-bigint\nhttps://docs.snowflake.com/en/developer-guide/node-js/nodejs-driver-consume#fetching-data-types-as-strings\n\nThis will throw an error in future driver versions."}
{"level":"WARN","message":"[1:00:55.365 PM]: Query result precision loss detected when converting 2.02830303030303e+35 to a JavaScript Number.\n\nFetch as string or BigInt instead:\nhttps://docs.snowflake.com/en/developer-guide/node-js/nodejs-driver-consume#fetching-integer-data-types-as-bigint\nhttps://docs.snowflake.com/en/developer-guide/node-js/nodejs-driver-consume#fetching-data-types-as-strings\n\nThis will throw an error in future driver versions."}
{"level":"WARN","message":"[1:00:55.365 PM]: Query result precision loss detected when converting 2.05008080808081e+35 to a JavaScript Number.\n\nFetch as string or BigInt instead:\nhttps://docs.snowflake.com/en/developer-guide/node-js/nodejs-driver-consume#fetching-integer-data-types-as-bigint\nhttps://docs.snowflake.com/en/developer-guide/node-js/nodejs-driver-consume#fetching-data-types-as-strings\n\nThis will throw an error in future driver versions."}
{"level":"WARN","message":"[1:00:55.365 PM]: Query result precision loss detected when converting 2.05008080808081e+35 to a JavaScript Number.\n\nFetch as string or BigInt instead:\nhttps://docs.snowflake.com/en/developer-guide/node-js/nodejs-driver-consume#fetching-integer-data-types-as-bigint\nhttps://docs.snowflake.com/en/developer-guide/node-js/nodejs-driver-consume#fetching-data-types-as-strings\n\nThis will throw an error in future driver versions."}
{"level":"WARN","message":"[1:00:55.365 PM]: Query result precision loss detected when converting 2.1599595959596e+35 to a JavaScript Number.\n\nFetch as string or BigInt instead:\nhttps://docs.snowflake.com/en/developer-guide/node-js/nodejs-driver-consume#fetching-integer-data-types-as-bigint\nhttps://docs.snowflake.com/en/developer-guide/node-js/nodejs-driver-consume#fetching-data-types-as-strings\n\nThis will throw an error in future driver versions."}
{"level":"WARN","message":"[1:00:55.365 PM]: Query result precision loss detected when converting 2.1599595959596e+35 to a JavaScript Number.\n\nFetch as string or BigInt instead:\nhttps://docs.snowflake.com/en/developer-guide/node-js/nodejs-driver-consume#fetching-integer-data-types-as-bigint\nhttps://docs.snowflake.com/en/developer-guide/node-js/nodejs-driver-consume#fetching-data-types-as-strings\n\nThis will throw an error in future driver versions."}
{"level":"WARN","message":"[1:00:55.365 PM]: Query result precision loss detected when converting 9.8989898989899e+34 to a JavaScript Number.\n\nFetch as string or BigInt instead:\nhttps://docs.snowflake.com/en/developer-guide/node-js/nodejs-driver-consume#fetching-integer-data-types-as-bigint\nhttps://docs.snowflake.com/en/developer-guide/node-js/nodejs-driver-consume#fetching-data-types-as-strings\n\nThis will throw an error in future driver versions."}
{"level":"WARN","message":"[1:00:55.365 PM]: Query result precision loss detected when converting 2.05008080808081e+35 to a JavaScript Number.\n\nFetch as string or BigInt instead:\nhttps://docs.snowflake.com/en/developer-guide/node-js/nodejs-driver-consume#fetching-integer-data-types-as-bigint\nhttps://docs.snowflake.com/en/developer-guide/node-js/nodejs-driver-consume#fetching-data-types-as-strings\n\nThis will throw an error in future driver versions."}
{"level":"WARN","message":"[1:00:55.365 PM]: Query result precision loss detected when converting 2.02830303030303e+35 to a JavaScript Number.\n\nFetch as string or BigInt instead:\nhttps://docs.snowflake.com/en/developer-guide/node-js/nodejs-driver-consume#fetching-integer-data-types-as-bigint\nhttps://docs.snowflake.com/en/developer-guide/node-js/nodejs-driver-consume#fetching-data-types-as-strings\n\nThis will throw an error in future driver versions."}
{"level":"WARN","message":"[1:00:55.365 PM]: Query result precision loss detected when converting 7.75090909090909e+34 to a JavaScript Number.\n\nFetch as string or BigInt instead:\nhttps://docs.snowflake.com/en/developer-guide/node-js/nodejs-driver-consume#fetching-integer-data-types-as-bigint\nhttps://docs.snowflake.com/en/developer-guide/node-js/nodejs-driver-consume#fetching-data-types-as-strings\n\nThis will throw an error in future driver versions."}
{"level":"WARN","message":"[1:00:55.365 PM]: Query result precision loss detected when converting 7.75090909090909e+34 to a JavaScript Number.\n\nFetch as string or BigInt instead:\nhttps://docs.snowflake.com/en/developer-guide/node-js/nodejs-driver-consume#fetching-integer-data-types-as-bigint\nhttps://docs.snowflake.com/en/developer-guide/node-js/nodejs-driver-consume#fetching-data-types-as-strings\n\nThis will throw an error in future driver versions."}
{"level":"WARN","message":"[1:00:55.365 PM]: Query result precision loss detected when converting 2.1599595959596e+35 to a JavaScript Number.\n\nFetch as string or BigInt instead:\nhttps://docs.snowflake.com/en/developer-guide/node-js/nodejs-driver-consume#fetching-integer-data-types-as-bigint\nhttps://docs.snowflake.com/en/developer-guide/node-js/nodejs-driver-consume#fetching-data-types-as-strings\n\nThis will throw an error in future driver versions."}
{"level":"WARN","message":"[1:00:55.365 PM]: Query result precision loss detected when converting 7.75090909090909e+34 to a JavaScript Number.\n\nFetch as string or BigInt instead:\nhttps://docs.snowflake.com/en/developer-guide/node-js/nodejs-driver-consume#fetching-integer-data-types-as-bigint\nhttps://docs.snowflake.com/en/developer-guide/node-js/nodejs-driver-consume#fetching-data-types-as-strings\n\nThis will throw an error in future driver versions."}
{"level":"WARN","message":"[1:00:55.365 PM]: Query result precision loss detected when converting 2.05008080808081e+35 to a JavaScript Number.\n\nFetch as string or BigInt instead:\nhttps://docs.snowflake.com/en/developer-guide/node-js/nodejs-driver-consume#fetching-integer-data-types-as-bigint\nhttps://docs.snowflake.com/en/developer-guide/node-js/nodejs-driver-consume#fetching-data-types-as-strings\n\nThis will throw an error in future driver versions."}
{"level":"WARN","message":"[1:00:55.365 PM]: Query result precision loss detected when converting 2.02830303030303e+35 to a JavaScript Number.\n\nFetch as string or BigInt instead:\nhttps://docs.snowflake.com/en/developer-guide/node-js/nodejs-driver-consume#fetching-integer-data-types-as-bigint\nhttps://docs.snowflake.com/en/developer-guide/node-js/nodejs-driver-consume#fetching-data-types-as-strings\n\nThis will throw an error in future driver versions."}
{"level":"WARN","message":"[1:00:55.365 PM]: Query result precision loss detected when converting 2.05008080808081e+35 to a JavaScript Number.\n\nFetch as string or BigInt instead:\nhttps://docs.snowflake.com/en/developer-guide/node-js/nodejs-driver-consume#fetching-integer-data-types-as-bigint\nhttps://docs.snowflake.com/en/developer-guide/node-js/nodejs-driver-consume#fetching-data-types-as-strings\n\nThis will throw an error in future driver versions."}
{"level":"WARN","message":"[1:00:55.365 PM]: Query result precision loss detected when converting 2.05008080808081e+35 to a JavaScript Number.\n\nFetch as string or BigInt instead:\nhttps://docs.snowflake.com/en/developer-guide/node-js/nodejs-driver-consume#fetching-integer-data-types-as-bigint\nhttps://docs.snowflake.com/en/developer-guide/node-js/nodejs-driver-consume#fetching-data-types-as-strings\n\nThis will throw an error in future driver versions."}
{"level":"WARN","message":"[1:00:55.365 PM]: Query result precision loss detected when converting 2.1599595959596e+35 to a JavaScript Number.\n\nFetch as string or BigInt instead:\nhttps://docs.snowflake.com/en/developer-guide/node-js/nodejs-driver-consume#fetching-integer-data-types-as-bigint\nhttps://docs.snowflake.com/en/developer-guide/node-js/nodejs-driver-consume#fetching-data-types-as-strings\n\nThis will throw an error in future driver versions."}
{"level":"WARN","message":"[1:00:55.365 PM]: Query result precision loss detected when converting 7.75090909090909e+34 to a JavaScript Number.\n\nFetch as string or BigInt instead:\nhttps://docs.snowflake.com/en/developer-guide/node-js/nodejs-driver-consume#fetching-integer-data-types-as-bigint\nhttps://docs.snowflake.com/en/developer-guide/node-js/nodejs-driver-consume#fetching-data-types-as-strings\n\nThis will throw an error in future driver versions."}
{"level":"WARN","message":"[1:00:55.365 PM]: Query result precision loss detected when converting 9.8989898989899e+34 to a JavaScript Number.\n\nFetch as string or BigInt instead:\nhttps://docs.snowflake.com/en/developer-guide/node-js/nodejs-driver-consume#fetching-integer-data-types-as-bigint\nhttps://docs.snowflake.com/en/developer-guide/node-js/nodejs-driver-consume#fetching-data-types-as-strings\n\nThis will throw an error in future driver versions."}
{"level":"WARN","message":"[1:00:55.365 PM]: Query result precision loss detected when converting 2.05008080808081e+35 to a JavaScript Number.\n\nFetch as string or BigInt instead:\nhttps://docs.snowflake.com/en/developer-guide/node-js/nodejs-driver-consume#fetching-integer-data-types-as-bigint\nhttps://docs.snowflake.com/en/developer-guide/node-js/nodejs-driver-consume#fetching-data-types-as-strings\n\nThis will throw an error in future driver versions."}
{"level":"WARN","message":"[1:00:55.365 PM]: Query result precision loss detected when converting 2.41832323232323e+35 to a JavaScript Number.\n\nFetch as string or BigInt instead:\nhttps://docs.snowflake.com/en/developer-guide/node-js/nodejs-driver-consume#fetching-integer-data-types-as-bigint\nhttps://docs.snowflake.com/en/developer-guide/node-js/nodejs-driver-consume#fetching-data-types-as-strings\n\nThis will throw an error in future driver versions."}
{"level":"WARN","message":"[1:00:55.365 PM]: Query result precision loss detected when converting 2.41832323232323e+35 to a JavaScript Number.\n\nFetch as string or BigInt instead:\nhttps://docs.snowflake.com/en/developer-guide/node-js/nodejs-driver-consume#fetching-integer-data-types-as-bigint\nhttps://docs.snowflake.com/en/developer-guide/node-js/nodejs-driver-consume#fetching-data-types-as-strings\n\nThis will throw an error in future driver versions."}
{"level":"WARN","message":"[1:00:55.365 PM]: Query result precision loss detected when converting 2.1599595959596e+35 to a JavaScript Number.\n\nFetch as string or BigInt instead:\nhttps://docs.snowflake.com/en/developer-guide/node-js/nodejs-driver-consume#fetching-integer-data-types-as-bigint\nhttps://docs.snowflake.com/en/developer-guide/node-js/nodejs-driver-consume#fetching-data-types-as-strings\n\nThis will throw an error in future driver versions."}
{"level":"WARN","message":"[1:00:55.365 PM]: Query result precision loss detected when converting 9.8989898989899e+34 to a JavaScript Number.\n\nFetch as string or BigInt instead:\nhttps://docs.snowflake.com/en/developer-guide/node-js/nodejs-driver-consume#fetching-integer-data-types-as-bigint\nhttps://docs.snowflake.com/en/developer-guide/node-js/nodejs-driver-consume#fetching-data-types-as-strings\n\nThis will throw an error in future driver versions."}
{"level":"WARN","message":"[1:00:55.365 PM]: Query result precision loss detected when converting 2.1599595959596e+35 to a JavaScript Number.\n\nFetch as string or BigInt instead:\nhttps://docs.snowflake.com/en/developer-guide/node-js/nodejs-driver-consume#fetching-integer-data-types-as-bigint\nhttps://docs.snowflake.com/en/developer-guide/node-js/nodejs-driver-consume#fetching-data-types-as-strings\n\nThis will throw an error in future driver versions."}
{"level":"WARN","message":"[1:00:55.365 PM]: Query result precision loss detected when converting 7.75090909090909e+34 to a JavaScript Number.\n\nFetch as string or BigInt instead:\nhttps://docs.snowflake.com/en/developer-guide/node-js/nodejs-driver-consume#fetching-integer-data-types-as-bigint\nhttps://docs.snowflake.com/en/developer-guide/node-js/nodejs-driver-consume#fetching-data-types-as-strings\n\nThis will throw an error in future driver versions."}
{"level":"WARN","message":"[1:00:55.365 PM]: Query result precision loss detected when converting 2.1599595959596e+35 to a JavaScript Number.\n\nFetch as string or BigInt instead:\nhttps://docs.snowflake.com/en/developer-guide/node-js/nodejs-driver-consume#fetching-integer-data-types-as-bigint\nhttps://docs.snowflake.com/en/developer-guide/node-js/nodejs-driver-consume#fetching-data-types-as-strings\n\nThis will throw an error in future driver versions."}
{"level":"WARN","message":"[1:00:55.366 PM]: Query result precision loss detected when converting 2.1599595959596e+35 to a JavaScript Number.\n\nFetch as string or BigInt instead:\nhttps://docs.snowflake.com/en/developer-guide/node-js/nodejs-driver-consume#fetching-integer-data-types-as-bigint\nhttps://docs.snowflake.com/en/developer-guide/node-js/nodejs-driver-consume#fetching-data-types-as-strings\n\nThis will throw an error in future driver versions."}
{"level":"WARN","message":"[1:00:55.366 PM]: Query result precision loss detected when converting 2.1599595959596e+35 to a JavaScript Number.\n\nFetch as string or BigInt instead:\nhttps://docs.snowflake.com/en/developer-guide/node-js/nodejs-driver-consume#fetching-integer-data-types-as-bigint\nhttps://docs.snowflake.com/en/developer-guide/node-js/nodejs-driver-consume#fetching-data-types-as-strings\n\nThis will throw an error in future driver versions."}
{"level":"WARN","message":"[1:00:55.366 PM]: Query result precision loss detected when converting 2.1599595959596e+35 to a JavaScript Number.\n\nFetch as string or BigInt instead:\nhttps://docs.snowflake.com/en/developer-guide/node-js/nodejs-driver-consume#fetching-integer-data-types-as-bigint\nhttps://docs.snowflake.com/en/developer-guide/node-js/nodejs-driver-consume#fetching-data-types-as-strings\n\nThis will throw an error in future driver versions."}
{"level":"WARN","message":"[1:00:55.366 PM]: Query result precision loss detected when converting 2.1599595959596e+35 to a JavaScript Number.\n\nFetch as string or BigInt instead:\nhttps://docs.snowflake.com/en/developer-guide/node-js/nodejs-driver-consume#fetching-integer-data-types-as-bigint\nhttps://docs.snowflake.com/en/developer-guide/node-js/nodejs-driver-consume#fetching-data-types-as-strings\n\nThis will throw an error in future driver versions."}
{"level":"WARN","message":"[1:00:55.366 PM]: Query result precision loss detected when converting 2.05008080808081e+35 to a JavaScript Number.\n\nFetch as string or BigInt instead:\nhttps://docs.snowflake.com/en/developer-guide/node-js/nodejs-driver-consume#fetching-integer-data-types-as-bigint\nhttps://docs.snowflake.com/en/developer-guide/node-js/nodejs-driver-consume#fetching-data-types-as-strings\n\nThis will throw an error in future driver versions."}
{"level":"WARN","message":"[1:00:55.366 PM]: Query result precision loss detected when converting 2.05008080808081e+35 to a JavaScript Number.\n\nFetch as string or BigInt instead:\nhttps://docs.snowflake.com/en/developer-guide/node-js/nodejs-driver-consume#fetching-integer-data-types-as-bigint\nhttps://docs.snowflake.com/en/developer-guide/node-js/nodejs-driver-consume#fetching-data-types-as-strings\n\nThis will throw an error in future driver versions."}
{"level":"WARN","message":"[1:00:55.366 PM]: Query result precision loss detected when converting 1.68381818181818e+35 to a JavaScript Number.\n\nFetch as string or BigInt instead:\nhttps://docs.snowflake.com/en/developer-guide/node-js/nodejs-driver-consume#fetching-integer-data-types-as-bigint\nhttps://docs.snowflake.com/en/developer-guide/node-js/nodejs-driver-consume#fetching-data-types-as-strings\n\nThis will throw an error in future driver versions."}
{"level":"WARN","message":"[1:00:55.366 PM]: Query result precision loss detected when converting 3.46464646464647e+33 to a JavaScript Number.\n\nFetch as string or BigInt instead:\nhttps://docs.snowflake.com/en/developer-guide/node-js/nodejs-driver-consume#fetching-integer-data-types-as-bigint\nhttps://docs.snowflake.com/en/developer-guide/node-js/nodejs-driver-consume#fetching-data-types-as-strings\n\nThis will throw an error in future driver versions."}
{"level":"WARN","message":"[1:00:55.366 PM]: Query result precision loss detected when converting 8.90909090909091e+32 to a JavaScript Number.\n\nFetch as string or BigInt instead:\nhttps://docs.snowflake.com/en/developer-guide/node-js/nodejs-driver-consume#fetching-integer-data-types-as-bigint\nhttps://docs.snowflake.com/en/developer-guide/node-js/nodejs-driver-consume#fetching-data-types-as-strings\n\nThis will throw an error in future driver versions."}
{"level":"WARN","message":"[1:00:55.366 PM]: Query result precision loss detected when converting 1.68381818181818e+35 to a JavaScript Number.\n\nFetch as string or BigInt instead:\nhttps://docs.snowflake.com/en/developer-guide/node-js/nodejs-driver-consume#fetching-integer-data-types-as-bigint\nhttps://docs.snowflake.com/en/developer-guide/node-js/nodejs-driver-consume#fetching-data-types-as-strings\n\nThis will throw an error in future driver versions."}
{"level":"WARN","message":"[1:00:55.366 PM]: Query result precision loss detected when converting 4.94949494949495e+32 to a JavaScript Number.\n\nFetch as string or BigInt instead:\nhttps://docs.snowflake.com/en/developer-guide/node-js/nodejs-driver-consume#fetching-integer-data-types-as-bigint\nhttps://docs.snowflake.com/en/developer-guide/node-js/nodejs-driver-consume#fetching-data-types-as-strings\n\nThis will throw an error in future driver versions."}
{"level":"WARN","message":"[1:00:55.366 PM]: Query result precision loss detected when converting 2.37575757575758e+33 to a JavaScript Number.\n\nFetch as string or BigInt instead:\nhttps://docs.snowflake.com/en/developer-guide/node-js/nodejs-driver-consume#fetching-integer-data-types-as-bigint\nhttps://docs.snowflake.com/en/developer-guide/node-js/nodejs-driver-consume#fetching-data-types-as-strings\n\nThis will throw an error in future driver versions."}
{"level":"WARN","message":"[1:00:55.366 PM]: Query result precision loss detected when converting 8.90909090909091e+32 to a JavaScript Number.\n\nFetch as string or BigInt instead:\nhttps://docs.snowflake.com/en/developer-guide/node-js/nodejs-driver-consume#fetching-integer-data-types-as-bigint\nhttps://docs.snowflake.com/en/developer-guide/node-js/nodejs-driver-consume#fetching-data-types-as-strings\n\nThis will throw an error in future driver versions."}
{"level":"WARN","message":"[1:00:55.366 PM]: Query result precision loss detected when converting 2.27181818181818e+35 to a JavaScript Number.\n\nFetch as string or BigInt instead:\nhttps://docs.snowflake.com/en/developer-guide/node-js/nodejs-driver-consume#fetching-integer-data-types-as-bigint\nhttps://docs.snowflake.com/en/developer-guide/node-js/nodejs-driver-consume#fetching-data-types-as-strings\n\nThis will throw an error in future driver versions."}
{"level":"WARN","message":"[1:00:55.366 PM]: Query result precision loss detected when converting 2.17777777777778e+33 to a JavaScript Number.\n\nFetch as string or BigInt instead:\nhttps://docs.snowflake.com/en/developer-guide/node-js/nodejs-driver-consume#fetching-integer-data-types-as-bigint\nhttps://docs.snowflake.com/en/developer-guide/node-js/nodejs-driver-consume#fetching-data-types-as-strings\n\nThis will throw an error in future driver versions."}
{"level":"WARN","message":"[1:00:55.366 PM]: Query result precision loss detected when converting 2.47474747474748e+33 to a JavaScript Number.\n\nFetch as string or BigInt instead:\nhttps://docs.snowflake.com/en/developer-guide/node-js/nodejs-driver-consume#fetching-integer-data-types-as-bigint\nhttps://docs.snowflake.com/en/developer-guide/node-js/nodejs-driver-consume#fetching-data-types-as-strings\n\nThis will throw an error in future driver versions."}
{"level":"WARN","message":"[1:00:55.366 PM]: Query result precision loss detected when converting 5.34545454545455e+33 to a JavaScript Number.\n\nFetch as string or BigInt instead:\nhttps://docs.snowflake.com/en/developer-guide/node-js/nodejs-driver-consume#fetching-integer-data-types-as-bigint\nhttps://docs.snowflake.com/en/developer-guide/node-js/nodejs-driver-consume#fetching-data-types-as-strings\n\nThis will throw an error in future driver versions."}
{"level":"WARN","message":"[1:00:55.366 PM]: Query result precision loss detected when converting 8.90909090909091e+32 to a JavaScript Number.\n\nFetch as string or BigInt instead:\nhttps://docs.snowflake.com/en/developer-guide/node-js/nodejs-driver-consume#fetching-integer-data-types-as-bigint\nhttps://docs.snowflake.com/en/developer-guide/node-js/nodejs-driver-consume#fetching-data-types-as-strings\n\nThis will throw an error in future driver versions."}
{"level":"WARN","message":"[1:00:55.366 PM]: Query result precision loss detected when converting 2.47474747474748e+33 to a JavaScript Number.\n\nFetch as string or BigInt instead:\nhttps://docs.snowflake.com/en/developer-guide/node-js/nodejs-driver-consume#fetching-integer-data-types-as-bigint\nhttps://docs.snowflake.com/en/developer-guide/node-js/nodejs-driver-consume#fetching-data-types-as-strings\n\nThis will throw an error in future driver versions."}
{"level":"WARN","message":"[1:00:55.366 PM]: Query result precision loss detected when converting 3.95959595959596e+32 to a JavaScript Number.\n\nFetch as string or BigInt instead:\nhttps://docs.snowflake.com/en/developer-guide/node-js/nodejs-driver-consume#fetching-integer-data-types-as-bigint\nhttps://docs.snowflake.com/en/developer-guide/node-js/nodejs-driver-consume#fetching-data-types-as-strings\n\nThis will throw an error in future driver versions."}
{"level":"WARN","message":"[1:00:55.366 PM]: Query result precision loss detected when converting 1.18787878787879e+34 to a JavaScript Number.\n\nFetch as string or BigInt instead:\nhttps://docs.snowflake.com/en/developer-guide/node-js/nodejs-driver-consume#fetching-integer-data-types-as-bigint\nhttps://docs.snowflake.com/en/developer-guide/node-js/nodejs-driver-consume#fetching-data-types-as-strings\n\nThis will throw an error in future driver versions."}
{"level":"WARN","message":"[1:00:55.366 PM]: Query result precision loss detected when converting 2.47474747474748e+33 to a JavaScript Number.\n\nFetch as string or BigInt instead:\nhttps://docs.snowflake.com/en/developer-guide/node-js/nodejs-driver-consume#fetching-integer-data-types-as-bigint\nhttps://docs.snowflake.com/en/developer-guide/node-js/nodejs-driver-consume#fetching-data-types-as-strings\n\nThis will throw an error in future driver versions."}
{"level":"WARN","message":"[1:00:55.366 PM]: Query result precision loss detected when converting 2.96969696969697e+33 to a JavaScript Number.\n\nFetch as string or BigInt instead:\nhttps://docs.snowflake.com/en/developer-guide/node-js/nodejs-driver-consume#fetching-integer-data-types-as-bigint\nhttps://docs.snowflake.com/en/developer-guide/node-js/nodejs-driver-consume#fetching-data-types-as-strings\n\nThis will throw an error in future driver versions."}
{"level":"WARN","message":"[1:00:55.366 PM]: Query result precision loss detected when converting 4.94949494949495e+32 to a JavaScript Number.\n\nFetch as string or BigInt instead:\nhttps://docs.snowflake.com/en/developer-guide/node-js/nodejs-driver-consume#fetching-integer-data-types-as-bigint\nhttps://docs.snowflake.com/en/developer-guide/node-js/nodejs-driver-consume#fetching-data-types-as-strings\n\nThis will throw an error in future driver versions."}
{"level":"WARN","message":"[1:00:55.366 PM]: Query result precision loss detected when converting 3.46464646464647e+33 to a JavaScript Number.\n\nFetch as string or BigInt instead:\nhttps://docs.snowflake.com/en/developer-guide/node-js/nodejs-driver-consume#fetching-integer-data-types-as-bigint\nhttps://docs.snowflake.com/en/developer-guide/node-js/nodejs-driver-consume#fetching-data-types-as-strings\n\nThis will throw an error in future driver versions."}
{"level":"WARN","message":"[1:00:55.366 PM]: Query result precision loss detected when converting 3.95959595959596e+32 to a JavaScript Number.\n\nFetch as string or BigInt instead:\nhttps://docs.snowflake.com/en/developer-guide/node-js/nodejs-driver-consume#fetching-integer-data-types-as-bigint\nhttps://docs.snowflake.com/en/developer-guide/node-js/nodejs-driver-consume#fetching-data-types-as-strings\n\nThis will throw an error in future driver versions."}
{"level":"WARN","message":"[1:00:55.366 PM]: Query result precision loss detected when converting 8.90909090909091e+32 to a JavaScript Number.\n\nFetch as string or BigInt instead:\nhttps://docs.snowflake.com/en/developer-guide/node-js/nodejs-driver-consume#fetching-integer-data-types-as-bigint\nhttps://docs.snowflake.com/en/developer-guide/node-js/nodejs-driver-consume#fetching-data-types-as-strings\n\nThis will throw an error in future driver versions."}
{"level":"WARN","message":"[1:00:55.366 PM]: Query result precision loss detected when converting 3.46464646464647e+33 to a JavaScript Number.\n\nFetch as string or BigInt instead:\nhttps://docs.snowflake.com/en/developer-guide/node-js/nodejs-driver-consume#fetching-integer-data-types-as-bigint\nhttps://docs.snowflake.com/en/developer-guide/node-js/nodejs-driver-consume#fetching-data-types-as-strings\n\nThis will throw an error in future driver versions."}
{"level":"WARN","message":"[1:00:55.366 PM]: Query result precision loss detected when converting 8.90909090909091e+32 to a JavaScript Number.\n\nFetch as string or BigInt instead:\nhttps://docs.snowflake.com/en/developer-guide/node-js/nodejs-driver-consume#fetching-integer-data-types-as-bigint\nhttps://docs.snowflake.com/en/developer-guide/node-js/nodejs-driver-consume#fetching-data-types-as-strings\n\nThis will throw an error in future driver versions."}
{"level":"WARN","message":"[1:00:55.366 PM]: Query result precision loss detected when converting 4.94949494949495e+32 to a JavaScript Number.\n\nFetch as string or BigInt instead:\nhttps://docs.snowflake.com/en/developer-guide/node-js/nodejs-driver-consume#fetching-integer-data-types-as-bigint\nhttps://docs.snowflake.com/en/developer-guide/node-js/nodejs-driver-consume#fetching-data-types-as-strings\n\nThis will throw an error in future driver versions."}
{"level":"WARN","message":"[1:00:55.366 PM]: Query result precision loss detected when converting 3.46464646464647e+33 to a JavaScript Number.\n\nFetch as string or BigInt instead:\nhttps://docs.snowflake.com/en/developer-guide/node-js/nodejs-driver-consume#fetching-integer-data-types-as-bigint\nhttps://docs.snowflake.com/en/developer-guide/node-js/nodejs-driver-consume#fetching-data-types-as-strings\n\nThis will throw an error in future driver versions."}
{"level":"WARN","message":"[1:00:55.366 PM]: Query result precision loss detected when converting 4.94949494949495e+33 to a JavaScript Number.\n\nFetch as string or BigInt instead:\nhttps://docs.snowflake.com/en/developer-guide/node-js/nodejs-driver-consume#fetching-integer-data-types-as-bigint\nhttps://docs.snowflake.com/en/developer-guide/node-js/nodejs-driver-consume#fetching-data-types-as-strings\n\nThis will throw an error in future driver versions."}
{"level":"WARN","message":"[1:00:55.366 PM]: Query result precision loss detected when converting 4.94949494949495e+33 to a JavaScript Number.\n\nFetch as string or BigInt instead:\nhttps://docs.snowflake.com/en/developer-guide/node-js/nodejs-driver-consume#fetching-integer-data-types-as-bigint\nhttps://docs.snowflake.com/en/developer-guide/node-js/nodejs-driver-consume#fetching-data-types-as-strings\n\nThis will throw an error in future driver versions."}
{"level":"WARN","message":"[1:00:55.366 PM]: Query result precision loss detected when converting 3.95959595959596e+32 to a JavaScript Number.\n\nFetch as string or BigInt instead:\nhttps://docs.snowflake.com/en/developer-guide/node-js/nodejs-driver-consume#fetching-integer-data-types-as-bigint\nhttps://docs.snowflake.com/en/developer-guide/node-js/nodejs-driver-consume#fetching-data-types-as-strings\n\nThis will throw an error in future driver versions."}
{"level":"WARN","message":"[1:00:55.366 PM]: Query result precision loss detected when converting 2.37575757575758e+33 to a JavaScript Number.\n\nFetch as string or BigInt instead:\nhttps://docs.snowflake.com/en/developer-guide/node-js/nodejs-driver-consume#fetching-integer-data-types-as-bigint\nhttps://docs.snowflake.com/en/developer-guide/node-js/nodejs-driver-consume#fetching-data-types-as-strings\n\nThis will throw an error in future driver versions."}
{"level":"WARN","message":"[1:00:55.366 PM]: Query result precision loss detected when converting 7.91919191919192e+32 to a JavaScript Number.\n\nFetch as string or BigInt instead:\nhttps://docs.snowflake.com/en/developer-guide/node-js/nodejs-driver-consume#fetching-integer-data-types-as-bigint\nhttps://docs.snowflake.com/en/developer-guide/node-js/nodejs-driver-consume#fetching-data-types-as-strings\n\nThis will throw an error in future driver versions."}
{"level":"WARN","message":"[1:00:55.366 PM]: Query result precision loss detected when converting 1.97979797979798e+32 to a JavaScript Number.\n\nFetch as string or BigInt instead:\nhttps://docs.snowflake.com/en/developer-guide/node-js/nodejs-driver-consume#fetching-integer-data-types-as-bigint\nhttps://docs.snowflake.com/en/developer-guide/node-js/nodejs-driver-consume#fetching-data-types-as-strings\n\nThis will throw an error in future driver versions."}
{"level":"WARN","message":"[1:00:55.366 PM]: Query result precision loss detected when converting 5.59292929292929e+34 to a JavaScript Number.\n\nFetch as string or BigInt instead:\nhttps://docs.snowflake.com/en/developer-guide/node-js/nodejs-driver-consume#fetching-integer-data-types-as-bigint\nhttps://docs.snowflake.com/en/developer-guide/node-js/nodejs-driver-consume#fetching-data-types-as-strings\n\nThis will throw an error in future driver versions."}
{"level":"WARN","message":"[1:00:55.366 PM]: Query result precision loss detected when converting 2.17777777777778e+33 to a JavaScript Number.\n\nFetch as string or BigInt instead:\nhttps://docs.snowflake.com/en/developer-guide/node-js/nodejs-driver-consume#fetching-integer-data-types-as-bigint\nhttps://docs.snowflake.com/en/developer-guide/node-js/nodejs-driver-consume#fetching-data-types-as-strings\n\nThis will throw an error in future driver versions."}
{"level":"WARN","message":"[1:00:55.366 PM]: Query result precision loss detected when converting 8.90909090909091e+32 to a JavaScript Number.\n\nFetch as string or BigInt instead:\nhttps://docs.snowflake.com/en/developer-guide/node-js/nodejs-driver-consume#fetching-integer-data-types-as-bigint\nhttps://docs.snowflake.com/en/developer-guide/node-js/nodejs-driver-consume#fetching-data-types-as-strings\n\nThis will throw an error in future driver versions."}
{"level":"WARN","message":"[1:00:55.366 PM]: Query result precision loss detected when converting 5.59292929292929e+34 to a JavaScript Number.\n\nFetch as string or BigInt instead:\nhttps://docs.snowflake.com/en/developer-guide/node-js/nodejs-driver-consume#fetching-integer-data-types-as-bigint\nhttps://docs.snowflake.com/en/developer-guide/node-js/nodejs-driver-consume#fetching-data-types-as-strings\n\nThis will throw an error in future driver versions."}
{"level":"WARN","message":"[1:00:55.366 PM]: Query result precision loss detected when converting 2.47474747474748e+33 to a JavaScript Number.\n\nFetch as string or BigInt instead:\nhttps://docs.snowflake.com/en/developer-guide/node-js/nodejs-driver-consume#fetching-integer-data-types-as-bigint\nhttps://docs.snowflake.com/en/developer-guide/node-js/nodejs-driver-consume#fetching-data-types-as-strings\n\nThis will throw an error in future driver versions."}
{"level":"WARN","message":"[1:00:55.366 PM]: Query result precision loss detected when converting 4.94949494949495e+32 to a JavaScript Number.\n\nFetch as string or BigInt instead:\nhttps://docs.snowflake.com/en/developer-guide/node-js/nodejs-driver-consume#fetching-integer-data-types-as-bigint\nhttps://docs.snowflake.com/en/developer-guide/node-js/nodejs-driver-consume#fetching-data-types-as-strings\n\nThis will throw an error in future driver versions."}
{"level":"WARN","message":"[1:00:55.366 PM]: Query result precision loss detected when converting 1.97979797979798e+32 to a JavaScript Number.\n\nFetch as string or BigInt instead:\nhttps://docs.snowflake.com/en/developer-guide/node-js/nodejs-driver-consume#fetching-integer-data-types-as-bigint\nhttps://docs.snowflake.com/en/developer-guide/node-js/nodejs-driver-consume#fetching-data-types-as-strings\n\nThis will throw an error in future driver versions."}
{"level":"WARN","message":"[1:00:55.366 PM]: Query result precision loss detected when converting 7.91919191919192e+32 to a JavaScript Number.\n\nFetch as string or BigInt instead:\nhttps://docs.snowflake.com/en/developer-guide/node-js/nodejs-driver-consume#fetching-integer-data-types-as-bigint\nhttps://docs.snowflake.com/en/developer-guide/node-js/nodejs-driver-consume#fetching-data-types-as-strings\n\nThis will throw an error in future driver versions."}
{"level":"WARN","message":"[1:00:55.366 PM]: Query result precision loss detected when converting 5.59292929292929e+34 to a JavaScript Number.\n\nFetch as string or BigInt instead:\nhttps://docs.snowflake.com/en/developer-guide/node-js/nodejs-driver-consume#fetching-integer-data-types-as-bigint\nhttps://docs.snowflake.com/en/developer-guide/node-js/nodejs-driver-consume#fetching-data-types-as-strings\n\nThis will throw an error in future driver versions."}
{"level":"WARN","message":"[1:00:55.366 PM]: Query result precision loss detected when converting 9.8989898989899e+32 to a JavaScript Number.\n\nFetch as string or BigInt instead:\nhttps://docs.snowflake.com/en/developer-guide/node-js/nodejs-driver-consume#fetching-integer-data-types-as-bigint\nhttps://docs.snowflake.com/en/developer-guide/node-js/nodejs-driver-consume#fetching-data-types-as-strings\n\nThis will throw an error in future driver versions."}
{"level":"WARN","message":"[1:00:55.366 PM]: Query result precision loss detected when converting 4.94949494949495e+32 to a JavaScript Number.\n\nFetch as string or BigInt instead:\nhttps://docs.snowflake.com/en/developer-guide/node-js/nodejs-driver-consume#fetching-integer-data-types-as-bigint\nhttps://docs.snowflake.com/en/developer-guide/node-js/nodejs-driver-consume#fetching-data-types-as-strings\n\nThis will throw an error in future driver versions."}
{"level":"WARN","message":"[1:00:55.366 PM]: Query result precision loss detected when converting 1.68381818181818e+35 to a JavaScript Number.\n\nFetch as string or BigInt instead:\nhttps://docs.snowflake.com/en/developer-guide/node-js/nodejs-driver-consume#fetching-integer-data-types-as-bigint\nhttps://docs.snowflake.com/en/developer-guide/node-js/nodejs-driver-consume#fetching-data-types-as-strings\n\nThis will throw an error in future driver versions."}
{"level":"WARN","message":"[1:00:55.366 PM]: Query result precision loss detected when converting 2.37575757575758e+33 to a JavaScript Number.\n\nFetch as string or BigInt instead:\nhttps://docs.snowflake.com/en/developer-guide/node-js/nodejs-driver-consume#fetching-integer-data-types-as-bigint\nhttps://docs.snowflake.com/en/developer-guide/node-js/nodejs-driver-consume#fetching-data-types-as-strings\n\nThis will throw an error in future driver versions."}
{"level":"WARN","message":"[1:00:55.366 PM]: Query result precision loss detected when converting 7.61232323232323e+34 to a JavaScript Number.\n\nFetch as string or BigInt instead:\nhttps://docs.snowflake.com/en/developer-guide/node-js/nodejs-driver-consume#fetching-integer-data-types-as-bigint\nhttps://docs.snowflake.com/en/developer-guide/node-js/nodejs-driver-consume#fetching-data-types-as-strings\n\nThis will throw an error in future driver versions."}
{"level":"WARN","message":"[1:00:55.366 PM]: Query result precision loss detected when converting 2.96969696969697e+33 to a JavaScript Number.\n\nFetch as string or BigInt instead:\nhttps://docs.snowflake.com/en/developer-guide/node-js/nodejs-driver-consume#fetching-integer-data-types-as-bigint\nhttps://docs.snowflake.com/en/developer-guide/node-js/nodejs-driver-consume#fetching-data-types-as-strings\n\nThis will throw an error in future driver versions."}
{"level":"WARN","message":"[1:00:55.366 PM]: Query result precision loss detected when converting 4.94949494949495e+32 to a JavaScript Number.\n\nFetch as string or BigInt instead:\nhttps://docs.snowflake.com/en/developer-guide/node-js/nodejs-driver-consume#fetching-integer-data-types-as-bigint\nhttps://docs.snowflake.com/en/developer-guide/node-js/nodejs-driver-consume#fetching-data-types-as-strings\n\nThis will throw an error in future driver versions."}
{"level":"WARN","message":"[1:00:55.366 PM]: Query result precision loss detected when converting 1.97979797979798e+32 to a JavaScript Number.\n\nFetch as string or BigInt instead:\nhttps://docs.snowflake.com/en/developer-guide/node-js/nodejs-driver-consume#fetching-integer-data-types-as-bigint\nhttps://docs.snowflake.com/en/developer-guide/node-js/nodejs-driver-consume#fetching-data-types-as-strings\n\nThis will throw an error in future driver versions."}
{"level":"WARN","message":"[1:00:55.366 PM]: Query result precision loss detected when converting 2.27181818181818e+35 to a JavaScript Number.\n\nFetch as string or BigInt instead:\nhttps://docs.snowflake.com/en/developer-guide/node-js/nodejs-driver-consume#fetching-integer-data-types-as-bigint\nhttps://docs.snowflake.com/en/developer-guide/node-js/nodejs-driver-consume#fetching-data-types-as-strings\n\nThis will throw an error in future driver versions."}
{"level":"WARN","message":"[1:00:55.366 PM]: Query result precision loss detected when converting 3.46464646464647e+33 to a JavaScript Number.\n\nFetch as string or BigInt instead:\nhttps://docs.snowflake.com/en/developer-guide/node-js/nodejs-driver-consume#fetching-integer-data-types-as-bigint\nhttps://docs.snowflake.com/en/developer-guide/node-js/nodejs-driver-consume#fetching-data-types-as-strings\n\nThis will throw an error in future driver versions."}
{"level":"WARN","message":"[1:00:55.366 PM]: Query result precision loss detected when converting 4.94949494949495e+32 to a JavaScript Number.\n\nFetch as string or BigInt instead:\nhttps://docs.snowflake.com/en/developer-guide/node-js/nodejs-driver-consume#fetching-integer-data-types-as-bigint\nhttps://docs.snowflake.com/en/developer-guide/node-js/nodejs-driver-consume#fetching-data-types-as-strings\n\nThis will throw an error in future driver versions."}
{"level":"WARN","message":"[1:00:55.366 PM]: Query result precision loss detected when converting 2.17777777777778e+33 to a JavaScript Number.\n\nFetch as string or BigInt instead:\nhttps://docs.snowflake.com/en/developer-guide/node-js/nodejs-driver-consume#fetching-integer-data-types-as-bigint\nhttps://docs.snowflake.com/en/developer-guide/node-js/nodejs-driver-consume#fetching-data-types-as-strings\n\nThis will throw an error in future driver versions."}
{"level":"WARN","message":"[1:00:55.366 PM]: Query result precision loss detected when converting 9.8989898989899e+32 to a JavaScript Number.\n\nFetch as string or BigInt instead:\nhttps://docs.snowflake.com/en/developer-guide/node-js/nodejs-driver-consume#fetching-integer-data-types-as-bigint\nhttps://docs.snowflake.com/en/developer-guide/node-js/nodejs-driver-consume#fetching-data-types-as-strings\n\nThis will throw an error in future driver versions."}
{"level":"WARN","message":"[1:00:55.366 PM]: Query result precision loss detected when converting 4.94949494949495e+32 to a JavaScript Number.\n\nFetch as string or BigInt instead:\nhttps://docs.snowflake.com/en/developer-guide/node-js/nodejs-driver-consume#fetching-integer-data-types-as-bigint\nhttps://docs.snowflake.com/en/developer-guide/node-js/nodejs-driver-consume#fetching-data-types-as-strings\n\nThis will throw an error in future driver versions."}
{"level":"WARN","message":"[1:00:55.366 PM]: Query result precision loss detected when converting 3.46464646464647e+33 to a JavaScript Number.\n\nFetch as string or BigInt instead:\nhttps://docs.snowflake.com/en/developer-guide/node-js/nodejs-driver-consume#fetching-integer-data-types-as-bigint\nhttps://docs.snowflake.com/en/developer-guide/node-js/nodejs-driver-consume#fetching-data-types-as-strings\n\nThis will throw an error in future driver versions."}
{"level":"WARN","message":"[1:00:55.366 PM]: Query result precision loss detected when converting 1.68381818181818e+35 to a JavaScript Number.\n\nFetch as string or BigInt instead:\nhttps://docs.snowflake.com/en/developer-guide/node-js/nodejs-driver-consume#fetching-integer-data-types-as-bigint\nhttps://docs.snowflake.com/en/developer-guide/node-js/nodejs-driver-consume#fetching-data-types-as-strings\n\nThis will throw an error in future driver versions."}
{"level":"WARN","message":"[1:00:55.366 PM]: Query result precision loss detected when converting 4.94949494949495e+33 to a JavaScript Number.\n\nFetch as string or BigInt instead:\nhttps://docs.snowflake.com/en/developer-guide/node-js/nodejs-driver-consume#fetching-integer-data-types-as-bigint\nhttps://docs.snowflake.com/en/developer-guide/node-js/nodejs-driver-consume#fetching-data-types-as-strings\n\nThis will throw an error in future driver versions."}
{"level":"WARN","message":"[1:00:55.366 PM]: Query result precision loss detected when converting 2.27181818181818e+35 to a JavaScript Number.\n\nFetch as string or BigInt instead:\nhttps://docs.snowflake.com/en/developer-guide/node-js/nodejs-driver-consume#fetching-integer-data-types-as-bigint\nhttps://docs.snowflake.com/en/developer-guide/node-js/nodejs-driver-consume#fetching-data-types-as-strings\n\nThis will throw an error in future driver versions."}
{"level":"WARN","message":"[1:00:55.366 PM]: Query result precision loss detected when converting 2.17777777777778e+33 to a JavaScript Number.\n\nFetch as string or BigInt instead:\nhttps://docs.snowflake.com/en/developer-guide/node-js/nodejs-driver-consume#fetching-integer-data-types-as-bigint\nhttps://docs.snowflake.com/en/developer-guide/node-js/nodejs-driver-consume#fetching-data-types-as-strings\n\nThis will throw an error in future driver versions."}
{"level":"WARN","message":"[1:00:55.366 PM]: Query result precision loss detected when converting 2.29656565656566e+35 to a JavaScript Number.\n\nFetch as string or BigInt instead:\nhttps://docs.snowflake.com/en/developer-guide/node-js/nodejs-driver-consume#fetching-integer-data-types-as-bigint\nhttps://docs.snowflake.com/en/developer-guide/node-js/nodejs-driver-consume#fetching-data-types-as-strings\n\nThis will throw an error in future driver versions."}
{"level":"WARN","message":"[1:00:55.366 PM]: Query result precision loss detected when converting 3.46464646464647e+33 to a JavaScript Number.\n\nFetch as string or BigInt instead:\nhttps://docs.snowflake.com/en/developer-guide/node-js/nodejs-driver-consume#fetching-integer-data-types-as-bigint\nhttps://docs.snowflake.com/en/developer-guide/node-js/nodejs-driver-consume#fetching-data-types-as-strings\n\nThis will throw an error in future driver versions."}
{"level":"WARN","message":"[1:00:55.366 PM]: Query result precision loss detected when converting 4.94949494949495e+32 to a JavaScript Number.\n\nFetch as string or BigInt instead:\nhttps://docs.snowflake.com/en/developer-guide/node-js/nodejs-driver-consume#fetching-integer-data-types-as-bigint\nhttps://docs.snowflake.com/en/developer-guide/node-js/nodejs-driver-consume#fetching-data-types-as-strings\n\nThis will throw an error in future driver versions."}
{"level":"WARN","message":"[1:00:55.366 PM]: Query result precision loss detected when converting 2.27181818181818e+35 to a JavaScript Number.\n\nFetch as string or BigInt instead:\nhttps://docs.snowflake.com/en/developer-guide/node-js/nodejs-driver-consume#fetching-integer-data-types-as-bigint\nhttps://docs.snowflake.com/en/developer-guide/node-js/nodejs-driver-consume#fetching-data-types-as-strings\n\nThis will throw an error in future driver versions."}
{"level":"WARN","message":"[1:00:55.366 PM]: Query result precision loss detected when converting 3.46464646464647e+33 to a JavaScript Number.\n\nFetch as string or BigInt instead:\nhttps://docs.snowflake.com/en/developer-guide/node-js/nodejs-driver-consume#fetching-integer-data-types-as-bigint\nhttps://docs.snowflake.com/en/developer-guide/node-js/nodejs-driver-consume#fetching-data-types-as-strings\n\nThis will throw an error in future driver versions."}
{"level":"WARN","message":"[1:00:55.366 PM]: Query result precision loss detected when converting 2.29656565656566e+35 to a JavaScript Number.\n\nFetch as string or BigInt instead:\nhttps://docs.snowflake.com/en/developer-guide/node-js/nodejs-driver-consume#fetching-integer-data-types-as-bigint\nhttps://docs.snowflake.com/en/developer-guide/node-js/nodejs-driver-consume#fetching-data-types-as-strings\n\nThis will throw an error in future driver versions."}
{"level":"WARN","message":"[1:00:55.366 PM]: Query result precision loss detected when converting 2.17777777777778e+33 to a JavaScript Number.\n\nFetch as string or BigInt instead:\nhttps://docs.snowflake.com/en/developer-guide/node-js/nodejs-driver-consume#fetching-integer-data-types-as-bigint\nhttps://docs.snowflake.com/en/developer-guide/node-js/nodejs-driver-consume#fetching-data-types-as-strings\n\nThis will throw an error in future driver versions."}
{"level":"WARN","message":"[1:00:55.366 PM]: Query result precision loss detected when converting 2.27181818181818e+35 to a JavaScript Number.\n\nFetch as string or BigInt instead:\nhttps://docs.snowflake.com/en/developer-guide/node-js/nodejs-driver-consume#fetching-integer-data-types-as-bigint\nhttps://docs.snowflake.com/en/developer-guide/node-js/nodejs-driver-consume#fetching-data-types-as-strings\n\nThis will throw an error in future driver versions."}
{"level":"WARN","message":"[1:00:55.366 PM]: Query result precision loss detected when converting 9.8989898989899e+32 to a JavaScript Number.\n\nFetch as string or BigInt instead:\nhttps://docs.snowflake.com/en/developer-guide/node-js/nodejs-driver-consume#fetching-integer-data-types-as-bigint\nhttps://docs.snowflake.com/en/developer-guide/node-js/nodejs-driver-consume#fetching-data-types-as-strings\n\nThis will throw an error in future driver versions."}
{"level":"WARN","message":"[1:00:55.366 PM]: Query result precision loss detected when converting 4.94949494949495e+32 to a JavaScript Number.\n\nFetch as string or BigInt instead:\nhttps://docs.snowflake.com/en/developer-guide/node-js/nodejs-driver-consume#fetching-integer-data-types-as-bigint\nhttps://docs.snowflake.com/en/developer-guide/node-js/nodejs-driver-consume#fetching-data-types-as-strings\n\nThis will throw an error in future driver versions."}
{"level":"WARN","message":"[1:00:55.366 PM]: Query result precision loss detected when converting 3.46464646464647e+33 to a JavaScript Number.\n\nFetch as string or BigInt instead:\nhttps://docs.snowflake.com/en/developer-guide/node-js/nodejs-driver-consume#fetching-integer-data-types-as-bigint\nhttps://docs.snowflake.com/en/developer-guide/node-js/nodejs-driver-consume#fetching-data-types-as-strings\n\nThis will throw an error in future driver versions."}
{"level":"WARN","message":"[1:00:55.366 PM]: Query result precision loss detected when converting 3.46464646464647e+33 to a JavaScript Number.\n\nFetch as string or BigInt instead:\nhttps://docs.snowflake.com/en/developer-guide/node-js/nodejs-driver-consume#fetching-integer-data-types-as-bigint\nhttps://docs.snowflake.com/en/developer-guide/node-js/nodejs-driver-consume#fetching-data-types-as-strings\n\nThis will throw an error in future driver versions."}
{"level":"WARN","message":"[1:00:55.366 PM]: Query result precision loss detected when converting 5.34545454545455e+33 to a JavaScript Number.\n\nFetch as string or BigInt instead:\nhttps://docs.snowflake.com/en/developer-guide/node-js/nodejs-driver-consume#fetching-integer-data-types-as-bigint\nhttps://docs.snowflake.com/en/developer-guide/node-js/nodejs-driver-consume#fetching-data-types-as-strings\n\nThis will throw an error in future driver versions."}
{"level":"WARN","message":"[1:00:55.366 PM]: Query result precision loss detected when converting 2.47474747474748e+33 to a JavaScript Number.\n\nFetch as string or BigInt instead:\nhttps://docs.snowflake.com/en/developer-guide/node-js/nodejs-driver-consume#fetching-integer-data-types-as-bigint\nhttps://docs.snowflake.com/en/developer-guide/node-js/nodejs-driver-consume#fetching-data-types-as-strings\n\nThis will throw an error in future driver versions."}
{"level":"WARN","message":"[1:00:55.366 PM]: Query result precision loss detected when converting 4.94949494949495e+32 to a JavaScript Number.\n\nFetch as string or BigInt instead:\nhttps://docs.snowflake.com/en/developer-guide/node-js/nodejs-driver-consume#fetching-integer-data-types-as-bigint\nhttps://docs.snowflake.com/en/developer-guide/node-js/nodejs-driver-consume#fetching-data-types-as-strings\n\nThis will throw an error in future driver versions."}
{"level":"WARN","message":"[1:00:55.366 PM]: Query result precision loss detected when converting 4.94949494949495e+33 to a JavaScript Number.\n\nFetch as string or BigInt instead:\nhttps://docs.snowflake.com/en/developer-guide/node-js/nodejs-driver-consume#fetching-integer-data-types-as-bigint\nhttps://docs.snowflake.com/en/developer-guide/node-js/nodejs-driver-consume#fetching-data-types-as-strings\n\nThis will throw an error in future driver versions."}
{"level":"WARN","message":"[1:00:55.366 PM]: Query result precision loss detected when converting 4.94949494949495e+32 to a JavaScript Number.\n\nFetch as string or BigInt instead:\nhttps://docs.snowflake.com/en/developer-guide/node-js/nodejs-driver-consume#fetching-integer-data-types-as-bigint\nhttps://docs.snowflake.com/en/developer-guide/node-js/nodejs-driver-consume#fetching-data-types-as-strings\n\nThis will throw an error in future driver versions."}
{"level":"WARN","message":"[1:00:55.366 PM]: Query result precision loss detected when converting 9.8989898989899e+32 to a JavaScript Number.\n\nFetch as string or BigInt instead:\nhttps://docs.snowflake.com/en/developer-guide/node-js/nodejs-driver-consume#fetching-integer-data-types-as-bigint\nhttps://docs.snowflake.com/en/developer-guide/node-js/nodejs-driver-consume#fetching-data-types-as-strings\n\nThis will throw an error in future driver versions."}
{"level":"WARN","message":"[1:00:55.366 PM]: Query result precision loss detected when converting 5.34545454545455e+33 to a JavaScript Number.\n\nFetch as string or BigInt instead:\nhttps://docs.snowflake.com/en/developer-guide/node-js/nodejs-driver-consume#fetching-integer-data-types-as-bigint\nhttps://docs.snowflake.com/en/developer-guide/node-js/nodejs-driver-consume#fetching-data-types-as-strings\n\nThis will throw an error in future driver versions."}
{"level":"WARN","message":"[1:00:55.366 PM]: Query result precision loss detected when converting 9.8989898989899e+32 to a JavaScript Number.\n\nFetch as string or BigInt instead:\nhttps://docs.snowflake.com/en/developer-guide/node-js/nodejs-driver-consume#fetching-integer-data-types-as-bigint\nhttps://docs.snowflake.com/en/developer-guide/node-js/nodejs-driver-consume#fetching-data-types-as-strings\n\nThis will throw an error in future driver versions."}
{"level":"WARN","message":"[1:00:55.366 PM]: Query result precision loss detected when converting 6.92929292929293e+33 to a JavaScript Number.\n\nFetch as string or BigInt instead:\nhttps://docs.snowflake.com/en/developer-guide/node-js/nodejs-driver-consume#fetching-integer-data-types-as-bigint\nhttps://docs.snowflake.com/en/developer-guide/node-js/nodejs-driver-consume#fetching-data-types-as-strings\n\nThis will throw an error in future driver versions."}
{"level":"WARN","message":"[1:00:55.366 PM]: Query result precision loss detected when converting 6.92929292929293e+33 to a JavaScript Number.\n\nFetch as string or BigInt instead:\nhttps://docs.snowflake.com/en/developer-guide/node-js/nodejs-driver-consume#fetching-integer-data-types-as-bigint\nhttps://docs.snowflake.com/en/developer-guide/node-js/nodejs-driver-consume#fetching-data-types-as-strings\n\nThis will throw an error in future driver versions."}
{"level":"WARN","message":"[1:00:55.366 PM]: Query result precision loss detected when converting 4.94949494949495e+32 to a JavaScript Number.\n\nFetch as string or BigInt instead:\nhttps://docs.snowflake.com/en/developer-guide/node-js/nodejs-driver-consume#fetching-integer-data-types-as-bigint\nhttps://docs.snowflake.com/en/developer-guide/node-js/nodejs-driver-consume#fetching-data-types-as-strings\n\nThis will throw an error in future driver versions."}
{"level":"WARN","message":"[1:00:55.366 PM]: Query result precision loss detected when converting 4.94949494949495e+32 to a JavaScript Number.\n\nFetch as string or BigInt instead:\nhttps://docs.snowflake.com/en/developer-guide/node-js/nodejs-driver-consume#fetching-integer-data-types-as-bigint\nhttps://docs.snowflake.com/en/developer-guide/node-js/nodejs-driver-consume#fetching-data-types-as-strings\n\nThis will throw an error in future driver versions."}
{"level":"WARN","message":"[1:00:55.366 PM]: Query result precision loss detected when converting 4.94949494949495e+32 to a JavaScript Number.\n\nFetch as string or BigInt instead:\nhttps://docs.snowflake.com/en/developer-guide/node-js/nodejs-driver-consume#fetching-integer-data-types-as-bigint\nhttps://docs.snowflake.com/en/developer-guide/node-js/nodejs-driver-consume#fetching-data-types-as-strings\n\nThis will throw an error in future driver versions."}
{"level":"WARN","message":"[1:00:55.366 PM]: Query result precision loss detected when converting 1.97979797979798e+32 to a JavaScript Number.\n\nFetch as string or BigInt instead:\nhttps://docs.snowflake.com/en/developer-guide/node-js/nodejs-driver-consume#fetching-integer-data-types-as-bigint\nhttps://docs.snowflake.com/en/developer-guide/node-js/nodejs-driver-consume#fetching-data-types-as-strings\n\nThis will throw an error in future driver versions."}
{"level":"WARN","message":"[1:00:55.366 PM]: Query result precision loss detected when converting 6.33535353535354e+33 to a JavaScript Number.\n\nFetch as string or BigInt instead:\nhttps://docs.snowflake.com/en/developer-guide/node-js/nodejs-driver-consume#fetching-integer-data-types-as-bigint\nhttps://docs.snowflake.com/en/developer-guide/node-js/nodejs-driver-consume#fetching-data-types-as-strings\n\nThis will throw an error in future driver versions."}
{"level":"WARN","message":"[1:00:55.366 PM]: Query result precision loss detected when converting 2.17777777777778e+33 to a JavaScript Number.\n\nFetch as string or BigInt instead:\nhttps://docs.snowflake.com/en/developer-guide/node-js/nodejs-driver-consume#fetching-integer-data-types-as-bigint\nhttps://docs.snowflake.com/en/developer-guide/node-js/nodejs-driver-consume#fetching-data-types-as-strings\n\nThis will throw an error in future driver versions."}
{"level":"WARN","message":"[1:00:55.366 PM]: Query result precision loss detected when converting 2.17777777777778e+33 to a JavaScript Number.\n\nFetch as string or BigInt instead:\nhttps://docs.snowflake.com/en/developer-guide/node-js/nodejs-driver-consume#fetching-integer-data-types-as-bigint\nhttps://docs.snowflake.com/en/developer-guide/node-js/nodejs-driver-consume#fetching-data-types-as-strings\n\nThis will throw an error in future driver versions."}
{"level":"WARN","message":"[1:00:55.425 PM]: Query result precision loss detected when converting 3.54185858585859e+35 to a JavaScript Number.\n\nFetch as string or BigInt instead:\nhttps://docs.snowflake.com/en/developer-guide/node-js/nodejs-driver-consume#fetching-integer-data-types-as-bigint\nhttps://docs.snowflake.com/en/developer-guide/node-js/nodejs-driver-consume#fetching-data-types-as-strings\n\nThis will throw an error in future driver versions."}
{"level":"WARN","message":"[1:00:55.425 PM]: Query result precision loss detected when converting 3.54185858585859e+35 to a JavaScript Number.\n\nFetch as string or BigInt instead:\nhttps://docs.snowflake.com/en/developer-guide/node-js/nodejs-driver-consume#fetching-integer-data-types-as-bigint\nhttps://docs.snowflake.com/en/developer-guide/node-js/nodejs-driver-consume#fetching-data-types-as-strings\n\nThis will throw an error in future driver versions."}
{"level":"WARN","message":"[1:00:55.425 PM]: Query result precision loss detected when converting 3.54185858585859e+35 to a JavaScript Number.\n\nFetch as string or BigInt instead:\nhttps://docs.snowflake.com/en/developer-guide/node-js/nodejs-driver-consume#fetching-integer-data-types-as-bigint\nhttps://docs.snowflake.com/en/developer-guide/node-js/nodejs-driver-consume#fetching-data-types-as-strings\n\nThis will throw an error in future driver versions."}
{"level":"WARN","message":"[1:00:55.425 PM]: Query result precision loss detected when converting 3.34090909090909e+35 to a JavaScript Number.\n\nFetch as string or BigInt instead:\nhttps://docs.snowflake.com/en/developer-guide/node-js/nodejs-driver-consume#fetching-integer-data-types-as-bigint\nhttps://docs.snowflake.com/en/developer-guide/node-js/nodejs-driver-consume#fetching-data-types-as-strings\n\nThis will throw an error in future driver versions."}
{"level":"WARN","message":"[1:00:55.425 PM]: Query result precision loss detected when converting 3.54185858585859e+35 to a JavaScript Number.\n\nFetch as string or BigInt instead:\nhttps://docs.snowflake.com/en/developer-guide/node-js/nodejs-driver-consume#fetching-integer-data-types-as-bigint\nhttps://docs.snowflake.com/en/developer-guide/node-js/nodejs-driver-consume#fetching-data-types-as-strings\n\nThis will throw an error in future driver versions."}
{"level":"WARN","message":"[1:00:55.425 PM]: Query result precision loss detected when converting 3.54185858585859e+35 to a JavaScript Number.\n\nFetch as string or BigInt instead:\nhttps://docs.snowflake.com/en/developer-guide/node-js/nodejs-driver-consume#fetching-integer-data-types-as-bigint\nhttps://docs.snowflake.com/en/developer-guide/node-js/nodejs-driver-consume#fetching-data-types-as-strings\n\nThis will throw an error in future driver versions."}
{"level":"WARN","message":"[1:00:55.425 PM]: Query result precision loss detected when converting 3.36565656565657e+35 to a JavaScript Number.\n\nFetch as string or BigInt instead:\nhttps://docs.snowflake.com/en/developer-guide/node-js/nodejs-driver-consume#fetching-integer-data-types-as-bigint\nhttps://docs.snowflake.com/en/developer-guide/node-js/nodejs-driver-consume#fetching-data-types-as-strings\n\nThis will throw an error in future driver versions."}
{"level":"WARN","message":"[1:00:55.425 PM]: Query result precision loss detected when converting 3.54185858585859e+35 to a JavaScript Number.\n\nFetch as string or BigInt instead:\nhttps://docs.snowflake.com/en/developer-guide/node-js/nodejs-driver-consume#fetching-integer-data-types-as-bigint\nhttps://docs.snowflake.com/en/developer-guide/node-js/nodejs-driver-consume#fetching-data-types-as-strings\n\nThis will throw an error in future driver versions."}
{"level":"WARN","message":"[1:00:55.425 PM]: Query result precision loss detected when converting 2.02830303030303e+35 to a JavaScript Number.\n\nFetch as string or BigInt instead:\nhttps://docs.snowflake.com/en/developer-guide/node-js/nodejs-driver-consume#fetching-integer-data-types-as-bigint\nhttps://docs.snowflake.com/en/developer-guide/node-js/nodejs-driver-consume#fetching-data-types-as-strings\n\nThis will throw an error in future driver versions."}
{"level":"WARN","message":"[1:00:55.426 PM]: Query result precision loss detected when converting 2.1599595959596e+35 to a JavaScript Number.\n\nFetch as string or BigInt instead:\nhttps://docs.snowflake.com/en/developer-guide/node-js/nodejs-driver-consume#fetching-integer-data-types-as-bigint\nhttps://docs.snowflake.com/en/developer-guide/node-js/nodejs-driver-consume#fetching-data-types-as-strings\n\nThis will throw an error in future driver versions."}
{"level":"WARN","message":"[1:00:55.426 PM]: Query result precision loss detected when converting 2.41832323232323e+35 to a JavaScript Number.\n\nFetch as string or BigInt instead:\nhttps://docs.snowflake.com/en/developer-guide/node-js/nodejs-driver-consume#fetching-integer-data-types-as-bigint\nhttps://docs.snowflake.com/en/developer-guide/node-js/nodejs-driver-consume#fetching-data-types-as-strings\n\nThis will throw an error in future driver versions."}
{"level":"WARN","message":"[1:00:55.426 PM]: Query result precision loss detected when converting 2.41832323232323e+35 to a JavaScript Number.\n\nFetch as string or BigInt instead:\nhttps://docs.snowflake.com/en/developer-guide/node-js/nodejs-driver-consume#fetching-integer-data-types-as-bigint\nhttps://docs.snowflake.com/en/developer-guide/node-js/nodejs-driver-consume#fetching-data-types-as-strings\n\nThis will throw an error in future driver versions."}
{"level":"WARN","message":"[1:00:55.426 PM]: Query result precision loss detected when converting 2.1599595959596e+35 to a JavaScript Number.\n\nFetch as string or BigInt instead:\nhttps://docs.snowflake.com/en/developer-guide/node-js/nodejs-driver-consume#fetching-integer-data-types-as-bigint\nhttps://docs.snowflake.com/en/developer-guide/node-js/nodejs-driver-consume#fetching-data-types-as-strings\n\nThis will throw an error in future driver versions."}
{"level":"WARN","message":"[1:00:55.426 PM]: Query result precision loss detected when converting 2.1599595959596e+35 to a JavaScript Number.\n\nFetch as string or BigInt instead:\nhttps://docs.snowflake.com/en/developer-guide/node-js/nodejs-driver-consume#fetching-integer-data-types-as-bigint\nhttps://docs.snowflake.com/en/developer-guide/node-js/nodejs-driver-consume#fetching-data-types-as-strings\n\nThis will throw an error in future driver versions."}
{"level":"WARN","message":"[1:00:55.426 PM]: Query result precision loss detected when converting 2.1599595959596e+35 to a JavaScript Number.\n\nFetch as string or BigInt instead:\nhttps://docs.snowflake.com/en/developer-guide/node-js/nodejs-driver-consume#fetching-integer-data-types-as-bigint\nhttps://docs.snowflake.com/en/developer-guide/node-js/nodejs-driver-consume#fetching-data-types-as-strings\n\nThis will throw an error in future driver versions."}
{"level":"WARN","message":"[1:00:55.426 PM]: Query result precision loss detected when converting 2.02830303030303e+35 to a JavaScript Number.\n\nFetch as string or BigInt instead:\nhttps://docs.snowflake.com/en/developer-guide/node-js/nodejs-driver-consume#fetching-integer-data-types-as-bigint\nhttps://docs.snowflake.com/en/developer-guide/node-js/nodejs-driver-consume#fetching-data-types-as-strings\n\nThis will throw an error in future driver versions."}
{"level":"WARN","message":"[1:00:55.426 PM]: Query result precision loss detected when converting 2.05008080808081e+35 to a JavaScript Number.\n\nFetch as string or BigInt instead:\nhttps://docs.snowflake.com/en/developer-guide/node-js/nodejs-driver-consume#fetching-integer-data-types-as-bigint\nhttps://docs.snowflake.com/en/developer-guide/node-js/nodejs-driver-consume#fetching-data-types-as-strings\n\nThis will throw an error in future driver versions."}
{"level":"WARN","message":"[1:00:55.426 PM]: Query result precision loss detected when converting 9.8989898989899e+34 to a JavaScript Number.\n\nFetch as string or BigInt instead:\nhttps://docs.snowflake.com/en/developer-guide/node-js/nodejs-driver-consume#fetching-integer-data-types-as-bigint\nhttps://docs.snowflake.com/en/developer-guide/node-js/nodejs-driver-consume#fetching-data-types-as-strings\n\nThis will throw an error in future driver versions."}
{"level":"WARN","message":"[1:00:55.426 PM]: Query result precision loss detected when converting 2.1599595959596e+35 to a JavaScript Number.\n\nFetch as string or BigInt instead:\nhttps://docs.snowflake.com/en/developer-guide/node-js/nodejs-driver-consume#fetching-integer-data-types-as-bigint\nhttps://docs.snowflake.com/en/developer-guide/node-js/nodejs-driver-consume#fetching-data-types-as-strings\n\nThis will throw an error in future driver versions."}
{"level":"WARN","message":"[1:00:55.426 PM]: Query result precision loss detected when converting 9.8989898989899e+34 to a JavaScript Number.\n\nFetch as string or BigInt instead:\nhttps://docs.snowflake.com/en/developer-guide/node-js/nodejs-driver-consume#fetching-integer-data-types-as-bigint\nhttps://docs.snowflake.com/en/developer-guide/node-js/nodejs-driver-consume#fetching-data-types-as-strings\n\nThis will throw an error in future driver versions."}
{"level":"WARN","message":"[1:00:55.426 PM]: Query result precision loss detected when converting 7.75090909090909e+34 to a JavaScript Number.\n\nFetch as string or BigInt instead:\nhttps://docs.snowflake.com/en/developer-guide/node-js/nodejs-driver-consume#fetching-integer-data-types-as-bigint\nhttps://docs.snowflake.com/en/developer-guide/node-js/nodejs-driver-consume#fetching-data-types-as-strings\n\nThis will throw an error in future driver versions."}
{"level":"WARN","message":"[1:00:55.426 PM]: Query result precision loss detected when converting 2.05008080808081e+35 to a JavaScript Number.\n\nFetch as string or BigInt instead:\nhttps://docs.snowflake.com/en/developer-guide/node-js/nodejs-driver-consume#fetching-integer-data-types-as-bigint\nhttps://docs.snowflake.com/en/developer-guide/node-js/nodejs-driver-consume#fetching-data-types-as-strings\n\nThis will throw an error in future driver versions."}
{"level":"WARN","message":"[1:00:55.426 PM]: Query result precision loss detected when converting 7.75090909090909e+34 to a JavaScript Number.\n\nFetch as string or BigInt instead:\nhttps://docs.snowflake.com/en/developer-guide/node-js/nodejs-driver-consume#fetching-integer-data-types-as-bigint\nhttps://docs.snowflake.com/en/developer-guide/node-js/nodejs-driver-consume#fetching-data-types-as-strings\n\nThis will throw an error in future driver versions."}
{"level":"WARN","message":"[1:00:55.426 PM]: Query result precision loss detected when converting 2.41832323232323e+35 to a JavaScript Number.\n\nFetch as string or BigInt instead:\nhttps://docs.snowflake.com/en/developer-guide/node-js/nodejs-driver-consume#fetching-integer-data-types-as-bigint\nhttps://docs.snowflake.com/en/developer-guide/node-js/nodejs-driver-consume#fetching-data-types-as-strings\n\nThis will throw an error in future driver versions."}
{"level":"WARN","message":"[1:00:55.426 PM]: Query result precision loss detected when converting 3.54185858585859e+35 to a JavaScript Number.\n\nFetch as string or BigInt instead:\nhttps://docs.snowflake.com/en/developer-guide/node-js/nodejs-driver-consume#fetching-integer-data-types-as-bigint\nhttps://docs.snowflake.com/en/developer-guide/node-js/nodejs-driver-consume#fetching-data-types-as-strings\n\nThis will throw an error in future driver versions."}
{"level":"WARN","message":"[1:00:55.426 PM]: Query result precision loss detected when converting 3.54185858585859e+35 to a JavaScript Number.\n\nFetch as string or BigInt instead:\nhttps://docs.snowflake.com/en/developer-guide/node-js/nodejs-driver-consume#fetching-integer-data-types-as-bigint\nhttps://docs.snowflake.com/en/developer-guide/node-js/nodejs-driver-consume#fetching-data-types-as-strings\n\nThis will throw an error in future driver versions."}
{"level":"WARN","message":"[1:00:55.426 PM]: Query result precision loss detected when converting 3.54185858585859e+35 to a JavaScript Number.\n\nFetch as string or BigInt instead:\nhttps://docs.snowflake.com/en/developer-guide/node-js/nodejs-driver-consume#fetching-integer-data-types-as-bigint\nhttps://docs.snowflake.com/en/developer-guide/node-js/nodejs-driver-consume#fetching-data-types-as-strings\n\nThis will throw an error in future driver versions."}
{"level":"WARN","message":"[1:00:55.426 PM]: Query result precision loss detected when converting 6.91939393939394e+34 to a JavaScript Number.\n\nFetch as string or BigInt instead:\nhttps://docs.snowflake.com/en/developer-guide/node-js/nodejs-driver-consume#fetching-integer-data-types-as-bigint\nhttps://docs.snowflake.com/en/developer-guide/node-js/nodejs-driver-consume#fetching-data-types-as-strings\n\nThis will throw an error in future driver versions."}
{"level":"WARN","message":"[1:00:55.426 PM]: Query result precision loss detected when converting 3.36565656565657e+35 to a JavaScript Number.\n\nFetch as string or BigInt instead:\nhttps://docs.snowflake.com/en/developer-guide/node-js/nodejs-driver-consume#fetching-integer-data-types-as-bigint\nhttps://docs.snowflake.com/en/developer-guide/node-js/nodejs-driver-consume#fetching-data-types-as-strings\n\nThis will throw an error in future driver versions."}
{"level":"WARN","message":"[1:00:55.426 PM]: Query result precision loss detected when converting 3.54185858585859e+35 to a JavaScript Number.\n\nFetch as string or BigInt instead:\nhttps://docs.snowflake.com/en/developer-guide/node-js/nodejs-driver-consume#fetching-integer-data-types-as-bigint\nhttps://docs.snowflake.com/en/developer-guide/node-js/nodejs-driver-consume#fetching-data-types-as-strings\n\nThis will throw an error in future driver versions."}
{"level":"WARN","message":"[1:00:55.426 PM]: Query result precision loss detected when converting 3.34090909090909e+35 to a JavaScript Number.\n\nFetch as string or BigInt instead:\nhttps://docs.snowflake.com/en/developer-guide/node-js/nodejs-driver-consume#fetching-integer-data-types-as-bigint\nhttps://docs.snowflake.com/en/developer-guide/node-js/nodejs-driver-consume#fetching-data-types-as-strings\n\nThis will throw an error in future driver versions."}
{"level":"WARN","message":"[1:00:55.426 PM]: Query result precision loss detected when converting 3.54185858585859e+35 to a JavaScript Number.\n\nFetch as string or BigInt instead:\nhttps://docs.snowflake.com/en/developer-guide/node-js/nodejs-driver-consume#fetching-integer-data-types-as-bigint\nhttps://docs.snowflake.com/en/developer-guide/node-js/nodejs-driver-consume#fetching-data-types-as-strings\n\nThis will throw an error in future driver versions."}
{"level":"WARN","message":"[1:00:55.426 PM]: Query result precision loss detected when converting 3.54185858585859e+35 to a JavaScript Number.\n\nFetch as string or BigInt instead:\nhttps://docs.snowflake.com/en/developer-guide/node-js/nodejs-driver-consume#fetching-integer-data-types-as-bigint\nhttps://docs.snowflake.com/en/developer-guide/node-js/nodejs-driver-consume#fetching-data-types-as-strings\n\nThis will throw an error in future driver versions."}
{"level":"WARN","message":"[1:00:55.426 PM]: Query result precision loss detected when converting 2.1599595959596e+35 to a JavaScript Number.\n\nFetch as string or BigInt instead:\nhttps://docs.snowflake.com/en/developer-guide/node-js/nodejs-driver-consume#fetching-integer-data-types-as-bigint\nhttps://docs.snowflake.com/en/developer-guide/node-js/nodejs-driver-consume#fetching-data-types-as-strings\n\nThis will throw an error in future driver versions."}
{"level":"WARN","message":"[1:00:55.426 PM]: Query result precision loss detected when converting 9.8989898989899e+34 to a JavaScript Number.\n\nFetch as string or BigInt instead:\nhttps://docs.snowflake.com/en/developer-guide/node-js/nodejs-driver-consume#fetching-integer-data-types-as-bigint\nhttps://docs.snowflake.com/en/developer-guide/node-js/nodejs-driver-consume#fetching-data-types-as-strings\n\nThis will throw an error in future driver versions."}
{"level":"WARN","message":"[1:00:55.426 PM]: Query result precision loss detected when converting 7.75090909090909e+34 to a JavaScript Number.\n\nFetch as string or BigInt instead:\nhttps://docs.snowflake.com/en/developer-guide/node-js/nodejs-driver-consume#fetching-integer-data-types-as-bigint\nhttps://docs.snowflake.com/en/developer-guide/node-js/nodejs-driver-consume#fetching-data-types-as-strings\n\nThis will throw an error in future driver versions."}
{"level":"WARN","message":"[1:00:55.426 PM]: Query result precision loss detected when converting 2.02830303030303e+35 to a JavaScript Number.\n\nFetch as string or BigInt instead:\nhttps://docs.snowflake.com/en/developer-guide/node-js/nodejs-driver-consume#fetching-integer-data-types-as-bigint\nhttps://docs.snowflake.com/en/developer-guide/node-js/nodejs-driver-consume#fetching-data-types-as-strings\n\nThis will throw an error in future driver versions."}
{"level":"WARN","message":"[1:00:55.426 PM]: Query result precision loss detected when converting 7.75090909090909e+34 to a JavaScript Number.\n\nFetch as string or BigInt instead:\nhttps://docs.snowflake.com/en/developer-guide/node-js/nodejs-driver-consume#fetching-integer-data-types-as-bigint\nhttps://docs.snowflake.com/en/developer-guide/node-js/nodejs-driver-consume#fetching-data-types-as-strings\n\nThis will throw an error in future driver versions."}
{"level":"WARN","message":"[1:00:55.426 PM]: Query result precision loss detected when converting 9.8989898989899e+34 to a JavaScript Number.\n\nFetch as string or BigInt instead:\nhttps://docs.snowflake.com/en/developer-guide/node-js/nodejs-driver-consume#fetching-integer-data-types-as-bigint\nhttps://docs.snowflake.com/en/developer-guide/node-js/nodejs-driver-consume#fetching-data-types-as-strings\n\nThis will throw an error in future driver versions."}
{"level":"WARN","message":"[1:00:55.426 PM]: Query result precision loss detected when converting 2.02830303030303e+35 to a JavaScript Number.\n\nFetch as string or BigInt instead:\nhttps://docs.snowflake.com/en/developer-guide/node-js/nodejs-driver-consume#fetching-integer-data-types-as-bigint\nhttps://docs.snowflake.com/en/developer-guide/node-js/nodejs-driver-consume#fetching-data-types-as-strings\n\nThis will throw an error in future driver versions."}
{"level":"WARN","message":"[1:00:55.426 PM]: Query result precision loss detected when converting 2.1599595959596e+35 to a JavaScript Number.\n\nFetch as string or BigInt instead:\nhttps://docs.snowflake.com/en/developer-guide/node-js/nodejs-driver-consume#fetching-integer-data-types-as-bigint\nhttps://docs.snowflake.com/en/developer-guide/node-js/nodejs-driver-consume#fetching-data-types-as-strings\n\nThis will throw an error in future driver versions."}
{"level":"WARN","message":"[1:00:55.426 PM]: Query result precision loss detected when converting 9.8989898989899e+34 to a JavaScript Number.\n\nFetch as string or BigInt instead:\nhttps://docs.snowflake.com/en/developer-guide/node-js/nodejs-driver-consume#fetching-integer-data-types-as-bigint\nhttps://docs.snowflake.com/en/developer-guide/node-js/nodejs-driver-consume#fetching-data-types-as-strings\n\nThis will throw an error in future driver versions."}
{"level":"WARN","message":"[1:00:55.426 PM]: Query result precision loss detected when converting 3.54185858585859e+35 to a JavaScript Number.\n\nFetch as string or BigInt instead:\nhttps://docs.snowflake.com/en/developer-guide/node-js/nodejs-driver-consume#fetching-integer-data-types-as-bigint\nhttps://docs.snowflake.com/en/developer-guide/node-js/nodejs-driver-consume#fetching-data-types-as-strings\n\nThis will throw an error in future driver versions."}
{"level":"WARN","message":"[1:00:55.426 PM]: Query result precision loss detected when converting 3.54185858585859e+35 to a JavaScript Number.\n\nFetch as string or BigInt instead:\nhttps://docs.snowflake.com/en/developer-guide/node-js/nodejs-driver-consume#fetching-integer-data-types-as-bigint\nhttps://docs.snowflake.com/en/developer-guide/node-js/nodejs-driver-consume#fetching-data-types-as-strings\n\nThis will throw an error in future driver versions."}
{"level":"WARN","message":"[1:00:55.426 PM]: Query result precision loss detected when converting 3.54185858585859e+35 to a JavaScript Number.\n\nFetch as string or BigInt instead:\nhttps://docs.snowflake.com/en/developer-guide/node-js/nodejs-driver-consume#fetching-integer-data-types-as-bigint\nhttps://docs.snowflake.com/en/developer-guide/node-js/nodejs-driver-consume#fetching-data-types-as-strings\n\nThis will throw an error in future driver versions."}
{"level":"WARN","message":"[1:00:55.426 PM]: Query result precision loss detected when converting 3.54185858585859e+35 to a JavaScript Number.\n\nFetch as string or BigInt instead:\nhttps://docs.snowflake.com/en/developer-guide/node-js/nodejs-driver-consume#fetching-integer-data-types-as-bigint\nhttps://docs.snowflake.com/en/developer-guide/node-js/nodejs-driver-consume#fetching-data-types-as-strings\n\nThis will throw an error in future driver versions."}
{"level":"WARN","message":"[1:00:55.426 PM]: Query result precision loss detected when converting 6.91939393939394e+34 to a JavaScript Number.\n\nFetch as string or BigInt instead:\nhttps://docs.snowflake.com/en/developer-guide/node-js/nodejs-driver-consume#fetching-integer-data-types-as-bigint\nhttps://docs.snowflake.com/en/developer-guide/node-js/nodejs-driver-consume#fetching-data-types-as-strings\n\nThis will throw an error in future driver versions."}
{"level":"WARN","message":"[1:00:55.426 PM]: Query result precision loss detected when converting 3.54185858585859e+35 to a JavaScript Number.\n\nFetch as string or BigInt instead:\nhttps://docs.snowflake.com/en/developer-guide/node-js/nodejs-driver-consume#fetching-integer-data-types-as-bigint\nhttps://docs.snowflake.com/en/developer-guide/node-js/nodejs-driver-consume#fetching-data-types-as-strings\n\nThis will throw an error in future driver versions."}
{"level":"WARN","message":"[1:00:55.426 PM]: Query result precision loss detected when converting 3.54185858585859e+35 to a JavaScript Number.\n\nFetch as string or BigInt instead:\nhttps://docs.snowflake.com/en/developer-guide/node-js/nodejs-driver-consume#fetching-integer-data-types-as-bigint\nhttps://docs.snowflake.com/en/developer-guide/node-js/nodejs-driver-consume#fetching-data-types-as-strings\n\nThis will throw an error in future driver versions."}
{"level":"WARN","message":"[1:00:55.426 PM]: Query result precision loss detected when converting 3.54185858585859e+35 to a JavaScript Number.\n\nFetch as string or BigInt instead:\nhttps://docs.snowflake.com/en/developer-guide/node-js/nodejs-driver-consume#fetching-integer-data-types-as-bigint\nhttps://docs.snowflake.com/en/developer-guide/node-js/nodejs-driver-consume#fetching-data-types-as-strings\n\nThis will throw an error in future driver versions."}
{"level":"WARN","message":"[1:00:55.426 PM]: Query result precision loss detected when converting 3.54185858585859e+35 to a JavaScript Number.\n\nFetch as string or BigInt instead:\nhttps://docs.snowflake.com/en/developer-guide/node-js/nodejs-driver-consume#fetching-integer-data-types-as-bigint\nhttps://docs.snowflake.com/en/developer-guide/node-js/nodejs-driver-consume#fetching-data-types-as-strings\n\nThis will throw an error in future driver versions."}
{"level":"WARN","message":"[1:00:55.426 PM]: Query result precision loss detected when converting 2.07878787878788e+33 to a JavaScript Number.\n\nFetch as string or BigInt instead:\nhttps://docs.snowflake.com/en/developer-guide/node-js/nodejs-driver-consume#fetching-integer-data-types-as-bigint\nhttps://docs.snowflake.com/en/developer-guide/node-js/nodejs-driver-consume#fetching-data-types-as-strings\n\nThis will throw an error in future driver versions."}
{"level":"WARN","message":"[1:00:55.426 PM]: Query result precision loss detected when converting 3.95959595959596e+32 to a JavaScript Number.\n\nFetch as string or BigInt instead:\nhttps://docs.snowflake.com/en/developer-guide/node-js/nodejs-driver-consume#fetching-integer-data-types-as-bigint\nhttps://docs.snowflake.com/en/developer-guide/node-js/nodejs-driver-consume#fetching-data-types-as-strings\n\nThis will throw an error in future driver versions."}
{"level":"WARN","message":"[1:00:55.426 PM]: Query result precision loss detected when converting 3.46464646464647e+33 to a JavaScript Number.\n\nFetch as string or BigInt instead:\nhttps://docs.snowflake.com/en/developer-guide/node-js/nodejs-driver-consume#fetching-integer-data-types-as-bigint\nhttps://docs.snowflake.com/en/developer-guide/node-js/nodejs-driver-consume#fetching-data-types-as-strings\n\nThis will throw an error in future driver versions."}
{"level":"WARN","message":"[1:00:55.426 PM]: Query result precision loss detected when converting 4.94949494949495e+32 to a JavaScript Number.\n\nFetch as string or BigInt instead:\nhttps://docs.snowflake.com/en/developer-guide/node-js/nodejs-driver-consume#fetching-integer-data-types-as-bigint\nhttps://docs.snowflake.com/en/developer-guide/node-js/nodejs-driver-consume#fetching-data-types-as-strings\n\nThis will throw an error in future driver versions."}
{"level":"WARN","message":"[1:00:55.426 PM]: Query result precision loss detected when converting 8.90909090909091e+32 to a JavaScript Number.\n\nFetch as string or BigInt instead:\nhttps://docs.snowflake.com/en/developer-guide/node-js/nodejs-driver-consume#fetching-integer-data-types-as-bigint\nhttps://docs.snowflake.com/en/developer-guide/node-js/nodejs-driver-consume#fetching-data-types-as-strings\n\nThis will throw an error in future driver versions."}
{"level":"WARN","message":"[1:00:55.426 PM]: Query result precision loss detected when converting 3.46464646464647e+33 to a JavaScript Number.\n\nFetch as string or BigInt instead:\nhttps://docs.snowflake.com/en/developer-guide/node-js/nodejs-driver-consume#fetching-integer-data-types-as-bigint\nhttps://docs.snowflake.com/en/developer-guide/node-js/nodejs-driver-consume#fetching-data-types-as-strings\n\nThis will throw an error in future driver versions."}
{"level":"WARN","message":"[1:00:55.426 PM]: Query result precision loss detected when converting 6.33535353535354e+33 to a JavaScript Number.\n\nFetch as string or BigInt instead:\nhttps://docs.snowflake.com/en/developer-guide/node-js/nodejs-driver-consume#fetching-integer-data-types-as-bigint\nhttps://docs.snowflake.com/en/developer-guide/node-js/nodejs-driver-consume#fetching-data-types-as-strings\n\nThis will throw an error in future driver versions."}
{"level":"WARN","message":"[1:00:55.426 PM]: Query result precision loss detected when converting 3.95959595959596e+32 to a JavaScript Number.\n\nFetch as string or BigInt instead:\nhttps://docs.snowflake.com/en/developer-guide/node-js/nodejs-driver-consume#fetching-integer-data-types-as-bigint\nhttps://docs.snowflake.com/en/developer-guide/node-js/nodejs-driver-consume#fetching-data-types-as-strings\n\nThis will throw an error in future driver versions."}
{"level":"WARN","message":"[1:00:55.426 PM]: Query result precision loss detected when converting 3.95959595959596e+32 to a JavaScript Number.\n\nFetch as string or BigInt instead:\nhttps://docs.snowflake.com/en/developer-guide/node-js/nodejs-driver-consume#fetching-integer-data-types-as-bigint\nhttps://docs.snowflake.com/en/developer-guide/node-js/nodejs-driver-consume#fetching-data-types-as-strings\n\nThis will throw an error in future driver versions."}
{"level":"WARN","message":"[1:00:55.426 PM]: Query result precision loss detected when converting 2.07878787878788e+33 to a JavaScript Number.\n\nFetch as string or BigInt instead:\nhttps://docs.snowflake.com/en/developer-guide/node-js/nodejs-driver-consume#fetching-integer-data-types-as-bigint\nhttps://docs.snowflake.com/en/developer-guide/node-js/nodejs-driver-consume#fetching-data-types-as-strings\n\nThis will throw an error in future driver versions."}
{"level":"WARN","message":"[1:00:55.426 PM]: Query result precision loss detected when converting 1.97979797979798e+32 to a JavaScript Number.\n\nFetch as string or BigInt instead:\nhttps://docs.snowflake.com/en/developer-guide/node-js/nodejs-driver-consume#fetching-integer-data-types-as-bigint\nhttps://docs.snowflake.com/en/developer-guide/node-js/nodejs-driver-consume#fetching-data-types-as-strings\n\nThis will throw an error in future driver versions."}
{"level":"WARN","message":"[1:00:55.426 PM]: Query result precision loss detected when converting 2.47474747474748e+33 to a JavaScript Number.\n\nFetch as string or BigInt instead:\nhttps://docs.snowflake.com/en/developer-guide/node-js/nodejs-driver-consume#fetching-integer-data-types-as-bigint\nhttps://docs.snowflake.com/en/developer-guide/node-js/nodejs-driver-consume#fetching-data-types-as-strings\n\nThis will throw an error in future driver versions."}
{"level":"WARN","message":"[1:00:55.426 PM]: Query result precision loss detected when converting 1.97979797979798e+32 to a JavaScript Number.\n\nFetch as string or BigInt instead:\nhttps://docs.snowflake.com/en/developer-guide/node-js/nodejs-driver-consume#fetching-integer-data-types-as-bigint\nhttps://docs.snowflake.com/en/developer-guide/node-js/nodejs-driver-consume#fetching-data-types-as-strings\n\nThis will throw an error in future driver versions."}
{"level":"WARN","message":"[1:00:55.426 PM]: Query result precision loss detected when converting 2.07878787878788e+33 to a JavaScript Number.\n\nFetch as string or BigInt instead:\nhttps://docs.snowflake.com/en/developer-guide/node-js/nodejs-driver-consume#fetching-integer-data-types-as-bigint\nhttps://docs.snowflake.com/en/developer-guide/node-js/nodejs-driver-consume#fetching-data-types-as-strings\n\nThis will throw an error in future driver versions."}
{"level":"WARN","message":"[1:00:55.426 PM]: Query result precision loss detected when converting 3.95959595959596e+32 to a JavaScript Number.\n\nFetch as string or BigInt instead:\nhttps://docs.snowflake.com/en/developer-guide/node-js/nodejs-driver-consume#fetching-integer-data-types-as-bigint\nhttps://docs.snowflake.com/en/developer-guide/node-js/nodejs-driver-consume#fetching-data-types-as-strings\n\nThis will throw an error in future driver versions."}
{"level":"WARN","message":"[1:00:55.426 PM]: Query result precision loss detected when converting 2.47474747474748e+33 to a JavaScript Number.\n\nFetch as string or BigInt instead:\nhttps://docs.snowflake.com/en/developer-guide/node-js/nodejs-driver-consume#fetching-integer-data-types-as-bigint\nhttps://docs.snowflake.com/en/developer-guide/node-js/nodejs-driver-consume#fetching-data-types-as-strings\n\nThis will throw an error in future driver versions."}
{"level":"WARN","message":"[1:00:55.426 PM]: Query result precision loss detected when converting 4.94949494949495e+32 to a JavaScript Number.\n\nFetch as string or BigInt instead:\nhttps://docs.snowflake.com/en/developer-guide/node-js/nodejs-driver-consume#fetching-integer-data-types-as-bigint\nhttps://docs.snowflake.com/en/developer-guide/node-js/nodejs-driver-consume#fetching-data-types-as-strings\n\nThis will throw an error in future driver versions."}
{"level":"WARN","message":"[1:00:55.426 PM]: Query result precision loss detected when converting 1.97979797979798e+32 to a JavaScript Number.\n\nFetch as string or BigInt instead:\nhttps://docs.snowflake.com/en/developer-guide/node-js/nodejs-driver-consume#fetching-integer-data-types-as-bigint\nhttps://docs.snowflake.com/en/developer-guide/node-js/nodejs-driver-consume#fetching-data-types-as-strings\n\nThis will throw an error in future driver versions."}
{"level":"WARN","message":"[1:00:55.426 PM]: Query result precision loss detected when converting 2.96969696969697e+33 to a JavaScript Number.\n\nFetch as string or BigInt instead:\nhttps://docs.snowflake.com/en/developer-guide/node-js/nodejs-driver-consume#fetching-integer-data-types-as-bigint\nhttps://docs.snowflake.com/en/developer-guide/node-js/nodejs-driver-consume#fetching-data-types-as-strings\n\nThis will throw an error in future driver versions."}
{"level":"WARN","message":"[1:00:55.426 PM]: Query result precision loss detected when converting 4.94949494949495e+32 to a JavaScript Number.\n\nFetch as string or BigInt instead:\nhttps://docs.snowflake.com/en/developer-guide/node-js/nodejs-driver-consume#fetching-integer-data-types-as-bigint\nhttps://docs.snowflake.com/en/developer-guide/node-js/nodejs-driver-consume#fetching-data-types-as-strings\n\nThis will throw an error in future driver versions."}
{"level":"WARN","message":"[1:00:55.426 PM]: Query result precision loss detected when converting 3.26666666666667e+33 to a JavaScript Number.\n\nFetch as string or BigInt instead:\nhttps://docs.snowflake.com/en/developer-guide/node-js/nodejs-driver-consume#fetching-integer-data-types-as-bigint\nhttps://docs.snowflake.com/en/developer-guide/node-js/nodejs-driver-consume#fetching-data-types-as-strings\n\nThis will throw an error in future driver versions."}
{"level":"WARN","message":"[1:00:55.426 PM]: Query result precision loss detected when converting 3.95959595959596e+32 to a JavaScript Number.\n\nFetch as string or BigInt instead:\nhttps://docs.snowflake.com/en/developer-guide/node-js/nodejs-driver-consume#fetching-integer-data-types-as-bigint\nhttps://docs.snowflake.com/en/developer-guide/node-js/nodejs-driver-consume#fetching-data-types-as-strings\n\nThis will throw an error in future driver versions."}
{"level":"WARN","message":"[1:00:55.426 PM]: Query result precision loss detected when converting 2.37575757575758e+33 to a JavaScript Number.\n\nFetch as string or BigInt instead:\nhttps://docs.snowflake.com/en/developer-guide/node-js/nodejs-driver-consume#fetching-integer-data-types-as-bigint\nhttps://docs.snowflake.com/en/developer-guide/node-js/nodejs-driver-consume#fetching-data-types-as-strings\n\nThis will throw an error in future driver versions."}
{"level":"WARN","message":"[1:00:55.426 PM]: Query result precision loss detected when converting 3.26666666666667e+33 to a JavaScript Number.\n\nFetch as string or BigInt instead:\nhttps://docs.snowflake.com/en/developer-guide/node-js/nodejs-driver-consume#fetching-integer-data-types-as-bigint\nhttps://docs.snowflake.com/en/developer-guide/node-js/nodejs-driver-consume#fetching-data-types-as-strings\n\nThis will throw an error in future driver versions."}
{"level":"WARN","message":"[1:00:55.426 PM]: Query result precision loss detected when converting 3.95959595959596e+32 to a JavaScript Number.\n\nFetch as string or BigInt instead:\nhttps://docs.snowflake.com/en/developer-guide/node-js/nodejs-driver-consume#fetching-integer-data-types-as-bigint\nhttps://docs.snowflake.com/en/developer-guide/node-js/nodejs-driver-consume#fetching-data-types-as-strings\n\nThis will throw an error in future driver versions."}
{"level":"WARN","message":"[1:00:55.426 PM]: Query result precision loss detected when converting 3.46464646464647e+33 to a JavaScript Number.\n\nFetch as string or BigInt instead:\nhttps://docs.snowflake.com/en/developer-guide/node-js/nodejs-driver-consume#fetching-integer-data-types-as-bigint\nhttps://docs.snowflake.com/en/developer-guide/node-js/nodejs-driver-consume#fetching-data-types-as-strings\n\nThis will throw an error in future driver versions."}
{"level":"WARN","message":"[1:00:55.426 PM]: Query result precision loss detected when converting 4.94949494949495e+32 to a JavaScript Number.\n\nFetch as string or BigInt instead:\nhttps://docs.snowflake.com/en/developer-guide/node-js/nodejs-driver-consume#fetching-integer-data-types-as-bigint\nhttps://docs.snowflake.com/en/developer-guide/node-js/nodejs-driver-consume#fetching-data-types-as-strings\n\nThis will throw an error in future driver versions."}
{"level":"WARN","message":"[1:00:55.426 PM]: Query result precision loss detected when converting 2.96969696969697e+33 to a JavaScript Number.\n\nFetch as string or BigInt instead:\nhttps://docs.snowflake.com/en/developer-guide/node-js/nodejs-driver-consume#fetching-integer-data-types-as-bigint\nhttps://docs.snowflake.com/en/developer-guide/node-js/nodejs-driver-consume#fetching-data-types-as-strings\n\nThis will throw an error in future driver versions."}
{"level":"WARN","message":"[1:00:55.427 PM]: Query result precision loss detected when converting 1.97979797979798e+32 to a JavaScript Number.\n\nFetch as string or BigInt instead:\nhttps://docs.snowflake.com/en/developer-guide/node-js/nodejs-driver-consume#fetching-integer-data-types-as-bigint\nhttps://docs.snowflake.com/en/developer-guide/node-js/nodejs-driver-consume#fetching-data-types-as-strings\n\nThis will throw an error in future driver versions."}
{"level":"WARN","message":"[1:00:55.427 PM]: Query result precision loss detected when converting 4.94949494949495e+32 to a JavaScript Number.\n\nFetch as string or BigInt instead:\nhttps://docs.snowflake.com/en/developer-guide/node-js/nodejs-driver-consume#fetching-integer-data-types-as-bigint\nhttps://docs.snowflake.com/en/developer-guide/node-js/nodejs-driver-consume#fetching-data-types-as-strings\n\nThis will throw an error in future driver versions."}
{"level":"WARN","message":"[1:00:55.427 PM]: Query result precision loss detected when converting 9.8989898989899e+32 to a JavaScript Number.\n\nFetch as string or BigInt instead:\nhttps://docs.snowflake.com/en/developer-guide/node-js/nodejs-driver-consume#fetching-integer-data-types-as-bigint\nhttps://docs.snowflake.com/en/developer-guide/node-js/nodejs-driver-consume#fetching-data-types-as-strings\n\nThis will throw an error in future driver versions."}
{"level":"WARN","message":"[1:00:55.427 PM]: Query result precision loss detected when converting 6.92929292929293e+33 to a JavaScript Number.\n\nFetch as string or BigInt instead:\nhttps://docs.snowflake.com/en/developer-guide/node-js/nodejs-driver-consume#fetching-integer-data-types-as-bigint\nhttps://docs.snowflake.com/en/developer-guide/node-js/nodejs-driver-consume#fetching-data-types-as-strings\n\nThis will throw an error in future driver versions."}
{"level":"WARN","message":"[1:00:55.427 PM]: Query result precision loss detected when converting 6.92929292929293e+33 to a JavaScript Number.\n\nFetch as string or BigInt instead:\nhttps://docs.snowflake.com/en/developer-guide/node-js/nodejs-driver-consume#fetching-integer-data-types-as-bigint\nhttps://docs.snowflake.com/en/developer-guide/node-js/nodejs-driver-consume#fetching-data-types-as-strings\n\nThis will throw an error in future driver versions."}
{"level":"WARN","message":"[1:00:55.427 PM]: Query result precision loss detected when converting 4.94949494949495e+32 to a JavaScript Number.\n\nFetch as string or BigInt instead:\nhttps://docs.snowflake.com/en/developer-guide/node-js/nodejs-driver-consume#fetching-integer-data-types-as-bigint\nhttps://docs.snowflake.com/en/developer-guide/node-js/nodejs-driver-consume#fetching-data-types-as-strings\n\nThis will throw an error in future driver versions."}
{"level":"WARN","message":"[1:00:55.427 PM]: Query result precision loss detected when converting 1.97979797979798e+32 to a JavaScript Number.\n\nFetch as string or BigInt instead:\nhttps://docs.snowflake.com/en/developer-guide/node-js/nodejs-driver-consume#fetching-integer-data-types-as-bigint\nhttps://docs.snowflake.com/en/developer-guide/node-js/nodejs-driver-consume#fetching-data-types-as-strings\n\nThis will throw an error in future driver versions."}
{"level":"WARN","message":"[1:00:55.427 PM]: Query result precision loss detected when converting 1.18787878787879e+34 to a JavaScript Number.\n\nFetch as string or BigInt instead:\nhttps://docs.snowflake.com/en/developer-guide/node-js/nodejs-driver-consume#fetching-integer-data-types-as-bigint\nhttps://docs.snowflake.com/en/developer-guide/node-js/nodejs-driver-consume#fetching-data-types-as-strings\n\nThis will throw an error in future driver versions."}
{"level":"WARN","message":"[1:00:55.427 PM]: Query result precision loss detected when converting 2.17777777777778e+33 to a JavaScript Number.\n\nFetch as string or BigInt instead:\nhttps://docs.snowflake.com/en/developer-guide/node-js/nodejs-driver-consume#fetching-integer-data-types-as-bigint\nhttps://docs.snowflake.com/en/developer-guide/node-js/nodejs-driver-consume#fetching-data-types-as-strings\n\nThis will throw an error in future driver versions."}
{"level":"WARN","message":"[1:00:55.427 PM]: Query result precision loss detected when converting 8.90909090909091e+32 to a JavaScript Number.\n\nFetch as string or BigInt instead:\nhttps://docs.snowflake.com/en/developer-guide/node-js/nodejs-driver-consume#fetching-integer-data-types-as-bigint\nhttps://docs.snowflake.com/en/developer-guide/node-js/nodejs-driver-consume#fetching-data-types-as-strings\n\nThis will throw an error in future driver versions."}
{"level":"WARN","message":"[1:00:55.427 PM]: Query result precision loss detected when converting 2.17777777777778e+33 to a JavaScript Number.\n\nFetch as string or BigInt instead:\nhttps://docs.snowflake.com/en/developer-guide/node-js/nodejs-driver-consume#fetching-integer-data-types-as-bigint\nhttps://docs.snowflake.com/en/developer-guide/node-js/nodejs-driver-consume#fetching-data-types-as-strings\n\nThis will throw an error in future driver versions."}
{"level":"WARN","message":"[1:00:55.427 PM]: Query result precision loss detected when converting 3.46464646464647e+33 to a JavaScript Number.\n\nFetch as string or BigInt instead:\nhttps://docs.snowflake.com/en/developer-guide/node-js/nodejs-driver-consume#fetching-integer-data-types-as-bigint\nhttps://docs.snowflake.com/en/developer-guide/node-js/nodejs-driver-consume#fetching-data-types-as-strings\n\nThis will throw an error in future driver versions."}
{"level":"WARN","message":"[1:00:55.427 PM]: Query result precision loss detected when converting 4.94949494949495e+32 to a JavaScript Number.\n\nFetch as string or BigInt instead:\nhttps://docs.snowflake.com/en/developer-guide/node-js/nodejs-driver-consume#fetching-integer-data-types-as-bigint\nhttps://docs.snowflake.com/en/developer-guide/node-js/nodejs-driver-consume#fetching-data-types-as-strings\n\nThis will throw an error in future driver versions."}
{"level":"WARN","message":"[1:00:55.427 PM]: Query result precision loss detected when converting 3.46464646464647e+33 to a JavaScript Number.\n\nFetch as string or BigInt instead:\nhttps://docs.snowflake.com/en/developer-guide/node-js/nodejs-driver-consume#fetching-integer-data-types-as-bigint\nhttps://docs.snowflake.com/en/developer-guide/node-js/nodejs-driver-consume#fetching-data-types-as-strings\n\nThis will throw an error in future driver versions."}
{"level":"WARN","message":"[1:00:55.427 PM]: Query result precision loss detected when converting 2.17777777777778e+33 to a JavaScript Number.\n\nFetch as string or BigInt instead:\nhttps://docs.snowflake.com/en/developer-guide/node-js/nodejs-driver-consume#fetching-integer-data-types-as-bigint\nhttps://docs.snowflake.com/en/developer-guide/node-js/nodejs-driver-consume#fetching-data-types-as-strings\n\nThis will throw an error in future driver versions."}
{"level":"WARN","message":"[1:00:55.427 PM]: Query result precision loss detected when converting 2.37575757575758e+33 to a JavaScript Number.\n\nFetch as string or BigInt instead:\nhttps://docs.snowflake.com/en/developer-guide/node-js/nodejs-driver-consume#fetching-integer-data-types-as-bigint\nhttps://docs.snowflake.com/en/developer-guide/node-js/nodejs-driver-consume#fetching-data-types-as-strings\n\nThis will throw an error in future driver versions."}
{"level":"WARN","message":"[1:00:55.427 PM]: Query result precision loss detected when converting 3.95959595959596e+32 to a JavaScript Number.\n\nFetch as string or BigInt instead:\nhttps://docs.snowflake.com/en/developer-guide/node-js/nodejs-driver-consume#fetching-integer-data-types-as-bigint\nhttps://docs.snowflake.com/en/developer-guide/node-js/nodejs-driver-consume#fetching-data-types-as-strings\n\nThis will throw an error in future driver versions."}
{"level":"WARN","message":"[1:00:55.427 PM]: Query result precision loss detected when converting 3.26666666666667e+33 to a JavaScript Number.\n\nFetch as string or BigInt instead:\nhttps://docs.snowflake.com/en/developer-guide/node-js/nodejs-driver-consume#fetching-integer-data-types-as-bigint\nhttps://docs.snowflake.com/en/developer-guide/node-js/nodejs-driver-consume#fetching-data-types-as-strings\n\nThis will throw an error in future driver versions."}
{"level":"WARN","message":"[1:00:55.427 PM]: Query result precision loss detected when converting 3.95959595959596e+32 to a JavaScript Number.\n\nFetch as string or BigInt instead:\nhttps://docs.snowflake.com/en/developer-guide/node-js/nodejs-driver-consume#fetching-integer-data-types-as-bigint\nhttps://docs.snowflake.com/en/developer-guide/node-js/nodejs-driver-consume#fetching-data-types-as-strings\n\nThis will throw an error in future driver versions."}
{"level":"WARN","message":"[1:00:55.427 PM]: Query result precision loss detected when converting 1.97979797979798e+32 to a JavaScript Number.\n\nFetch as string or BigInt instead:\nhttps://docs.snowflake.com/en/developer-guide/node-js/nodejs-driver-consume#fetching-integer-data-types-as-bigint\nhttps://docs.snowflake.com/en/developer-guide/node-js/nodejs-driver-consume#fetching-data-types-as-strings\n\nThis will throw an error in future driver versions."}
{"level":"WARN","message":"[1:00:55.427 PM]: Query result precision loss detected when converting 4.94949494949495e+32 to a JavaScript Number.\n\nFetch as string or BigInt instead:\nhttps://docs.snowflake.com/en/developer-guide/node-js/nodejs-driver-consume#fetching-integer-data-types-as-bigint\nhttps://docs.snowflake.com/en/developer-guide/node-js/nodejs-driver-consume#fetching-data-types-as-strings\n\nThis will throw an error in future driver versions."}
{"level":"WARN","message":"[1:00:55.427 PM]: Query result precision loss detected when converting 2.87070707070707e+33 to a JavaScript Number.\n\nFetch as string or BigInt instead:\nhttps://docs.snowflake.com/en/developer-guide/node-js/nodejs-driver-consume#fetching-integer-data-types-as-bigint\nhttps://docs.snowflake.com/en/developer-guide/node-js/nodejs-driver-consume#fetching-data-types-as-strings\n\nThis will throw an error in future driver versions."}
{"level":"WARN","message":"[1:00:55.427 PM]: Query result precision loss detected when converting 3.46464646464647e+33 to a JavaScript Number.\n\nFetch as string or BigInt instead:\nhttps://docs.snowflake.com/en/developer-guide/node-js/nodejs-driver-consume#fetching-integer-data-types-as-bigint\nhttps://docs.snowflake.com/en/developer-guide/node-js/nodejs-driver-consume#fetching-data-types-as-strings\n\nThis will throw an error in future driver versions."}
{"level":"WARN","message":"[1:00:55.427 PM]: Query result precision loss detected when converting 2.87070707070707e+33 to a JavaScript Number.\n\nFetch as string or BigInt instead:\nhttps://docs.snowflake.com/en/developer-guide/node-js/nodejs-driver-consume#fetching-integer-data-types-as-bigint\nhttps://docs.snowflake.com/en/developer-guide/node-js/nodejs-driver-consume#fetching-data-types-as-strings\n\nThis will throw an error in future driver versions."}
{"level":"WARN","message":"[1:00:55.427 PM]: Query result precision loss detected when converting 4.94949494949495e+32 to a JavaScript Number.\n\nFetch as string or BigInt instead:\nhttps://docs.snowflake.com/en/developer-guide/node-js/nodejs-driver-consume#fetching-integer-data-types-as-bigint\nhttps://docs.snowflake.com/en/developer-guide/node-js/nodejs-driver-consume#fetching-data-types-as-strings\n\nThis will throw an error in future driver versions."}
{"level":"WARN","message":"[1:00:55.427 PM]: Query result precision loss detected when converting 1.97979797979798e+32 to a JavaScript Number.\n\nFetch as string or BigInt instead:\nhttps://docs.snowflake.com/en/developer-guide/node-js/nodejs-driver-consume#fetching-integer-data-types-as-bigint\nhttps://docs.snowflake.com/en/developer-guide/node-js/nodejs-driver-consume#fetching-data-types-as-strings\n\nThis will throw an error in future driver versions."}
{"level":"WARN","message":"[1:00:55.427 PM]: Query result precision loss detected when converting 3.46464646464647e+33 to a JavaScript Number.\n\nFetch as string or BigInt instead:\nhttps://docs.snowflake.com/en/developer-guide/node-js/nodejs-driver-consume#fetching-integer-data-types-as-bigint\nhttps://docs.snowflake.com/en/developer-guide/node-js/nodejs-driver-consume#fetching-data-types-as-strings\n\nThis will throw an error in future driver versions."}
{"level":"WARN","message":"[1:00:55.427 PM]: Query result precision loss detected when converting 1.97979797979798e+32 to a JavaScript Number.\n\nFetch as string or BigInt instead:\nhttps://docs.snowflake.com/en/developer-guide/node-js/nodejs-driver-consume#fetching-integer-data-types-as-bigint\nhttps://docs.snowflake.com/en/developer-guide/node-js/nodejs-driver-consume#fetching-data-types-as-strings\n\nThis will throw an error in future driver versions."}
{"level":"WARN","message":"[1:00:55.427 PM]: Query result precision loss detected when converting 4.94949494949495e+32 to a JavaScript Number.\n\nFetch as string or BigInt instead:\nhttps://docs.snowflake.com/en/developer-guide/node-js/nodejs-driver-consume#fetching-integer-data-types-as-bigint\nhttps://docs.snowflake.com/en/developer-guide/node-js/nodejs-driver-consume#fetching-data-types-as-strings\n\nThis will throw an error in future driver versions."}
{"level":"WARN","message":"[1:00:55.427 PM]: Query result precision loss detected when converting 3.46464646464647e+33 to a JavaScript Number.\n\nFetch as string or BigInt instead:\nhttps://docs.snowflake.com/en/developer-guide/node-js/nodejs-driver-consume#fetching-integer-data-types-as-bigint\nhttps://docs.snowflake.com/en/developer-guide/node-js/nodejs-driver-consume#fetching-data-types-as-strings\n\nThis will throw an error in future driver versions."}
{"level":"WARN","message":"[1:00:55.427 PM]: Query result precision loss detected when converting 1.18787878787879e+34 to a JavaScript Number.\n\nFetch as string or BigInt instead:\nhttps://docs.snowflake.com/en/developer-guide/node-js/nodejs-driver-consume#fetching-integer-data-types-as-bigint\nhttps://docs.snowflake.com/en/developer-guide/node-js/nodejs-driver-consume#fetching-data-types-as-strings\n\nThis will throw an error in future driver versions."}
{"level":"WARN","message":"[1:00:55.427 PM]: Query result precision loss detected when converting 2.17777777777778e+33 to a JavaScript Number.\n\nFetch as string or BigInt instead:\nhttps://docs.snowflake.com/en/developer-guide/node-js/nodejs-driver-consume#fetching-integer-data-types-as-bigint\nhttps://docs.snowflake.com/en/developer-guide/node-js/nodejs-driver-consume#fetching-data-types-as-strings\n\nThis will throw an error in future driver versions."}
{"level":"WARN","message":"[1:00:55.427 PM]: Query result precision loss detected when converting 4.94949494949495e+32 to a JavaScript Number.\n\nFetch as string or BigInt instead:\nhttps://docs.snowflake.com/en/developer-guide/node-js/nodejs-driver-consume#fetching-integer-data-types-as-bigint\nhttps://docs.snowflake.com/en/developer-guide/node-js/nodejs-driver-consume#fetching-data-types-as-strings\n\nThis will throw an error in future driver versions."}
{"level":"WARN","message":"[1:00:55.427 PM]: Query result precision loss detected when converting 9.8989898989899e+32 to a JavaScript Number.\n\nFetch as string or BigInt instead:\nhttps://docs.snowflake.com/en/developer-guide/node-js/nodejs-driver-consume#fetching-integer-data-types-as-bigint\nhttps://docs.snowflake.com/en/developer-guide/node-js/nodejs-driver-consume#fetching-data-types-as-strings\n\nThis will throw an error in future driver versions."}
{"level":"WARN","message":"[1:00:55.427 PM]: Query result precision loss detected when converting 2.17777777777778e+33 to a JavaScript Number.\n\nFetch as string or BigInt instead:\nhttps://docs.snowflake.com/en/developer-guide/node-js/nodejs-driver-consume#fetching-integer-data-types-as-bigint\nhttps://docs.snowflake.com/en/developer-guide/node-js/nodejs-driver-consume#fetching-data-types-as-strings\n\nThis will throw an error in future driver versions."}
{"level":"WARN","message":"[1:00:55.427 PM]: Query result precision loss detected when converting 4.94949494949495e+32 to a JavaScript Number.\n\nFetch as string or BigInt instead:\nhttps://docs.snowflake.com/en/developer-guide/node-js/nodejs-driver-consume#fetching-integer-data-types-as-bigint\nhttps://docs.snowflake.com/en/developer-guide/node-js/nodejs-driver-consume#fetching-data-types-as-strings\n\nThis will throw an error in future driver versions."}
{"level":"WARN","message":"[1:00:55.427 PM]: Query result precision loss detected when converting 9.8989898989899e+32 to a JavaScript Number.\n\nFetch as string or BigInt instead:\nhttps://docs.snowflake.com/en/developer-guide/node-js/nodejs-driver-consume#fetching-integer-data-types-as-bigint\nhttps://docs.snowflake.com/en/developer-guide/node-js/nodejs-driver-consume#fetching-data-types-as-strings\n\nThis will throw an error in future driver versions."}
{"level":"WARN","message":"[1:00:55.427 PM]: Query result precision loss detected when converting 7.91919191919192e+32 to a JavaScript Number.\n\nFetch as string or BigInt instead:\nhttps://docs.snowflake.com/en/developer-guide/node-js/nodejs-driver-consume#fetching-integer-data-types-as-bigint\nhttps://docs.snowflake.com/en/developer-guide/node-js/nodejs-driver-consume#fetching-data-types-as-strings\n\nThis will throw an error in future driver versions."}
{"level":"WARN","message":"[1:00:55.427 PM]: Query result precision loss detected when converting 2.17777777777778e+33 to a JavaScript Number.\n\nFetch as string or BigInt instead:\nhttps://docs.snowflake.com/en/developer-guide/node-js/nodejs-driver-consume#fetching-integer-data-types-as-bigint\nhttps://docs.snowflake.com/en/developer-guide/node-js/nodejs-driver-consume#fetching-data-types-as-strings\n\nThis will throw an error in future driver versions."}
{"level":"WARN","message":"[1:00:55.427 PM]: Query result precision loss detected when converting 3.46464646464647e+33 to a JavaScript Number.\n\nFetch as string or BigInt instead:\nhttps://docs.snowflake.com/en/developer-guide/node-js/nodejs-driver-consume#fetching-integer-data-types-as-bigint\nhttps://docs.snowflake.com/en/developer-guide/node-js/nodejs-driver-consume#fetching-data-types-as-strings\n\nThis will throw an error in future driver versions."}
{"level":"WARN","message":"[1:00:55.427 PM]: Query result precision loss detected when converting 3.46464646464647e+33 to a JavaScript Number.\n\nFetch as string or BigInt instead:\nhttps://docs.snowflake.com/en/developer-guide/node-js/nodejs-driver-consume#fetching-integer-data-types-as-bigint\nhttps://docs.snowflake.com/en/developer-guide/node-js/nodejs-driver-consume#fetching-data-types-as-strings\n\nThis will throw an error in future driver versions."}
{"level":"WARN","message":"[1:00:55.427 PM]: Query result precision loss detected when converting 2.02830303030303e+35 to a JavaScript Number.\n\nFetch as string or BigInt instead:\nhttps://docs.snowflake.com/en/developer-guide/node-js/nodejs-driver-consume#fetching-integer-data-types-as-bigint\nhttps://docs.snowflake.com/en/developer-guide/node-js/nodejs-driver-consume#fetching-data-types-as-strings\n\nThis will throw an error in future driver versions."}
{"level":"WARN","message":"[1:00:55.427 PM]: Query result precision loss detected when converting 2.1599595959596e+35 to a JavaScript Number.\n\nFetch as string or BigInt instead:\nhttps://docs.snowflake.com/en/developer-guide/node-js/nodejs-driver-consume#fetching-integer-data-types-as-bigint\nhttps://docs.snowflake.com/en/developer-guide/node-js/nodejs-driver-consume#fetching-data-types-as-strings\n\nThis will throw an error in future driver versions."}
{"level":"WARN","message":"[1:00:55.427 PM]: Query result precision loss detected when converting 2.1599595959596e+35 to a JavaScript Number.\n\nFetch as string or BigInt instead:\nhttps://docs.snowflake.com/en/developer-guide/node-js/nodejs-driver-consume#fetching-integer-data-types-as-bigint\nhttps://docs.snowflake.com/en/developer-guide/node-js/nodejs-driver-consume#fetching-data-types-as-strings\n\nThis will throw an error in future driver versions."}
{"level":"WARN","message":"[1:00:55.427 PM]: Query result precision loss detected when converting 7.75090909090909e+34 to a JavaScript Number.\n\nFetch as string or BigInt instead:\nhttps://docs.snowflake.com/en/developer-guide/node-js/nodejs-driver-consume#fetching-integer-data-types-as-bigint\nhttps://docs.snowflake.com/en/developer-guide/node-js/nodejs-driver-consume#fetching-data-types-as-strings\n\nThis will throw an error in future driver versions."}
{"level":"WARN","message":"[1:00:55.427 PM]: Query result precision loss detected when converting 2.02830303030303e+35 to a JavaScript Number.\n\nFetch as string or BigInt instead:\nhttps://docs.snowflake.com/en/developer-guide/node-js/nodejs-driver-consume#fetching-integer-data-types-as-bigint\nhttps://docs.snowflake.com/en/developer-guide/node-js/nodejs-driver-consume#fetching-data-types-as-strings\n\nThis will throw an error in future driver versions."}
{"level":"WARN","message":"[1:00:55.427 PM]: Query result precision loss detected when converting 2.02830303030303e+35 to a JavaScript Number.\n\nFetch as string or BigInt instead:\nhttps://docs.snowflake.com/en/developer-guide/node-js/nodejs-driver-consume#fetching-integer-data-types-as-bigint\nhttps://docs.snowflake.com/en/developer-guide/node-js/nodejs-driver-consume#fetching-data-types-as-strings\n\nThis will throw an error in future driver versions."}
{"level":"WARN","message":"[1:00:55.427 PM]: Query result precision loss detected when converting 7.75090909090909e+34 to a JavaScript Number.\n\nFetch as string or BigInt instead:\nhttps://docs.snowflake.com/en/developer-guide/node-js/nodejs-driver-consume#fetching-integer-data-types-as-bigint\nhttps://docs.snowflake.com/en/developer-guide/node-js/nodejs-driver-consume#fetching-data-types-as-strings\n\nThis will throw an error in future driver versions."}
{"level":"WARN","message":"[1:00:55.427 PM]: Query result precision loss detected when converting 7.75090909090909e+34 to a JavaScript Number.\n\nFetch as string or BigInt instead:\nhttps://docs.snowflake.com/en/developer-guide/node-js/nodejs-driver-consume#fetching-integer-data-types-as-bigint\nhttps://docs.snowflake.com/en/developer-guide/node-js/nodejs-driver-consume#fetching-data-types-as-strings\n\nThis will throw an error in future driver versions."}
{"level":"WARN","message":"[1:00:55.427 PM]: Query result precision loss detected when converting 7.75090909090909e+34 to a JavaScript Number.\n\nFetch as string or BigInt instead:\nhttps://docs.snowflake.com/en/developer-guide/node-js/nodejs-driver-consume#fetching-integer-data-types-as-bigint\nhttps://docs.snowflake.com/en/developer-guide/node-js/nodejs-driver-consume#fetching-data-types-as-strings\n\nThis will throw an error in future driver versions."}
{"level":"WARN","message":"[1:00:55.427 PM]: Query result precision loss detected when converting 2.02830303030303e+35 to a JavaScript Number.\n\nFetch as string or BigInt instead:\nhttps://docs.snowflake.com/en/developer-guide/node-js/nodejs-driver-consume#fetching-integer-data-types-as-bigint\nhttps://docs.snowflake.com/en/developer-guide/node-js/nodejs-driver-consume#fetching-data-types-as-strings\n\nThis will throw an error in future driver versions."}
{"level":"WARN","message":"[1:00:55.427 PM]: Query result precision loss detected when converting 2.05008080808081e+35 to a JavaScript Number.\n\nFetch as string or BigInt instead:\nhttps://docs.snowflake.com/en/developer-guide/node-js/nodejs-driver-consume#fetching-integer-data-types-as-bigint\nhttps://docs.snowflake.com/en/developer-guide/node-js/nodejs-driver-consume#fetching-data-types-as-strings\n\nThis will throw an error in future driver versions."}
{"level":"WARN","message":"[1:00:55.427 PM]: Query result precision loss detected when converting 2.05008080808081e+35 to a JavaScript Number.\n\nFetch as string or BigInt instead:\nhttps://docs.snowflake.com/en/developer-guide/node-js/nodejs-driver-consume#fetching-integer-data-types-as-bigint\nhttps://docs.snowflake.com/en/developer-guide/node-js/nodejs-driver-consume#fetching-data-types-as-strings\n\nThis will throw an error in future driver versions."}
{"level":"WARN","message":"[1:00:55.427 PM]: Query result precision loss detected when converting 2.1599595959596e+35 to a JavaScript Number.\n\nFetch as string or BigInt instead:\nhttps://docs.snowflake.com/en/developer-guide/node-js/nodejs-driver-consume#fetching-integer-data-types-as-bigint\nhttps://docs.snowflake.com/en/developer-guide/node-js/nodejs-driver-consume#fetching-data-types-as-strings\n\nThis will throw an error in future driver versions."}
{"level":"WARN","message":"[1:00:55.427 PM]: Query result precision loss detected when converting 2.1599595959596e+35 to a JavaScript Number.\n\nFetch as string or BigInt instead:\nhttps://docs.snowflake.com/en/developer-guide/node-js/nodejs-driver-consume#fetching-integer-data-types-as-bigint\nhttps://docs.snowflake.com/en/developer-guide/node-js/nodejs-driver-consume#fetching-data-types-as-strings\n\nThis will throw an error in future driver versions."}
{"level":"WARN","message":"[1:00:55.427 PM]: Query result precision loss detected when converting 9.8989898989899e+34 to a JavaScript Number.\n\nFetch as string or BigInt instead:\nhttps://docs.snowflake.com/en/developer-guide/node-js/nodejs-driver-consume#fetching-integer-data-types-as-bigint\nhttps://docs.snowflake.com/en/developer-guide/node-js/nodejs-driver-consume#fetching-data-types-as-strings\n\nThis will throw an error in future driver versions."}
{"level":"WARN","message":"[1:00:55.427 PM]: Query result precision loss detected when converting 2.05008080808081e+35 to a JavaScript Number.\n\nFetch as string or BigInt instead:\nhttps://docs.snowflake.com/en/developer-guide/node-js/nodejs-driver-consume#fetching-integer-data-types-as-bigint\nhttps://docs.snowflake.com/en/developer-guide/node-js/nodejs-driver-consume#fetching-data-types-as-strings\n\nThis will throw an error in future driver versions."}
{"level":"WARN","message":"[1:00:55.427 PM]: Query result precision loss detected when converting 2.02830303030303e+35 to a JavaScript Number.\n\nFetch as string or BigInt instead:\nhttps://docs.snowflake.com/en/developer-guide/node-js/nodejs-driver-consume#fetching-integer-data-types-as-bigint\nhttps://docs.snowflake.com/en/developer-guide/node-js/nodejs-driver-consume#fetching-data-types-as-strings\n\nThis will throw an error in future driver versions."}
{"level":"WARN","message":"[1:00:55.427 PM]: Query result precision loss detected when converting 7.75090909090909e+34 to a JavaScript Number.\n\nFetch as string or BigInt instead:\nhttps://docs.snowflake.com/en/developer-guide/node-js/nodejs-driver-consume#fetching-integer-data-types-as-bigint\nhttps://docs.snowflake.com/en/developer-guide/node-js/nodejs-driver-consume#fetching-data-types-as-strings\n\nThis will throw an error in future driver versions."}
{"level":"WARN","message":"[1:00:55.427 PM]: Query result precision loss detected when converting 7.75090909090909e+34 to a JavaScript Number.\n\nFetch as string or BigInt instead:\nhttps://docs.snowflake.com/en/developer-guide/node-js/nodejs-driver-consume#fetching-integer-data-types-as-bigint\nhttps://docs.snowflake.com/en/developer-guide/node-js/nodejs-driver-consume#fetching-data-types-as-strings\n\nThis will throw an error in future driver versions."}
{"level":"WARN","message":"[1:00:55.427 PM]: Query result precision loss detected when converting 2.1599595959596e+35 to a JavaScript Number.\n\nFetch as string or BigInt instead:\nhttps://docs.snowflake.com/en/developer-guide/node-js/nodejs-driver-consume#fetching-integer-data-types-as-bigint\nhttps://docs.snowflake.com/en/developer-guide/node-js/nodejs-driver-consume#fetching-data-types-as-strings\n\nThis will throw an error in future driver versions."}
{"level":"WARN","message":"[1:00:55.427 PM]: Query result precision loss detected when converting 7.75090909090909e+34 to a JavaScript Number.\n\nFetch as string or BigInt instead:\nhttps://docs.snowflake.com/en/developer-guide/node-js/nodejs-driver-consume#fetching-integer-data-types-as-bigint\nhttps://docs.snowflake.com/en/developer-guide/node-js/nodejs-driver-consume#fetching-data-types-as-strings\n\nThis will throw an error in future driver versions."}
{"level":"WARN","message":"[1:00:55.427 PM]: Query result precision loss detected when converting 2.05008080808081e+35 to a JavaScript Number.\n\nFetch as string or BigInt instead:\nhttps://docs.snowflake.com/en/developer-guide/node-js/nodejs-driver-consume#fetching-integer-data-types-as-bigint\nhttps://docs.snowflake.com/en/developer-guide/node-js/nodejs-driver-consume#fetching-data-types-as-strings\n\nThis will throw an error in future driver versions."}
{"level":"WARN","message":"[1:00:55.427 PM]: Query result precision loss detected when converting 2.02830303030303e+35 to a JavaScript Number.\n\nFetch as string or BigInt instead:\nhttps://docs.snowflake.com/en/developer-guide/node-js/nodejs-driver-consume#fetching-integer-data-types-as-bigint\nhttps://docs.snowflake.com/en/developer-guide/node-js/nodejs-driver-consume#fetching-data-types-as-strings\n\nThis will throw an error in future driver versions."}
{"level":"WARN","message":"[1:00:55.427 PM]: Query result precision loss detected when converting 2.05008080808081e+35 to a JavaScript Number.\n\nFetch as string or BigInt instead:\nhttps://docs.snowflake.com/en/developer-guide/node-js/nodejs-driver-consume#fetching-integer-data-types-as-bigint\nhttps://docs.snowflake.com/en/developer-guide/node-js/nodejs-driver-consume#fetching-data-types-as-strings\n\nThis will throw an error in future driver versions."}
{"level":"WARN","message":"[1:00:55.427 PM]: Query result precision loss detected when converting 2.05008080808081e+35 to a JavaScript Number.\n\nFetch as string or BigInt instead:\nhttps://docs.snowflake.com/en/developer-guide/node-js/nodejs-driver-consume#fetching-integer-data-types-as-bigint\nhttps://docs.snowflake.com/en/developer-guide/node-js/nodejs-driver-consume#fetching-data-types-as-strings\n\nThis will throw an error in future driver versions."}
{"level":"WARN","message":"[1:00:55.427 PM]: Query result precision loss detected when converting 2.1599595959596e+35 to a JavaScript Number.\n\nFetch as string or BigInt instead:\nhttps://docs.snowflake.com/en/developer-guide/node-js/nodejs-driver-consume#fetching-integer-data-types-as-bigint\nhttps://docs.snowflake.com/en/developer-guide/node-js/nodejs-driver-consume#fetching-data-types-as-strings\n\nThis will throw an error in future driver versions."}
{"level":"WARN","message":"[1:00:55.427 PM]: Query result precision loss detected when converting 7.75090909090909e+34 to a JavaScript Number.\n\nFetch as string or BigInt instead:\nhttps://docs.snowflake.com/en/developer-guide/node-js/nodejs-driver-consume#fetching-integer-data-types-as-bigint\nhttps://docs.snowflake.com/en/developer-guide/node-js/nodejs-driver-consume#fetching-data-types-as-strings\n\nThis will throw an error in future driver versions."}
{"level":"WARN","message":"[1:00:55.427 PM]: Query result precision loss detected when converting 9.8989898989899e+34 to a JavaScript Number.\n\nFetch as string or BigInt instead:\nhttps://docs.snowflake.com/en/developer-guide/node-js/nodejs-driver-consume#fetching-integer-data-types-as-bigint\nhttps://docs.snowflake.com/en/developer-guide/node-js/nodejs-driver-consume#fetching-data-types-as-strings\n\nThis will throw an error in future driver versions."}
{"level":"WARN","message":"[1:00:55.427 PM]: Query result precision loss detected when converting 2.05008080808081e+35 to a JavaScript Number.\n\nFetch as string or BigInt instead:\nhttps://docs.snowflake.com/en/developer-guide/node-js/nodejs-driver-consume#fetching-integer-data-types-as-bigint\nhttps://docs.snowflake.com/en/developer-guide/node-js/nodejs-driver-consume#fetching-data-types-as-strings\n\nThis will throw an error in future driver versions."}
{"level":"WARN","message":"[1:00:55.427 PM]: Query result precision loss detected when converting 2.41832323232323e+35 to a JavaScript Number.\n\nFetch as string or BigInt instead:\nhttps://docs.snowflake.com/en/developer-guide/node-js/nodejs-driver-consume#fetching-integer-data-types-as-bigint\nhttps://docs.snowflake.com/en/developer-guide/node-js/nodejs-driver-consume#fetching-data-types-as-strings\n\nThis will throw an error in future driver versions."}
{"level":"WARN","message":"[1:00:55.427 PM]: Query result precision loss detected when converting 2.41832323232323e+35 to a JavaScript Number.\n\nFetch as string or BigInt instead:\nhttps://docs.snowflake.com/en/developer-guide/node-js/nodejs-driver-consume#fetching-integer-data-types-as-bigint\nhttps://docs.snowflake.com/en/developer-guide/node-js/nodejs-driver-consume#fetching-data-types-as-strings\n\nThis will throw an error in future driver versions."}
{"level":"WARN","message":"[1:00:55.427 PM]: Query result precision loss detected when converting 2.1599595959596e+35 to a JavaScript Number.\n\nFetch as string or BigInt instead:\nhttps://docs.snowflake.com/en/developer-guide/node-js/nodejs-driver-consume#fetching-integer-data-types-as-bigint\nhttps://docs.snowflake.com/en/developer-guide/node-js/nodejs-driver-consume#fetching-data-types-as-strings\n\nThis will throw an error in future driver versions."}
{"level":"WARN","message":"[1:00:55.427 PM]: Query result precision loss detected when converting 9.8989898989899e+34 to a JavaScript Number.\n\nFetch as string or BigInt instead:\nhttps://docs.snowflake.com/en/developer-guide/node-js/nodejs-driver-consume#fetching-integer-data-types-as-bigint\nhttps://docs.snowflake.com/en/developer-guide/node-js/nodejs-driver-consume#fetching-data-types-as-strings\n\nThis will throw an error in future driver versions."}
{"level":"WARN","message":"[1:00:55.427 PM]: Query result precision loss detected when converting 2.1599595959596e+35 to a JavaScript Number.\n\nFetch as string or BigInt instead:\nhttps://docs.snowflake.com/en/developer-guide/node-js/nodejs-driver-consume#fetching-integer-data-types-as-bigint\nhttps://docs.snowflake.com/en/developer-guide/node-js/nodejs-driver-consume#fetching-data-types-as-strings\n\nThis will throw an error in future driver versions."}
{"level":"WARN","message":"[1:00:55.427 PM]: Query result precision loss detected when converting 7.75090909090909e+34 to a JavaScript Number.\n\nFetch as string or BigInt instead:\nhttps://docs.snowflake.com/en/developer-guide/node-js/nodejs-driver-consume#fetching-integer-data-types-as-bigint\nhttps://docs.snowflake.com/en/developer-guide/node-js/nodejs-driver-consume#fetching-data-types-as-strings\n\nThis will throw an error in future driver versions."}
{"level":"WARN","message":"[1:00:55.427 PM]: Query result precision loss detected when converting 2.1599595959596e+35 to a JavaScript Number.\n\nFetch as string or BigInt instead:\nhttps://docs.snowflake.com/en/developer-guide/node-js/nodejs-driver-consume#fetching-integer-data-types-as-bigint\nhttps://docs.snowflake.com/en/developer-guide/node-js/nodejs-driver-consume#fetching-data-types-as-strings\n\nThis will throw an error in future driver versions."}
{"level":"WARN","message":"[1:00:55.427 PM]: Query result precision loss detected when converting 2.1599595959596e+35 to a JavaScript Number.\n\nFetch as string or BigInt instead:\nhttps://docs.snowflake.com/en/developer-guide/node-js/nodejs-driver-consume#fetching-integer-data-types-as-bigint\nhttps://docs.snowflake.com/en/developer-guide/node-js/nodejs-driver-consume#fetching-data-types-as-strings\n\nThis will throw an error in future driver versions."}
{"level":"WARN","message":"[1:00:55.427 PM]: Query result precision loss detected when converting 2.1599595959596e+35 to a JavaScript Number.\n\nFetch as string or BigInt instead:\nhttps://docs.snowflake.com/en/developer-guide/node-js/nodejs-driver-consume#fetching-integer-data-types-as-bigint\nhttps://docs.snowflake.com/en/developer-guide/node-js/nodejs-driver-consume#fetching-data-types-as-strings\n\nThis will throw an error in future driver versions."}
{"level":"WARN","message":"[1:00:55.427 PM]: Query result precision loss detected when converting 2.1599595959596e+35 to a JavaScript Number.\n\nFetch as string or BigInt instead:\nhttps://docs.snowflake.com/en/developer-guide/node-js/nodejs-driver-consume#fetching-integer-data-types-as-bigint\nhttps://docs.snowflake.com/en/developer-guide/node-js/nodejs-driver-consume#fetching-data-types-as-strings\n\nThis will throw an error in future driver versions."}
{"level":"WARN","message":"[1:00:55.427 PM]: Query result precision loss detected when converting 2.1599595959596e+35 to a JavaScript Number.\n\nFetch as string or BigInt instead:\nhttps://docs.snowflake.com/en/developer-guide/node-js/nodejs-driver-consume#fetching-integer-data-types-as-bigint\nhttps://docs.snowflake.com/en/developer-guide/node-js/nodejs-driver-consume#fetching-data-types-as-strings\n\nThis will throw an error in future driver versions."}
{"level":"WARN","message":"[1:00:55.427 PM]: Query result precision loss detected when converting 2.05008080808081e+35 to a JavaScript Number.\n\nFetch as string or BigInt instead:\nhttps://docs.snowflake.com/en/developer-guide/node-js/nodejs-driver-consume#fetching-integer-data-types-as-bigint\nhttps://docs.snowflake.com/en/developer-guide/node-js/nodejs-driver-consume#fetching-data-types-as-strings\n\nThis will throw an error in future driver versions."}
{"level":"WARN","message":"[1:00:55.427 PM]: Query result precision loss detected when converting 2.05008080808081e+35 to a JavaScript Number.\n\nFetch as string or BigInt instead:\nhttps://docs.snowflake.com/en/developer-guide/node-js/nodejs-driver-consume#fetching-integer-data-types-as-bigint\nhttps://docs.snowflake.com/en/developer-guide/node-js/nodejs-driver-consume#fetching-data-types-as-strings\n\nThis will throw an error in future driver versions."}
{"level":"WARN","message":"[1:00:55.427 PM]: Query result precision loss detected when converting 1.68381818181818e+35 to a JavaScript Number.\n\nFetch as string or BigInt instead:\nhttps://docs.snowflake.com/en/developer-guide/node-js/nodejs-driver-consume#fetching-integer-data-types-as-bigint\nhttps://docs.snowflake.com/en/developer-guide/node-js/nodejs-driver-consume#fetching-data-types-as-strings\n\nThis will throw an error in future driver versions."}
{"level":"WARN","message":"[1:00:55.427 PM]: Query result precision loss detected when converting 3.46464646464647e+33 to a JavaScript Number.\n\nFetch as string or BigInt instead:\nhttps://docs.snowflake.com/en/developer-guide/node-js/nodejs-driver-consume#fetching-integer-data-types-as-bigint\nhttps://docs.snowflake.com/en/developer-guide/node-js/nodejs-driver-consume#fetching-data-types-as-strings\n\nThis will throw an error in future driver versions."}
{"level":"WARN","message":"[1:00:55.427 PM]: Query result precision loss detected when converting 8.90909090909091e+32 to a JavaScript Number.\n\nFetch as string or BigInt instead:\nhttps://docs.snowflake.com/en/developer-guide/node-js/nodejs-driver-consume#fetching-integer-data-types-as-bigint\nhttps://docs.snowflake.com/en/developer-guide/node-js/nodejs-driver-consume#fetching-data-types-as-strings\n\nThis will throw an error in future driver versions."}
{"level":"WARN","message":"[1:00:55.427 PM]: Query result precision loss detected when converting 1.68381818181818e+35 to a JavaScript Number.\n\nFetch as string or BigInt instead:\nhttps://docs.snowflake.com/en/developer-guide/node-js/nodejs-driver-consume#fetching-integer-data-types-as-bigint\nhttps://docs.snowflake.com/en/developer-guide/node-js/nodejs-driver-consume#fetching-data-types-as-strings\n\nThis will throw an error in future driver versions."}
{"level":"WARN","message":"[1:00:55.427 PM]: Query result precision loss detected when converting 4.94949494949495e+32 to a JavaScript Number.\n\nFetch as string or BigInt instead:\nhttps://docs.snowflake.com/en/developer-guide/node-js/nodejs-driver-consume#fetching-integer-data-types-as-bigint\nhttps://docs.snowflake.com/en/developer-guide/node-js/nodejs-driver-consume#fetching-data-types-as-strings\n\nThis will throw an error in future driver versions."}
{"level":"WARN","message":"[1:00:55.427 PM]: Query result precision loss detected when converting 2.37575757575758e+33 to a JavaScript Number.\n\nFetch as string or BigInt instead:\nhttps://docs.snowflake.com/en/developer-guide/node-js/nodejs-driver-consume#fetching-integer-data-types-as-bigint\nhttps://docs.snowflake.com/en/developer-guide/node-js/nodejs-driver-consume#fetching-data-types-as-strings\n\nThis will throw an error in future driver versions."}
{"level":"WARN","message":"[1:00:55.427 PM]: Query result precision loss detected when converting 8.90909090909091e+32 to a JavaScript Number.\n\nFetch as string or BigInt instead:\nhttps://docs.snowflake.com/en/developer-guide/node-js/nodejs-driver-consume#fetching-integer-data-types-as-bigint\nhttps://docs.snowflake.com/en/developer-guide/node-js/nodejs-driver-consume#fetching-data-types-as-strings\n\nThis will throw an error in future driver versions."}
{"level":"WARN","message":"[1:00:55.427 PM]: Query result precision loss detected when converting 2.27181818181818e+35 to a JavaScript Number.\n\nFetch as string or BigInt instead:\nhttps://docs.snowflake.com/en/developer-guide/node-js/nodejs-driver-consume#fetching-integer-data-types-as-bigint\nhttps://docs.snowflake.com/en/developer-guide/node-js/nodejs-driver-consume#fetching-data-types-as-strings\n\nThis will throw an error in future driver versions."}
{"level":"WARN","message":"[1:00:55.427 PM]: Query result precision loss detected when converting 2.17777777777778e+33 to a JavaScript Number.\n\nFetch as string or BigInt instead:\nhttps://docs.snowflake.com/en/developer-guide/node-js/nodejs-driver-consume#fetching-integer-data-types-as-bigint\nhttps://docs.snowflake.com/en/developer-guide/node-js/nodejs-driver-consume#fetching-data-types-as-strings\n\nThis will throw an error in future driver versions."}
{"level":"WARN","message":"[1:00:55.427 PM]: Query result precision loss detected when converting 2.47474747474748e+33 to a JavaScript Number.\n\nFetch as string or BigInt instead:\nhttps://docs.snowflake.com/en/developer-guide/node-js/nodejs-driver-consume#fetching-integer-data-types-as-bigint\nhttps://docs.snowflake.com/en/developer-guide/node-js/nodejs-driver-consume#fetching-data-types-as-strings\n\nThis will throw an error in future driver versions."}
{"level":"WARN","message":"[1:00:55.427 PM]: Query result precision loss detected when converting 5.34545454545455e+33 to a JavaScript Number.\n\nFetch as string or BigInt instead:\nhttps://docs.snowflake.com/en/developer-guide/node-js/nodejs-driver-consume#fetching-integer-data-types-as-bigint\nhttps://docs.snowflake.com/en/developer-guide/node-js/nodejs-driver-consume#fetching-data-types-as-strings\n\nThis will throw an error in future driver versions."}
{"level":"WARN","message":"[1:00:55.427 PM]: Query result precision loss detected when converting 8.90909090909091e+32 to a JavaScript Number.\n\nFetch as string or BigInt instead:\nhttps://docs.snowflake.com/en/developer-guide/node-js/nodejs-driver-consume#fetching-integer-data-types-as-bigint\nhttps://docs.snowflake.com/en/developer-guide/node-js/nodejs-driver-consume#fetching-data-types-as-strings\n\nThis will throw an error in future driver versions."}
{"level":"WARN","message":"[1:00:55.427 PM]: Query result precision loss detected when converting 2.47474747474748e+33 to a JavaScript Number.\n\nFetch as string or BigInt instead:\nhttps://docs.snowflake.com/en/developer-guide/node-js/nodejs-driver-consume#fetching-integer-data-types-as-bigint\nhttps://docs.snowflake.com/en/developer-guide/node-js/nodejs-driver-consume#fetching-data-types-as-strings\n\nThis will throw an error in future driver versions."}
{"level":"WARN","message":"[1:00:55.427 PM]: Query result precision loss detected when converting 3.95959595959596e+32 to a JavaScript Number.\n\nFetch as string or BigInt instead:\nhttps://docs.snowflake.com/en/developer-guide/node-js/nodejs-driver-consume#fetching-integer-data-types-as-bigint\nhttps://docs.snowflake.com/en/developer-guide/node-js/nodejs-driver-consume#fetching-data-types-as-strings\n\nThis will throw an error in future driver versions."}
{"level":"WARN","message":"[1:00:55.427 PM]: Query result precision loss detected when converting 1.18787878787879e+34 to a JavaScript Number.\n\nFetch as string or BigInt instead:\nhttps://docs.snowflake.com/en/developer-guide/node-js/nodejs-driver-consume#fetching-integer-data-types-as-bigint\nhttps://docs.snowflake.com/en/developer-guide/node-js/nodejs-driver-consume#fetching-data-types-as-strings\n\nThis will throw an error in future driver versions."}
{"level":"WARN","message":"[1:00:55.427 PM]: Query result precision loss detected when converting 2.47474747474748e+33 to a JavaScript Number.\n\nFetch as string or BigInt instead:\nhttps://docs.snowflake.com/en/developer-guide/node-js/nodejs-driver-consume#fetching-integer-data-types-as-bigint\nhttps://docs.snowflake.com/en/developer-guide/node-js/nodejs-driver-consume#fetching-data-types-as-strings\n\nThis will throw an error in future driver versions."}
{"level":"WARN","message":"[1:00:55.427 PM]: Query result precision loss detected when converting 2.96969696969697e+33 to a JavaScript Number.\n\nFetch as string or BigInt instead:\nhttps://docs.snowflake.com/en/developer-guide/node-js/nodejs-driver-consume#fetching-integer-data-types-as-bigint\nhttps://docs.snowflake.com/en/developer-guide/node-js/nodejs-driver-consume#fetching-data-types-as-strings\n\nThis will throw an error in future driver versions."}
{"level":"WARN","message":"[1:00:55.427 PM]: Query result precision loss detected when converting 4.94949494949495e+32 to a JavaScript Number.\n\nFetch as string or BigInt instead:\nhttps://docs.snowflake.com/en/developer-guide/node-js/nodejs-driver-consume#fetching-integer-data-types-as-bigint\nhttps://docs.snowflake.com/en/developer-guide/node-js/nodejs-driver-consume#fetching-data-types-as-strings\n\nThis will throw an error in future driver versions."}
{"level":"WARN","message":"[1:00:55.427 PM]: Query result precision loss detected when converting 3.46464646464647e+33 to a JavaScript Number.\n\nFetch as string or BigInt instead:\nhttps://docs.snowflake.com/en/developer-guide/node-js/nodejs-driver-consume#fetching-integer-data-types-as-bigint\nhttps://docs.snowflake.com/en/developer-guide/node-js/nodejs-driver-consume#fetching-data-types-as-strings\n\nThis will throw an error in future driver versions."}
{"level":"WARN","message":"[1:00:55.427 PM]: Query result precision loss detected when converting 3.95959595959596e+32 to a JavaScript Number.\n\nFetch as string or BigInt instead:\nhttps://docs.snowflake.com/en/developer-guide/node-js/nodejs-driver-consume#fetching-integer-data-types-as-bigint\nhttps://docs.snowflake.com/en/developer-guide/node-js/nodejs-driver-consume#fetching-data-types-as-strings\n\nThis will throw an error in future driver versions."}
{"level":"WARN","message":"[1:00:55.427 PM]: Query result precision loss detected when converting 8.90909090909091e+32 to a JavaScript Number.\n\nFetch as string or BigInt instead:\nhttps://docs.snowflake.com/en/developer-guide/node-js/nodejs-driver-consume#fetching-integer-data-types-as-bigint\nhttps://docs.snowflake.com/en/developer-guide/node-js/nodejs-driver-consume#fetching-data-types-as-strings\n\nThis will throw an error in future driver versions."}
{"level":"WARN","message":"[1:00:55.427 PM]: Query result precision loss detected when converting 3.46464646464647e+33 to a JavaScript Number.\n\nFetch as string or BigInt instead:\nhttps://docs.snowflake.com/en/developer-guide/node-js/nodejs-driver-consume#fetching-integer-data-types-as-bigint\nhttps://docs.snowflake.com/en/developer-guide/node-js/nodejs-driver-consume#fetching-data-types-as-strings\n\nThis will throw an error in future driver versions."}
{"level":"WARN","message":"[1:00:55.427 PM]: Query result precision loss detected when converting 8.90909090909091e+32 to a JavaScript Number.\n\nFetch as string or BigInt instead:\nhttps://docs.snowflake.com/en/developer-guide/node-js/nodejs-driver-consume#fetching-integer-data-types-as-bigint\nhttps://docs.snowflake.com/en/developer-guide/node-js/nodejs-driver-consume#fetching-data-types-as-strings\n\nThis will throw an error in future driver versions."}
{"level":"WARN","message":"[1:00:55.427 PM]: Query result precision loss detected when converting 4.94949494949495e+32 to a JavaScript Number.\n\nFetch as string or BigInt instead:\nhttps://docs.snowflake.com/en/developer-guide/node-js/nodejs-driver-consume#fetching-integer-data-types-as-bigint\nhttps://docs.snowflake.com/en/developer-guide/node-js/nodejs-driver-consume#fetching-data-types-as-strings\n\nThis will throw an error in future driver versions."}
{"level":"WARN","message":"[1:00:55.427 PM]: Query result precision loss detected when converting 3.46464646464647e+33 to a JavaScript Number.\n\nFetch as string or BigInt instead:\nhttps://docs.snowflake.com/en/developer-guide/node-js/nodejs-driver-consume#fetching-integer-data-types-as-bigint\nhttps://docs.snowflake.com/en/developer-guide/node-js/nodejs-driver-consume#fetching-data-types-as-strings\n\nThis will throw an error in future driver versions."}
{"level":"WARN","message":"[1:00:55.427 PM]: Query result precision loss detected when converting 4.94949494949495e+33 to a JavaScript Number.\n\nFetch as string or BigInt instead:\nhttps://docs.snowflake.com/en/developer-guide/node-js/nodejs-driver-consume#fetching-integer-data-types-as-bigint\nhttps://docs.snowflake.com/en/developer-guide/node-js/nodejs-driver-consume#fetching-data-types-as-strings\n\nThis will throw an error in future driver versions."}
{"level":"WARN","message":"[1:00:55.427 PM]: Query result precision loss detected when converting 4.94949494949495e+33 to a JavaScript Number.\n\nFetch as string or BigInt instead:\nhttps://docs.snowflake.com/en/developer-guide/node-js/nodejs-driver-consume#fetching-integer-data-types-as-bigint\nhttps://docs.snowflake.com/en/developer-guide/node-js/nodejs-driver-consume#fetching-data-types-as-strings\n\nThis will throw an error in future driver versions."}
{"level":"WARN","message":"[1:00:55.427 PM]: Query result precision loss detected when converting 3.95959595959596e+32 to a JavaScript Number.\n\nFetch as string or BigInt instead:\nhttps://docs.snowflake.com/en/developer-guide/node-js/nodejs-driver-consume#fetching-integer-data-types-as-bigint\nhttps://docs.snowflake.com/en/developer-guide/node-js/nodejs-driver-consume#fetching-data-types-as-strings\n\nThis will throw an error in future driver versions."}
{"level":"WARN","message":"[1:00:55.427 PM]: Query result precision loss detected when converting 2.37575757575758e+33 to a JavaScript Number.\n\nFetch as string or BigInt instead:\nhttps://docs.snowflake.com/en/developer-guide/node-js/nodejs-driver-consume#fetching-integer-data-types-as-bigint\nhttps://docs.snowflake.com/en/developer-guide/node-js/nodejs-driver-consume#fetching-data-types-as-strings\n\nThis will throw an error in future driver versions."}
{"level":"WARN","message":"[1:00:55.427 PM]: Query result precision loss detected when converting 7.91919191919192e+32 to a JavaScript Number.\n\nFetch as string or BigInt instead:\nhttps://docs.snowflake.com/en/developer-guide/node-js/nodejs-driver-consume#fetching-integer-data-types-as-bigint\nhttps://docs.snowflake.com/en/developer-guide/node-js/nodejs-driver-consume#fetching-data-types-as-strings\n\nThis will throw an error in future driver versions."}
{"level":"WARN","message":"[1:00:55.427 PM]: Query result precision loss detected when converting 1.97979797979798e+32 to a JavaScript Number.\n\nFetch as string or BigInt instead:\nhttps://docs.snowflake.com/en/developer-guide/node-js/nodejs-driver-consume#fetching-integer-data-types-as-bigint\nhttps://docs.snowflake.com/en/developer-guide/node-js/nodejs-driver-consume#fetching-data-types-as-strings\n\nThis will throw an error in future driver versions."}
{"level":"WARN","message":"[1:00:55.427 PM]: Query result precision loss detected when converting 5.59292929292929e+34 to a JavaScript Number.\n\nFetch as string or BigInt instead:\nhttps://docs.snowflake.com/en/developer-guide/node-js/nodejs-driver-consume#fetching-integer-data-types-as-bigint\nhttps://docs.snowflake.com/en/developer-guide/node-js/nodejs-driver-consume#fetching-data-types-as-strings\n\nThis will throw an error in future driver versions."}
{"level":"WARN","message":"[1:00:55.427 PM]: Query result precision loss detected when converting 2.17777777777778e+33 to a JavaScript Number.\n\nFetch as string or BigInt instead:\nhttps://docs.snowflake.com/en/developer-guide/node-js/nodejs-driver-consume#fetching-integer-data-types-as-bigint\nhttps://docs.snowflake.com/en/developer-guide/node-js/nodejs-driver-consume#fetching-data-types-as-strings\n\nThis will throw an error in future driver versions."}
{"level":"WARN","message":"[1:00:55.427 PM]: Query result precision loss detected when converting 8.90909090909091e+32 to a JavaScript Number.\n\nFetch as string or BigInt instead:\nhttps://docs.snowflake.com/en/developer-guide/node-js/nodejs-driver-consume#fetching-integer-data-types-as-bigint\nhttps://docs.snowflake.com/en/developer-guide/node-js/nodejs-driver-consume#fetching-data-types-as-strings\n\nThis will throw an error in future driver versions."}
{"level":"WARN","message":"[1:00:55.427 PM]: Query result precision loss detected when converting 5.59292929292929e+34 to a JavaScript Number.\n\nFetch as string or BigInt instead:\nhttps://docs.snowflake.com/en/developer-guide/node-js/nodejs-driver-consume#fetching-integer-data-types-as-bigint\nhttps://docs.snowflake.com/en/developer-guide/node-js/nodejs-driver-consume#fetching-data-types-as-strings\n\nThis will throw an error in future driver versions."}
{"level":"WARN","message":"[1:00:55.427 PM]: Query result precision loss detected when converting 2.47474747474748e+33 to a JavaScript Number.\n\nFetch as string or BigInt instead:\nhttps://docs.snowflake.com/en/developer-guide/node-js/nodejs-driver-consume#fetching-integer-data-types-as-bigint\nhttps://docs.snowflake.com/en/developer-guide/node-js/nodejs-driver-consume#fetching-data-types-as-strings\n\nThis will throw an error in future driver versions."}
{"level":"WARN","message":"[1:00:55.427 PM]: Query result precision loss detected when converting 4.94949494949495e+32 to a JavaScript Number.\n\nFetch as string or BigInt instead:\nhttps://docs.snowflake.com/en/developer-guide/node-js/nodejs-driver-consume#fetching-integer-data-types-as-bigint\nhttps://docs.snowflake.com/en/developer-guide/node-js/nodejs-driver-consume#fetching-data-types-as-strings\n\nThis will throw an error in future driver versions."}
{"level":"WARN","message":"[1:00:55.427 PM]: Query result precision loss detected when converting 1.97979797979798e+32 to a JavaScript Number.\n\nFetch as string or BigInt instead:\nhttps://docs.snowflake.com/en/developer-guide/node-js/nodejs-driver-consume#fetching-integer-data-types-as-bigint\nhttps://docs.snowflake.com/en/developer-guide/node-js/nodejs-driver-consume#fetching-data-types-as-strings\n\nThis will throw an error in future driver versions."}
{"level":"WARN","message":"[1:00:55.427 PM]: Query result precision loss detected when converting 7.91919191919192e+32 to a JavaScript Number.\n\nFetch as string or BigInt instead:\nhttps://docs.snowflake.com/en/developer-guide/node-js/nodejs-driver-consume#fetching-integer-data-types-as-bigint\nhttps://docs.snowflake.com/en/developer-guide/node-js/nodejs-driver-consume#fetching-data-types-as-strings\n\nThis will throw an error in future driver versions."}
{"level":"WARN","message":"[1:00:55.427 PM]: Query result precision loss detected when converting 5.59292929292929e+34 to a JavaScript Number.\n\nFetch as string or BigInt instead:\nhttps://docs.snowflake.com/en/developer-guide/node-js/nodejs-driver-consume#fetching-integer-data-types-as-bigint\nhttps://docs.snowflake.com/en/developer-guide/node-js/nodejs-driver-consume#fetching-data-types-as-strings\n\nThis will throw an error in future driver versions."}
{"level":"WARN","message":"[1:00:55.427 PM]: Query result precision loss detected when converting 9.8989898989899e+32 to a JavaScript Number.\n\nFetch as string or BigInt instead:\nhttps://docs.snowflake.com/en/developer-guide/node-js/nodejs-driver-consume#fetching-integer-data-types-as-bigint\nhttps://docs.snowflake.com/en/developer-guide/node-js/nodejs-driver-consume#fetching-data-types-as-strings\n\nThis will throw an error in future driver versions."}
{"level":"WARN","message":"[1:00:55.427 PM]: Query result precision loss detected when converting 4.94949494949495e+32 to a JavaScript Number.\n\nFetch as string or BigInt instead:\nhttps://docs.snowflake.com/en/developer-guide/node-js/nodejs-driver-consume#fetching-integer-data-types-as-bigint\nhttps://docs.snowflake.com/en/developer-guide/node-js/nodejs-driver-consume#fetching-data-types-as-strings\n\nThis will throw an error in future driver versions."}
{"level":"WARN","message":"[1:00:55.427 PM]: Query result precision loss detected when converting 1.68381818181818e+35 to a JavaScript Number.\n\nFetch as string or BigInt instead:\nhttps://docs.snowflake.com/en/developer-guide/node-js/nodejs-driver-consume#fetching-integer-data-types-as-bigint\nhttps://docs.snowflake.com/en/developer-guide/node-js/nodejs-driver-consume#fetching-data-types-as-strings\n\nThis will throw an error in future driver versions."}
{"level":"WARN","message":"[1:00:55.427 PM]: Query result precision loss detected when converting 2.37575757575758e+33 to a JavaScript Number.\n\nFetch as string or BigInt instead:\nhttps://docs.snowflake.com/en/developer-guide/node-js/nodejs-driver-consume#fetching-integer-data-types-as-bigint\nhttps://docs.snowflake.com/en/developer-guide/node-js/nodejs-driver-consume#fetching-data-types-as-strings\n\nThis will throw an error in future driver versions."}
{"level":"WARN","message":"[1:00:55.427 PM]: Query result precision loss detected when converting 7.61232323232323e+34 to a JavaScript Number.\n\nFetch as string or BigInt instead:\nhttps://docs.snowflake.com/en/developer-guide/node-js/nodejs-driver-consume#fetching-integer-data-types-as-bigint\nhttps://docs.snowflake.com/en/developer-guide/node-js/nodejs-driver-consume#fetching-data-types-as-strings\n\nThis will throw an error in future driver versions."}
{"level":"WARN","message":"[1:00:55.427 PM]: Query result precision loss detected when converting 2.96969696969697e+33 to a JavaScript Number.\n\nFetch as string or BigInt instead:\nhttps://docs.snowflake.com/en/developer-guide/node-js/nodejs-driver-consume#fetching-integer-data-types-as-bigint\nhttps://docs.snowflake.com/en/developer-guide/node-js/nodejs-driver-consume#fetching-data-types-as-strings\n\nThis will throw an error in future driver versions."}
{"level":"WARN","message":"[1:00:55.427 PM]: Query result precision loss detected when converting 4.94949494949495e+32 to a JavaScript Number.\n\nFetch as string or BigInt instead:\nhttps://docs.snowflake.com/en/developer-guide/node-js/nodejs-driver-consume#fetching-integer-data-types-as-bigint\nhttps://docs.snowflake.com/en/developer-guide/node-js/nodejs-driver-consume#fetching-data-types-as-strings\n\nThis will throw an error in future driver versions."}
{"level":"WARN","message":"[1:00:55.427 PM]: Query result precision loss detected when converting 1.97979797979798e+32 to a JavaScript Number.\n\nFetch as string or BigInt instead:\nhttps://docs.snowflake.com/en/developer-guide/node-js/nodejs-driver-consume#fetching-integer-data-types-as-bigint\nhttps://docs.snowflake.com/en/developer-guide/node-js/nodejs-driver-consume#fetching-data-types-as-strings\n\nThis will throw an error in future driver versions."}
{"level":"WARN","message":"[1:00:55.427 PM]: Query result precision loss detected when converting 2.27181818181818e+35 to a JavaScript Number.\n\nFetch as string or BigInt instead:\nhttps://docs.snowflake.com/en/developer-guide/node-js/nodejs-driver-consume#fetching-integer-data-types-as-bigint\nhttps://docs.snowflake.com/en/developer-guide/node-js/nodejs-driver-consume#fetching-data-types-as-strings\n\nThis will throw an error in future driver versions."}
{"level":"WARN","message":"[1:00:55.427 PM]: Query result precision loss detected when converting 3.46464646464647e+33 to a JavaScript Number.\n\nFetch as string or BigInt instead:\nhttps://docs.snowflake.com/en/developer-guide/node-js/nodejs-driver-consume#fetching-integer-data-types-as-bigint\nhttps://docs.snowflake.com/en/developer-guide/node-js/nodejs-driver-consume#fetching-data-types-as-strings\n\nThis will throw an error in future driver versions."}
{"level":"WARN","message":"[1:00:55.427 PM]: Query result precision loss detected when converting 4.94949494949495e+32 to a JavaScript Number.\n\nFetch as string or BigInt instead:\nhttps://docs.snowflake.com/en/developer-guide/node-js/nodejs-driver-consume#fetching-integer-data-types-as-bigint\nhttps://docs.snowflake.com/en/developer-guide/node-js/nodejs-driver-consume#fetching-data-types-as-strings\n\nThis will throw an error in future driver versions."}
{"level":"WARN","message":"[1:00:55.427 PM]: Query result precision loss detected when converting 2.17777777777778e+33 to a JavaScript Number.\n\nFetch as string or BigInt instead:\nhttps://docs.snowflake.com/en/developer-guide/node-js/nodejs-driver-consume#fetching-integer-data-types-as-bigint\nhttps://docs.snowflake.com/en/developer-guide/node-js/nodejs-driver-consume#fetching-data-types-as-strings\n\nThis will throw an error in future driver versions."}
{"level":"WARN","message":"[1:00:55.427 PM]: Query result precision loss detected when converting 9.8989898989899e+32 to a JavaScript Number.\n\nFetch as string or BigInt instead:\nhttps://docs.snowflake.com/en/developer-guide/node-js/nodejs-driver-consume#fetching-integer-data-types-as-bigint\nhttps://docs.snowflake.com/en/developer-guide/node-js/nodejs-driver-consume#fetching-data-types-as-strings\n\nThis will throw an error in future driver versions."}
{"level":"WARN","message":"[1:00:55.427 PM]: Query result precision loss detected when converting 4.94949494949495e+32 to a JavaScript Number.\n\nFetch as string or BigInt instead:\nhttps://docs.snowflake.com/en/developer-guide/node-js/nodejs-driver-consume#fetching-integer-data-types-as-bigint\nhttps://docs.snowflake.com/en/developer-guide/node-js/nodejs-driver-consume#fetching-data-types-as-strings\n\nThis will throw an error in future driver versions."}
{"level":"WARN","message":"[1:00:55.427 PM]: Query result precision loss detected when converting 3.46464646464647e+33 to a JavaScript Number.\n\nFetch as string or BigInt instead:\nhttps://docs.snowflake.com/en/developer-guide/node-js/nodejs-driver-consume#fetching-integer-data-types-as-bigint\nhttps://docs.snowflake.com/en/developer-guide/node-js/nodejs-driver-consume#fetching-data-types-as-strings\n\nThis will throw an error in future driver versions."}
{"level":"WARN","message":"[1:00:55.427 PM]: Query result precision loss detected when converting 1.68381818181818e+35 to a JavaScript Number.\n\nFetch as string or BigInt instead:\nhttps://docs.snowflake.com/en/developer-guide/node-js/nodejs-driver-consume#fetching-integer-data-types-as-bigint\nhttps://docs.snowflake.com/en/developer-guide/node-js/nodejs-driver-consume#fetching-data-types-as-strings\n\nThis will throw an error in future driver versions."}
{"level":"WARN","message":"[1:00:55.427 PM]: Query result precision loss detected when converting 4.94949494949495e+33 to a JavaScript Number.\n\nFetch as string or BigInt instead:\nhttps://docs.snowflake.com/en/developer-guide/node-js/nodejs-driver-consume#fetching-integer-data-types-as-bigint\nhttps://docs.snowflake.com/en/developer-guide/node-js/nodejs-driver-consume#fetching-data-types-as-strings\n\nThis will throw an error in future driver versions."}
{"level":"WARN","message":"[1:00:55.427 PM]: Query result precision loss detected when converting 2.27181818181818e+35 to a JavaScript Number.\n\nFetch as string or BigInt instead:\nhttps://docs.snowflake.com/en/developer-guide/node-js/nodejs-driver-consume#fetching-integer-data-types-as-bigint\nhttps://docs.snowflake.com/en/developer-guide/node-js/nodejs-driver-consume#fetching-data-types-as-strings\n\nThis will throw an error in future driver versions."}
{"level":"WARN","message":"[1:00:55.427 PM]: Query result precision loss detected when converting 2.17777777777778e+33 to a JavaScript Number.\n\nFetch as string or BigInt instead:\nhttps://docs.snowflake.com/en/developer-guide/node-js/nodejs-driver-consume#fetching-integer-data-types-as-bigint\nhttps://docs.snowflake.com/en/developer-guide/node-js/nodejs-driver-consume#fetching-data-types-as-strings\n\nThis will throw an error in future driver versions."}
{"level":"WARN","message":"[1:00:55.427 PM]: Query result precision loss detected when converting 2.29656565656566e+35 to a JavaScript Number.\n\nFetch as string or BigInt instead:\nhttps://docs.snowflake.com/en/developer-guide/node-js/nodejs-driver-consume#fetching-integer-data-types-as-bigint\nhttps://docs.snowflake.com/en/developer-guide/node-js/nodejs-driver-consume#fetching-data-types-as-strings\n\nThis will throw an error in future driver versions."}
{"level":"WARN","message":"[1:00:55.427 PM]: Query result precision loss detected when converting 3.46464646464647e+33 to a JavaScript Number.\n\nFetch as string or BigInt instead:\nhttps://docs.snowflake.com/en/developer-guide/node-js/nodejs-driver-consume#fetching-integer-data-types-as-bigint\nhttps://docs.snowflake.com/en/developer-guide/node-js/nodejs-driver-consume#fetching-data-types-as-strings\n\nThis will throw an error in future driver versions."}
{"level":"WARN","message":"[1:00:55.427 PM]: Query result precision loss detected when converting 4.94949494949495e+32 to a JavaScript Number.\n\nFetch as string or BigInt instead:\nhttps://docs.snowflake.com/en/developer-guide/node-js/nodejs-driver-consume#fetching-integer-data-types-as-bigint\nhttps://docs.snowflake.com/en/developer-guide/node-js/nodejs-driver-consume#fetching-data-types-as-strings\n\nThis will throw an error in future driver versions."}
{"level":"WARN","message":"[1:00:55.427 PM]: Query result precision loss detected when converting 2.27181818181818e+35 to a JavaScript Number.\n\nFetch as string or BigInt instead:\nhttps://docs.snowflake.com/en/developer-guide/node-js/nodejs-driver-consume#fetching-integer-data-types-as-bigint\nhttps://docs.snowflake.com/en/developer-guide/node-js/nodejs-driver-consume#fetching-data-types-as-strings\n\nThis will throw an error in future driver versions."}
{"level":"WARN","message":"[1:00:55.427 PM]: Query result precision loss detected when converting 3.46464646464647e+33 to a JavaScript Number.\n\nFetch as string or BigInt instead:\nhttps://docs.snowflake.com/en/developer-guide/node-js/nodejs-driver-consume#fetching-integer-data-types-as-bigint\nhttps://docs.snowflake.com/en/developer-guide/node-js/nodejs-driver-consume#fetching-data-types-as-strings\n\nThis will throw an error in future driver versions."}
{"level":"WARN","message":"[1:00:55.427 PM]: Query result precision loss detected when converting 2.29656565656566e+35 to a JavaScript Number.\n\nFetch as string or BigInt instead:\nhttps://docs.snowflake.com/en/developer-guide/node-js/nodejs-driver-consume#fetching-integer-data-types-as-bigint\nhttps://docs.snowflake.com/en/developer-guide/node-js/nodejs-driver-consume#fetching-data-types-as-strings\n\nThis will throw an error in future driver versions."}
{"level":"WARN","message":"[1:00:55.427 PM]: Query result precision loss detected when converting 2.17777777777778e+33 to a JavaScript Number.\n\nFetch as string or BigInt instead:\nhttps://docs.snowflake.com/en/developer-guide/node-js/nodejs-driver-consume#fetching-integer-data-types-as-bigint\nhttps://docs.snowflake.com/en/developer-guide/node-js/nodejs-driver-consume#fetching-data-types-as-strings\n\nThis will throw an error in future driver versions."}
{"level":"WARN","message":"[1:00:55.427 PM]: Query result precision loss detected when converting 2.27181818181818e+35 to a JavaScript Number.\n\nFetch as string or BigInt instead:\nhttps://docs.snowflake.com/en/developer-guide/node-js/nodejs-driver-consume#fetching-integer-data-types-as-bigint\nhttps://docs.snowflake.com/en/developer-guide/node-js/nodejs-driver-consume#fetching-data-types-as-strings\n\nThis will throw an error in future driver versions."}
{"level":"WARN","message":"[1:00:55.427 PM]: Query result precision loss detected when converting 9.8989898989899e+32 to a JavaScript Number.\n\nFetch as string or BigInt instead:\nhttps://docs.snowflake.com/en/developer-guide/node-js/nodejs-driver-consume#fetching-integer-data-types-as-bigint\nhttps://docs.snowflake.com/en/developer-guide/node-js/nodejs-driver-consume#fetching-data-types-as-strings\n\nThis will throw an error in future driver versions."}
{"level":"WARN","message":"[1:00:55.427 PM]: Query result precision loss detected when converting 4.94949494949495e+32 to a JavaScript Number.\n\nFetch as string or BigInt instead:\nhttps://docs.snowflake.com/en/developer-guide/node-js/nodejs-driver-consume#fetching-integer-data-types-as-bigint\nhttps://docs.snowflake.com/en/developer-guide/node-js/nodejs-driver-consume#fetching-data-types-as-strings\n\nThis will throw an error in future driver versions."}
{"level":"WARN","message":"[1:00:55.427 PM]: Query result precision loss detected when converting 3.46464646464647e+33 to a JavaScript Number.\n\nFetch as string or BigInt instead:\nhttps://docs.snowflake.com/en/developer-guide/node-js/nodejs-driver-consume#fetching-integer-data-types-as-bigint\nhttps://docs.snowflake.com/en/developer-guide/node-js/nodejs-driver-consume#fetching-data-types-as-strings\n\nThis will throw an error in future driver versions."}
{"level":"WARN","message":"[1:00:55.427 PM]: Query result precision loss detected when converting 3.46464646464647e+33 to a JavaScript Number.\n\nFetch as string or BigInt instead:\nhttps://docs.snowflake.com/en/developer-guide/node-js/nodejs-driver-consume#fetching-integer-data-types-as-bigint\nhttps://docs.snowflake.com/en/developer-guide/node-js/nodejs-driver-consume#fetching-data-types-as-strings\n\nThis will throw an error in future driver versions."}
{"level":"WARN","message":"[1:00:55.427 PM]: Query result precision loss detected when converting 5.34545454545455e+33 to a JavaScript Number.\n\nFetch as string or BigInt instead:\nhttps://docs.snowflake.com/en/developer-guide/node-js/nodejs-driver-consume#fetching-integer-data-types-as-bigint\nhttps://docs.snowflake.com/en/developer-guide/node-js/nodejs-driver-consume#fetching-data-types-as-strings\n\nThis will throw an error in future driver versions."}
{"level":"WARN","message":"[1:00:55.427 PM]: Query result precision loss detected when converting 2.47474747474748e+33 to a JavaScript Number.\n\nFetch as string or BigInt instead:\nhttps://docs.snowflake.com/en/developer-guide/node-js/nodejs-driver-consume#fetching-integer-data-types-as-bigint\nhttps://docs.snowflake.com/en/developer-guide/node-js/nodejs-driver-consume#fetching-data-types-as-strings\n\nThis will throw an error in future driver versions."}
{"level":"WARN","message":"[1:00:55.428 PM]: Query result precision loss detected when converting 4.94949494949495e+32 to a JavaScript Number.\n\nFetch as string or BigInt instead:\nhttps://docs.snowflake.com/en/developer-guide/node-js/nodejs-driver-consume#fetching-integer-data-types-as-bigint\nhttps://docs.snowflake.com/en/developer-guide/node-js/nodejs-driver-consume#fetching-data-types-as-strings\n\nThis will throw an error in future driver versions."}
{"level":"WARN","message":"[1:00:55.428 PM]: Query result precision loss detected when converting 4.94949494949495e+33 to a JavaScript Number.\n\nFetch as string or BigInt instead:\nhttps://docs.snowflake.com/en/developer-guide/node-js/nodejs-driver-consume#fetching-integer-data-types-as-bigint\nhttps://docs.snowflake.com/en/developer-guide/node-js/nodejs-driver-consume#fetching-data-types-as-strings\n\nThis will throw an error in future driver versions."}
{"level":"WARN","message":"[1:00:55.428 PM]: Query result precision loss detected when converting 4.94949494949495e+32 to a JavaScript Number.\n\nFetch as string or BigInt instead:\nhttps://docs.snowflake.com/en/developer-guide/node-js/nodejs-driver-consume#fetching-integer-data-types-as-bigint\nhttps://docs.snowflake.com/en/developer-guide/node-js/nodejs-driver-consume#fetching-data-types-as-strings\n\nThis will throw an error in future driver versions."}
{"level":"WARN","message":"[1:00:55.428 PM]: Query result precision loss detected when converting 9.8989898989899e+32 to a JavaScript Number.\n\nFetch as string or BigInt instead:\nhttps://docs.snowflake.com/en/developer-guide/node-js/nodejs-driver-consume#fetching-integer-data-types-as-bigint\nhttps://docs.snowflake.com/en/developer-guide/node-js/nodejs-driver-consume#fetching-data-types-as-strings\n\nThis will throw an error in future driver versions."}
{"level":"WARN","message":"[1:00:55.428 PM]: Query result precision loss detected when converting 5.34545454545455e+33 to a JavaScript Number.\n\nFetch as string or BigInt instead:\nhttps://docs.snowflake.com/en/developer-guide/node-js/nodejs-driver-consume#fetching-integer-data-types-as-bigint\nhttps://docs.snowflake.com/en/developer-guide/node-js/nodejs-driver-consume#fetching-data-types-as-strings\n\nThis will throw an error in future driver versions."}
{"level":"WARN","message":"[1:00:55.428 PM]: Query result precision loss detected when converting 9.8989898989899e+32 to a JavaScript Number.\n\nFetch as string or BigInt instead:\nhttps://docs.snowflake.com/en/developer-guide/node-js/nodejs-driver-consume#fetching-integer-data-types-as-bigint\nhttps://docs.snowflake.com/en/developer-guide/node-js/nodejs-driver-consume#fetching-data-types-as-strings\n\nThis will throw an error in future driver versions."}
{"level":"WARN","message":"[1:00:55.428 PM]: Query result precision loss detected when converting 6.92929292929293e+33 to a JavaScript Number.\n\nFetch as string or BigInt instead:\nhttps://docs.snowflake.com/en/developer-guide/node-js/nodejs-driver-consume#fetching-integer-data-types-as-bigint\nhttps://docs.snowflake.com/en/developer-guide/node-js/nodejs-driver-consume#fetching-data-types-as-strings\n\nThis will throw an error in future driver versions."}
{"level":"WARN","message":"[1:00:55.428 PM]: Query result precision loss detected when converting 6.92929292929293e+33 to a JavaScript Number.\n\nFetch as string or BigInt instead:\nhttps://docs.snowflake.com/en/developer-guide/node-js/nodejs-driver-consume#fetching-integer-data-types-as-bigint\nhttps://docs.snowflake.com/en/developer-guide/node-js/nodejs-driver-consume#fetching-data-types-as-strings\n\nThis will throw an error in future driver versions."}
{"level":"WARN","message":"[1:00:55.428 PM]: Query result precision loss detected when converting 4.94949494949495e+32 to a JavaScript Number.\n\nFetch as string or BigInt instead:\nhttps://docs.snowflake.com/en/developer-guide/node-js/nodejs-driver-consume#fetching-integer-data-types-as-bigint\nhttps://docs.snowflake.com/en/developer-guide/node-js/nodejs-driver-consume#fetching-data-types-as-strings\n\nThis will throw an error in future driver versions."}
{"level":"WARN","message":"[1:00:55.428 PM]: Query result precision loss detected when converting 4.94949494949495e+32 to a JavaScript Number.\n\nFetch as string or BigInt instead:\nhttps://docs.snowflake.com/en/developer-guide/node-js/nodejs-driver-consume#fetching-integer-data-types-as-bigint\nhttps://docs.snowflake.com/en/developer-guide/node-js/nodejs-driver-consume#fetching-data-types-as-strings\n\nThis will throw an error in future driver versions."}
{"level":"WARN","message":"[1:00:55.428 PM]: Query result precision loss detected when converting 4.94949494949495e+32 to a JavaScript Number.\n\nFetch as string or BigInt instead:\nhttps://docs.snowflake.com/en/developer-guide/node-js/nodejs-driver-consume#fetching-integer-data-types-as-bigint\nhttps://docs.snowflake.com/en/developer-guide/node-js/nodejs-driver-consume#fetching-data-types-as-strings\n\nThis will throw an error in future driver versions."}
{"level":"WARN","message":"[1:00:55.428 PM]: Query result precision loss detected when converting 1.97979797979798e+32 to a JavaScript Number.\n\nFetch as string or BigInt instead:\nhttps://docs.snowflake.com/en/developer-guide/node-js/nodejs-driver-consume#fetching-integer-data-types-as-bigint\nhttps://docs.snowflake.com/en/developer-guide/node-js/nodejs-driver-consume#fetching-data-types-as-strings\n\nThis will throw an error in future driver versions."}
{"level":"WARN","message":"[1:00:55.428 PM]: Query result precision loss detected when converting 6.33535353535354e+33 to a JavaScript Number.\n\nFetch as string or BigInt instead:\nhttps://docs.snowflake.com/en/developer-guide/node-js/nodejs-driver-consume#fetching-integer-data-types-as-bigint\nhttps://docs.snowflake.com/en/developer-guide/node-js/nodejs-driver-consume#fetching-data-types-as-strings\n\nThis will throw an error in future driver versions."}
{"level":"WARN","message":"[1:00:55.428 PM]: Query result precision loss detected when converting 2.17777777777778e+33 to a JavaScript Number.\n\nFetch as string or BigInt instead:\nhttps://docs.snowflake.com/en/developer-guide/node-js/nodejs-driver-consume#fetching-integer-data-types-as-bigint\nhttps://docs.snowflake.com/en/developer-guide/node-js/nodejs-driver-consume#fetching-data-types-as-strings\n\nThis will throw an error in future driver versions."}
{"level":"WARN","message":"[1:00:55.428 PM]: Query result precision loss detected when converting 2.17777777777778e+33 to a JavaScript Number.\n\nFetch as string or BigInt instead:\nhttps://docs.snowflake.com/en/developer-guide/node-js/nodejs-driver-consume#fetching-integer-data-types-as-bigint\nhttps://docs.snowflake.com/en/developer-guide/node-js/nodejs-driver-consume#fetching-data-types-as-strings\n\nThis will throw an error in future driver versions."}
{"level":"INFO","message":"[1:04:34.125 PM]: Creating new connection object"}
{"level":"INFO","message":"[1:04:34.132 PM]: Creating Connection[id: 8cc4156e-95f5-40cb-a548-7a8f9ee8cf15] with host: udnznon-atscalepartner.snowflakecomputing.com, account: ck01391, accessUrl: https://udnznon-atscalepartner.snowflakecomputing.com, user: JAVIER.MORALES@ATSCALE.COM, role: ACCOUNTADMIN, database: SE_DEMO_LIBRARY, schema: AS_ADVENTURE, warehouse: SE_DEMO_JM_MEDIUM, proxy was not configured, password is not provided, region: undefined, authenticator: SNOWFLAKE_JWT, ocsp mode: FAIL_OPEN, os: darwin, os version: 25.5.0"}
{"level":"INFO","message":"[1:04:34.132 PM]: Connection[id: 8cc4156e-95f5-40cb-a548-7a8f9ee8cf15] additional details: passcode in password is provided, passcode is not provided, private key is provided, application: undefined, client name: snowflake-sdk, client version: 2.4.0, retry timeout: 300, private key path: undefined, private key pass is not provided, client store temporary credential: false, browser response timeout: 120000"}
{"level":"INFO","message":"[1:04:34.132 PM]: Connection[id: 8cc4156e-95f5-40cb-a548-7a8f9ee8cf15] - connection object created successfully."}
{"level":"INFO","message":"[1:04:34.132 PM]: Connection[id: 8cc4156e-95f5-40cb-a548-7a8f9ee8cf15] - async connecting. Associated Snowflake domain: GLOBAL"}
{"level":"INFO","message":"[1:04:34.132 PM]: Trying to initialize Easy Logging"}
{"level":"INFO","message":"[1:04:34.133 PM]: No client config detected."}
{"level":"INFO","message":"[1:04:34.134 PM]: No config file path found. Client config will not be used."}
{"level":"INFO","message":"[1:04:34.134 PM]: Easy Logging is disabled as no config has been found"}
{"level":"INFO","message":"[1:04:34.136 PM]: Connection[id: 8cc4156e-95f5-40cb-a548-7a8f9ee8cf15] - authentication successful using: SNOWFLAKE_JWT"}
{"level":"INFO","message":"[1:04:35.022 PM]: Connection[id: 8cc4156e-95f5-40cb-a548-7a8f9ee8cf15] - connection established successfully after 890.21 milliseconds"}
{"level":"INFO","message":"[1:05:39.858 PM]: Creating new connection object"}
{"level":"INFO","message":"[1:05:39.867 PM]: Creating Connection[id: d6b6392d-6256-49f4-8a03-dfc17d52d25e] with host: udnznon-atscalepartner.snowflakecomputing.com, account: ck01391, accessUrl: https://udnznon-atscalepartner.snowflakecomputing.com, user: JAVIER.MORALES@ATSCALE.COM, role: ACCOUNTADMIN, database: SE_DEMO_LIBRARY, schema: AS_ADVENTURE, warehouse: SE_DEMO_JM_MEDIUM, proxy was not configured, password is not provided, region: undefined, authenticator: SNOWFLAKE_JWT, ocsp mode: FAIL_OPEN, os: darwin, os version: 25.5.0"}
{"level":"INFO","message":"[1:05:39.867 PM]: Connection[id: d6b6392d-6256-49f4-8a03-dfc17d52d25e] additional details: passcode in password is provided, passcode is not provided, private key is provided, application: undefined, client name: snowflake-sdk, client version: 2.4.0, retry timeout: 300, private key path: undefined, private key pass is not provided, client store temporary credential: false, browser response timeout: 120000"}
{"level":"INFO","message":"[1:05:39.867 PM]: Connection[id: d6b6392d-6256-49f4-8a03-dfc17d52d25e] - connection object created successfully."}
{"level":"INFO","message":"[1:05:39.867 PM]: Connection[id: d6b6392d-6256-49f4-8a03-dfc17d52d25e] - async connecting. Associated Snowflake domain: GLOBAL"}
{"level":"INFO","message":"[1:05:39.867 PM]: Trying to initialize Easy Logging"}
{"level":"INFO","message":"[1:05:39.868 PM]: No client config detected."}
{"level":"INFO","message":"[1:05:39.869 PM]: No config file path found. Client config will not be used."}
{"level":"INFO","message":"[1:05:39.869 PM]: Easy Logging is disabled as no config has been found"}
{"level":"INFO","message":"[1:05:39.871 PM]: Connection[id: d6b6392d-6256-49f4-8a03-dfc17d52d25e] - authentication successful using: SNOWFLAKE_JWT"}
{"level":"INFO","message":"[1:05:40.386 PM]: Connection[id: d6b6392d-6256-49f4-8a03-dfc17d52d25e] - connection established successfully after 518.65 milliseconds"}
{"level":"INFO","message":"[1:05:56.283 PM]: Creating new connection object"}
{"level":"INFO","message":"[1:05:56.287 PM]: Creating Connection[id: ac933fac-354a-4fc3-8f9d-7f2c136b13d7] with host: udnznon-atscalepartner.snowflakecomputing.com, account: ck01391, accessUrl: https://udnznon-atscalepartner.snowflakecomputing.com, user: JAVIER.MORALES@ATSCALE.COM, role: ACCOUNTADMIN, database: SE_DEMO_LIBRARY, schema: AS_ADVENTURE, warehouse: SE_DEMO_JM_MEDIUM, proxy was not configured, password is not provided, region: undefined, authenticator: SNOWFLAKE_JWT, ocsp mode: FAIL_OPEN, os: darwin, os version: 25.5.0"}
{"level":"INFO","message":"[1:05:56.288 PM]: Connection[id: ac933fac-354a-4fc3-8f9d-7f2c136b13d7] additional details: passcode in password is provided, passcode is not provided, private key is provided, application: undefined, client name: snowflake-sdk, client version: 2.4.0, retry timeout: 300, private key path: undefined, private key pass is not provided, client store temporary credential: false, browser response timeout: 120000"}
{"level":"INFO","message":"[1:05:56.288 PM]: Connection[id: ac933fac-354a-4fc3-8f9d-7f2c136b13d7] - connection object created successfully."}
{"level":"INFO","message":"[1:05:56.288 PM]: Connection[id: ac933fac-354a-4fc3-8f9d-7f2c136b13d7] - async connecting. Associated Snowflake domain: GLOBAL"}
{"level":"INFO","message":"[1:05:56.288 PM]: Trying to initialize Easy Logging"}
{"level":"INFO","message":"[1:05:56.289 PM]: No client config detected."}
{"level":"INFO","message":"[1:05:56.289 PM]: No config file path found. Client config will not be used."}
{"level":"INFO","message":"[1:05:56.289 PM]: Easy Logging is disabled as no config has been found"}
{"level":"INFO","message":"[1:05:56.291 PM]: Connection[id: ac933fac-354a-4fc3-8f9d-7f2c136b13d7] - authentication successful using: SNOWFLAKE_JWT"}
{"level":"INFO","message":"[1:05:56.822 PM]: Connection[id: ac933fac-354a-4fc3-8f9d-7f2c136b13d7] - connection established successfully after 533.6 milliseconds"}
{"level":"INFO","message":"[1:06:19.845 PM]: Creating new connection object"}
{"level":"INFO","message":"[1:06:19.850 PM]: Creating Connection[id: 6426d25a-985f-45aa-8d80-1e03cd1598f7] with host: udnznon-atscalepartner.snowflakecomputing.com, account: ck01391, accessUrl: https://udnznon-atscalepartner.snowflakecomputing.com, user: JAVIER.MORALES@ATSCALE.COM, role: ACCOUNTADMIN, database: SE_DEMO_LIBRARY, schema: AS_ADVENTURE, warehouse: SE_DEMO_JM_MEDIUM, proxy was not configured, password is not provided, region: undefined, authenticator: SNOWFLAKE_JWT, ocsp mode: FAIL_OPEN, os: darwin, os version: 25.5.0"}
{"level":"INFO","message":"[1:06:19.851 PM]: Connection[id: 6426d25a-985f-45aa-8d80-1e03cd1598f7] additional details: passcode in password is provided, passcode is not provided, private key is provided, application: undefined, client name: snowflake-sdk, client version: 2.4.0, retry timeout: 300, private key path: undefined, private key pass is not provided, client store temporary credential: false, browser response timeout: 120000"}
{"level":"INFO","message":"[1:06:19.851 PM]: Connection[id: 6426d25a-985f-45aa-8d80-1e03cd1598f7] - connection object created successfully."}
{"level":"INFO","message":"[1:06:19.851 PM]: Connection[id: 6426d25a-985f-45aa-8d80-1e03cd1598f7] - async connecting. Associated Snowflake domain: GLOBAL"}
{"level":"INFO","message":"[1:06:19.851 PM]: Trying to initialize Easy Logging"}
{"level":"INFO","message":"[1:06:19.854 PM]: No client config detected."}
{"level":"INFO","message":"[1:06:19.854 PM]: No config file path found. Client config will not be used."}
{"level":"INFO","message":"[1:06:19.854 PM]: Easy Logging is disabled as no config has been found"}
{"level":"INFO","message":"[1:06:19.856 PM]: Connection[id: 6426d25a-985f-45aa-8d80-1e03cd1598f7] - authentication successful using: SNOWFLAKE_JWT"}
{"level":"INFO","message":"[1:06:20.301 PM]: Connection[id: 6426d25a-985f-45aa-8d80-1e03cd1598f7] - connection established successfully after 449.53 milliseconds"}
{"level":"INFO","message":"[1:06:31.332 PM]: Creating new connection object"}
{"level":"INFO","message":"[1:06:31.338 PM]: Creating Connection[id: 04dca85e-95b4-4825-8c76-1b29850a2ef7] with host: udnznon-atscalepartner.snowflakecomputing.com, account: ck01391, accessUrl: https://udnznon-atscalepartner.snowflakecomputing.com, user: JAVIER.MORALES@ATSCALE.COM, role: ACCOUNTADMIN, database: SE_DEMO_LIBRARY, schema: AS_ADVENTURE, warehouse: SE_DEMO_JM_MEDIUM, proxy was not configured, password is not provided, region: undefined, authenticator: SNOWFLAKE_JWT, ocsp mode: FAIL_OPEN, os: darwin, os version: 25.5.0"}
{"level":"INFO","message":"[1:06:31.338 PM]: Connection[id: 04dca85e-95b4-4825-8c76-1b29850a2ef7] additional details: passcode in password is provided, passcode is not provided, private key is provided, application: undefined, client name: snowflake-sdk, client version: 2.4.0, retry timeout: 300, private key path: undefined, private key pass is not provided, client store temporary credential: false, browser response timeout: 120000"}
{"level":"INFO","message":"[1:06:31.338 PM]: Connection[id: 04dca85e-95b4-4825-8c76-1b29850a2ef7] - connection object created successfully."}
{"level":"INFO","message":"[1:06:31.339 PM]: Connection[id: 04dca85e-95b4-4825-8c76-1b29850a2ef7] - async connecting. Associated Snowflake domain: GLOBAL"}
{"level":"INFO","message":"[1:06:31.339 PM]: Trying to initialize Easy Logging"}
{"level":"INFO","message":"[1:06:31.340 PM]: No client config detected."}
{"level":"INFO","message":"[1:06:31.340 PM]: No config file path found. Client config will not be used."}
{"level":"INFO","message":"[1:06:31.340 PM]: Easy Logging is disabled as no config has been found"}
{"level":"INFO","message":"[1:06:31.342 PM]: Connection[id: 04dca85e-95b4-4825-8c76-1b29850a2ef7] - authentication successful using: SNOWFLAKE_JWT"}
{"level":"INFO","message":"[1:06:31.738 PM]: Connection[id: 04dca85e-95b4-4825-8c76-1b29850a2ef7] - connection established successfully after 399.05 milliseconds"}
{"level":"INFO","message":"[1:06:59.455 PM]: Creating new connection object"}
{"level":"INFO","message":"[1:06:59.461 PM]: Creating Connection[id: 3239294d-e322-4818-9ac3-1746bbe6da0c] with host: udnznon-atscalepartner.snowflakecomputing.com, account: ck01391, accessUrl: https://udnznon-atscalepartner.snowflakecomputing.com, user: JAVIER.MORALES@ATSCALE.COM, role: ACCOUNTADMIN, database: SE_DEMO_LIBRARY, schema: AS_ADVENTURE, warehouse: SE_DEMO_JM_MEDIUM, proxy was not configured, password is not provided, region: undefined, authenticator: SNOWFLAKE_JWT, ocsp mode: FAIL_OPEN, os: darwin, os version: 25.5.0"}
{"level":"INFO","message":"[1:06:59.462 PM]: Connection[id: 3239294d-e322-4818-9ac3-1746bbe6da0c] additional details: passcode in password is provided, passcode is not provided, private key is provided, application: undefined, client name: snowflake-sdk, client version: 2.4.0, retry timeout: 300, private key path: undefined, private key pass is not provided, client store temporary credential: false, browser response timeout: 120000"}
{"level":"INFO","message":"[1:06:59.462 PM]: Connection[id: 3239294d-e322-4818-9ac3-1746bbe6da0c] - connection object created successfully."}
{"level":"INFO","message":"[1:06:59.462 PM]: Connection[id: 3239294d-e322-4818-9ac3-1746bbe6da0c] - async connecting. Associated Snowflake domain: GLOBAL"}
{"level":"INFO","message":"[1:06:59.462 PM]: Trying to initialize Easy Logging"}
{"level":"INFO","message":"[1:06:59.463 PM]: No client config detected."}
{"level":"INFO","message":"[1:06:59.463 PM]: No config file path found. Client config will not be used."}
{"level":"INFO","message":"[1:06:59.463 PM]: Easy Logging is disabled as no config has been found"}
{"level":"INFO","message":"[1:06:59.465 PM]: Connection[id: 3239294d-e322-4818-9ac3-1746bbe6da0c] - authentication successful using: SNOWFLAKE_JWT"}
{"level":"INFO","message":"[1:06:59.925 PM]: Connection[id: 3239294d-e322-4818-9ac3-1746bbe6da0c] - connection established successfully after 463.06 milliseconds"}
{"level":"INFO","message":"[1:07:08.967 PM]: Creating new connection object"}
{"level":"INFO","message":"[1:07:08.973 PM]: Creating Connection[id: 05f1a3bf-c9c7-4f2b-b88a-889044592e66] with host: udnznon-atscalepartner.snowflakecomputing.com, account: ck01391, accessUrl: https://udnznon-atscalepartner.snowflakecomputing.com, user: JAVIER.MORALES@ATSCALE.COM, role: ACCOUNTADMIN, database: SE_DEMO_LIBRARY, schema: AS_ADVENTURE, warehouse: SE_DEMO_JM_MEDIUM, proxy was not configured, password is not provided, region: undefined, authenticator: SNOWFLAKE_JWT, ocsp mode: FAIL_OPEN, os: darwin, os version: 25.5.0"}
{"level":"INFO","message":"[1:07:08.974 PM]: Connection[id: 05f1a3bf-c9c7-4f2b-b88a-889044592e66] additional details: passcode in password is provided, passcode is not provided, private key is provided, application: undefined, client name: snowflake-sdk, client version: 2.4.0, retry timeout: 300, private key path: undefined, private key pass is not provided, client store temporary credential: false, browser response timeout: 120000"}
{"level":"INFO","message":"[1:07:08.974 PM]: Connection[id: 05f1a3bf-c9c7-4f2b-b88a-889044592e66] - connection object created successfully."}
{"level":"INFO","message":"[1:07:08.974 PM]: Connection[id: 05f1a3bf-c9c7-4f2b-b88a-889044592e66] - async connecting. Associated Snowflake domain: GLOBAL"}
{"level":"INFO","message":"[1:07:08.974 PM]: Trying to initialize Easy Logging"}
{"level":"INFO","message":"[1:07:08.975 PM]: No client config detected."}
{"level":"INFO","message":"[1:07:08.975 PM]: No config file path found. Client config will not be used."}
{"level":"INFO","message":"[1:07:08.975 PM]: Easy Logging is disabled as no config has been found"}
{"level":"INFO","message":"[1:07:08.977 PM]: Connection[id: 05f1a3bf-c9c7-4f2b-b88a-889044592e66] - authentication successful using: SNOWFLAKE_JWT"}
{"level":"INFO","message":"[1:07:09.330 PM]: Connection[id: 05f1a3bf-c9c7-4f2b-b88a-889044592e66] - connection established successfully after 356.27 milliseconds"}
{"level":"INFO","message":"[1:08:22.664 PM]: Creating new connection object"}
{"level":"INFO","message":"[1:08:22.668 PM]: Creating Connection[id: bfb0db75-56ba-4f3e-b7f9-3053f89a6526] with host: udnznon-atscalepartner.snowflakecomputing.com, account: ck01391, accessUrl: https://udnznon-atscalepartner.snowflakecomputing.com, user: JAVIER.MORALES@ATSCALE.COM, role: ACCOUNTADMIN, database: SE_DEMO_LIBRARY, schema: AS_ADVENTURE, warehouse: SE_DEMO_JM_MEDIUM, proxy was not configured, password is not provided, region: undefined, authenticator: SNOWFLAKE_JWT, ocsp mode: FAIL_OPEN, os: darwin, os version: 25.5.0"}
{"level":"INFO","message":"[1:08:22.668 PM]: Connection[id: bfb0db75-56ba-4f3e-b7f9-3053f89a6526] additional details: passcode in password is provided, passcode is not provided, private key is provided, application: undefined, client name: snowflake-sdk, client version: 2.4.0, retry timeout: 300, private key path: undefined, private key pass is not provided, client store temporary credential: false, browser response timeout: 120000"}
{"level":"INFO","message":"[1:08:22.670 PM]: Connection[id: bfb0db75-56ba-4f3e-b7f9-3053f89a6526] - connection object created successfully."}
{"level":"INFO","message":"[1:08:22.670 PM]: Connection[id: bfb0db75-56ba-4f3e-b7f9-3053f89a6526] - async connecting. Associated Snowflake domain: GLOBAL"}
{"level":"INFO","message":"[1:08:22.670 PM]: Trying to initialize Easy Logging"}
{"level":"INFO","message":"[1:08:22.671 PM]: No client config detected."}
{"level":"INFO","message":"[1:08:22.672 PM]: No config file path found. Client config will not be used."}
{"level":"INFO","message":"[1:08:22.672 PM]: Easy Logging is disabled as no config has been found"}
{"level":"INFO","message":"[1:08:22.674 PM]: Connection[id: bfb0db75-56ba-4f3e-b7f9-3053f89a6526] - authentication successful using: SNOWFLAKE_JWT"}
{"level":"INFO","message":"[1:08:23.272 PM]: Connection[id: bfb0db75-56ba-4f3e-b7f9-3053f89a6526] - connection established successfully after 602.27 milliseconds"}
{"level":"INFO","message":"[1:08:30.630 PM]: Creating new connection object"}
{"level":"INFO","message":"[1:08:30.636 PM]: Creating Connection[id: f5fa992c-03c2-4b45-b7a4-ba885d12db5c] with host: udnznon-atscalepartner.snowflakecomputing.com, account: ck01391, accessUrl: https://udnznon-atscalepartner.snowflakecomputing.com, user: JAVIER.MORALES@ATSCALE.COM, role: ACCOUNTADMIN, database: SE_DEMO_LIBRARY, schema: AS_ADVENTURE, warehouse: SE_DEMO_JM_MEDIUM, proxy was not configured, password is not provided, region: undefined, authenticator: SNOWFLAKE_JWT, ocsp mode: FAIL_OPEN, os: darwin, os version: 25.5.0"}
{"level":"INFO","message":"[1:08:30.636 PM]: Connection[id: f5fa992c-03c2-4b45-b7a4-ba885d12db5c] additional details: passcode in password is provided, passcode is not provided, private key is provided, application: undefined, client name: snowflake-sdk, client version: 2.4.0, retry timeout: 300, private key path: undefined, private key pass is not provided, client store temporary credential: false, browser response timeout: 120000"}
{"level":"INFO","message":"[1:08:30.636 PM]: Connection[id: f5fa992c-03c2-4b45-b7a4-ba885d12db5c] - connection object created successfully."}
{"level":"INFO","message":"[1:08:30.636 PM]: Connection[id: f5fa992c-03c2-4b45-b7a4-ba885d12db5c] - async connecting. Associated Snowflake domain: GLOBAL"}
{"level":"INFO","message":"[1:08:30.636 PM]: Trying to initialize Easy Logging"}
{"level":"INFO","message":"[1:08:30.637 PM]: No client config detected."}
{"level":"INFO","message":"[1:08:30.637 PM]: No config file path found. Client config will not be used."}
{"level":"INFO","message":"[1:08:30.637 PM]: Easy Logging is disabled as no config has been found"}
{"level":"INFO","message":"[1:08:30.639 PM]: Connection[id: f5fa992c-03c2-4b45-b7a4-ba885d12db5c] - authentication successful using: SNOWFLAKE_JWT"}
{"level":"INFO","message":"[1:08:30.976 PM]: Connection[id: f5fa992c-03c2-4b45-b7a4-ba885d12db5c] - connection established successfully after 339.96 milliseconds"}
{"level":"INFO","message":"[1:09:33.436 PM]: Creating new connection object"}
{"level":"INFO","message":"[1:09:33.444 PM]: Creating Connection[id: c1094902-2805-44b1-836a-e5546a344643] with host: udnznon-atscalepartner.snowflakecomputing.com, account: ck01391, accessUrl: https://udnznon-atscalepartner.snowflakecomputing.com, user: JAVIER.MORALES@ATSCALE.COM, role: ACCOUNTADMIN, database: SE_DEMO_LIBRARY, schema: AS_ADVENTURE, warehouse: SE_DEMO_JM_MEDIUM, proxy was not configured, password is not provided, region: undefined, authenticator: SNOWFLAKE_JWT, ocsp mode: FAIL_OPEN, os: darwin, os version: 25.5.0"}
{"level":"INFO","message":"[1:09:33.445 PM]: Connection[id: c1094902-2805-44b1-836a-e5546a344643] additional details: passcode in password is provided, passcode is not provided, private key is provided, application: undefined, client name: snowflake-sdk, client version: 2.4.0, retry timeout: 300, private key path: undefined, private key pass is not provided, client store temporary credential: false, browser response timeout: 120000"}
{"level":"INFO","message":"[1:09:33.445 PM]: Connection[id: c1094902-2805-44b1-836a-e5546a344643] - connection object created successfully."}
{"level":"INFO","message":"[1:09:33.445 PM]: Connection[id: c1094902-2805-44b1-836a-e5546a344643] - async connecting. Associated Snowflake domain: GLOBAL"}
{"level":"INFO","message":"[1:09:33.445 PM]: Trying to initialize Easy Logging"}
{"level":"INFO","message":"[1:09:33.447 PM]: No client config detected."}
{"level":"INFO","message":"[1:09:33.447 PM]: No config file path found. Client config will not be used."}
{"level":"INFO","message":"[1:09:33.447 PM]: Easy Logging is disabled as no config has been found"}
{"level":"INFO","message":"[1:09:33.450 PM]: Connection[id: c1094902-2805-44b1-836a-e5546a344643] - authentication successful using: SNOWFLAKE_JWT"}
{"level":"INFO","message":"[1:09:33.837 PM]: Connection[id: c1094902-2805-44b1-836a-e5546a344643] - connection established successfully after 391.72 milliseconds"}
{"level":"INFO","message":"[1:09:59.099 PM]: Creating new connection object"}
{"level":"INFO","message":"[1:09:59.106 PM]: Creating Connection[id: ea694f14-2872-4c74-94d8-f22fb46a682f] with host: udnznon-atscalepartner.snowflakecomputing.com, account: ck01391, accessUrl: https://udnznon-atscalepartner.snowflakecomputing.com, user: JAVIER.MORALES@ATSCALE.COM, role: ACCOUNTADMIN, database: SE_DEMO_LIBRARY, schema: AS_ADVENTURE, warehouse: SE_DEMO_JM_MEDIUM, proxy was not configured, password is not provided, region: undefined, authenticator: SNOWFLAKE_JWT, ocsp mode: FAIL_OPEN, os: darwin, os version: 25.5.0"}
{"level":"INFO","message":"[1:09:59.106 PM]: Connection[id: ea694f14-2872-4c74-94d8-f22fb46a682f] additional details: passcode in password is provided, passcode is not provided, private key is provided, application: undefined, client name: snowflake-sdk, client version: 2.4.0, retry timeout: 300, private key path: undefined, private key pass is not provided, client store temporary credential: false, browser response timeout: 120000"}
{"level":"INFO","message":"[1:09:59.106 PM]: Connection[id: ea694f14-2872-4c74-94d8-f22fb46a682f] - connection object created successfully."}
{"level":"INFO","message":"[1:09:59.106 PM]: Connection[id: ea694f14-2872-4c74-94d8-f22fb46a682f] - async connecting. Associated Snowflake domain: GLOBAL"}
{"level":"INFO","message":"[1:09:59.106 PM]: Trying to initialize Easy Logging"}
{"level":"INFO","message":"[1:09:59.107 PM]: No client config detected."}
{"level":"INFO","message":"[1:09:59.107 PM]: No config file path found. Client config will not be used."}
{"level":"INFO","message":"[1:09:59.107 PM]: Easy Logging is disabled as no config has been found"}
{"level":"INFO","message":"[1:09:59.109 PM]: Connection[id: ea694f14-2872-4c74-94d8-f22fb46a682f] - authentication successful using: SNOWFLAKE_JWT"}
{"level":"INFO","message":"[1:09:59.689 PM]: Connection[id: ea694f14-2872-4c74-94d8-f22fb46a682f] - connection established successfully after 582.73 milliseconds"}
{"level":"INFO","message":"[1:10:00.436 PM]: Creating new connection object"}
{"level":"INFO","message":"[1:10:00.442 PM]: Creating Connection[id: de38dcb2-6dda-4211-88d3-b511c5bea51b] with host: udnznon-atscalepartner.snowflakecomputing.com, account: ck01391, accessUrl: https://udnznon-atscalepartner.snowflakecomputing.com, user: JAVIER.MORALES@ATSCALE.COM, role: ACCOUNTADMIN, database: SE_DEMO_LIBRARY, schema: AS_ADVENTURE, warehouse: SE_DEMO_JM_MEDIUM, proxy was not configured, password is not provided, region: undefined, authenticator: SNOWFLAKE_JWT, ocsp mode: FAIL_OPEN, os: darwin, os version: 25.5.0"}
{"level":"INFO","message":"[1:10:00.442 PM]: Connection[id: de38dcb2-6dda-4211-88d3-b511c5bea51b] additional details: passcode in password is provided, passcode is not provided, private key is provided, application: undefined, client name: snowflake-sdk, client version: 2.4.0, retry timeout: 300, private key path: undefined, private key pass is not provided, client store temporary credential: false, browser response timeout: 120000"}
{"level":"INFO","message":"[1:10:00.443 PM]: Connection[id: de38dcb2-6dda-4211-88d3-b511c5bea51b] - connection object created successfully."}
{"level":"INFO","message":"[1:10:00.443 PM]: Connection[id: de38dcb2-6dda-4211-88d3-b511c5bea51b] - async connecting. Associated Snowflake domain: GLOBAL"}
{"level":"INFO","message":"[1:10:00.443 PM]: Trying to initialize Easy Logging"}
{"level":"INFO","message":"[1:10:00.444 PM]: No client config detected."}
{"level":"INFO","message":"[1:10:00.444 PM]: No config file path found. Client config will not be used."}
{"level":"INFO","message":"[1:10:00.444 PM]: Easy Logging is disabled as no config has been found"}
{"level":"INFO","message":"[1:10:00.446 PM]: Connection[id: de38dcb2-6dda-4211-88d3-b511c5bea51b] - authentication successful using: SNOWFLAKE_JWT"}
{"level":"INFO","message":"[1:10:00.848 PM]: Connection[id: de38dcb2-6dda-4211-88d3-b511c5bea51b] - connection established successfully after 404.81 milliseconds"}
{"level":"INFO","message":"[1:10:33.931 PM]: Creating new connection object"}
{"level":"INFO","message":"[1:10:33.938 PM]: Creating Connection[id: cd6a27ae-a211-494a-8c6e-cba2163d6f1c] with host: udnznon-atscalepartner.snowflakecomputing.com, account: ck01391, accessUrl: https://udnznon-atscalepartner.snowflakecomputing.com, user: JAVIER.MORALES@ATSCALE.COM, role: ACCOUNTADMIN, database: SE_DEMO_LIBRARY, schema: AS_ADVENTURE, warehouse: SE_DEMO_JM_MEDIUM, proxy was not configured, password is not provided, region: undefined, authenticator: SNOWFLAKE_JWT, ocsp mode: FAIL_OPEN, os: darwin, os version: 25.5.0"}
{"level":"INFO","message":"[1:10:33.938 PM]: Connection[id: cd6a27ae-a211-494a-8c6e-cba2163d6f1c] additional details: passcode in password is provided, passcode is not provided, private key is provided, application: undefined, client name: snowflake-sdk, client version: 2.4.0, retry timeout: 300, private key path: undefined, private key pass is not provided, client store temporary credential: false, browser response timeout: 120000"}
{"level":"INFO","message":"[1:10:33.938 PM]: Connection[id: cd6a27ae-a211-494a-8c6e-cba2163d6f1c] - connection object created successfully."}
{"level":"INFO","message":"[1:10:33.939 PM]: Connection[id: cd6a27ae-a211-494a-8c6e-cba2163d6f1c] - async connecting. Associated Snowflake domain: GLOBAL"}
{"level":"INFO","message":"[1:10:33.939 PM]: Trying to initialize Easy Logging"}
{"level":"INFO","message":"[1:10:33.940 PM]: No client config detected."}
{"level":"INFO","message":"[1:10:33.940 PM]: No config file path found. Client config will not be used."}
{"level":"INFO","message":"[1:10:33.940 PM]: Easy Logging is disabled as no config has been found"}
{"level":"INFO","message":"[1:10:33.942 PM]: Connection[id: cd6a27ae-a211-494a-8c6e-cba2163d6f1c] - authentication successful using: SNOWFLAKE_JWT"}
{"level":"INFO","message":"[1:10:34.379 PM]: Connection[id: cd6a27ae-a211-494a-8c6e-cba2163d6f1c] - connection established successfully after 439.96 milliseconds"}
{"level":"INFO","message":"[1:10:42.604 PM]: Creating new connection object"}
{"level":"INFO","message":"[1:10:42.609 PM]: Creating Connection[id: 54e0501d-8e02-45b5-90ff-cb6e8c6c4cb2] with host: udnznon-atscalepartner.snowflakecomputing.com, account: ck01391, accessUrl: https://udnznon-atscalepartner.snowflakecomputing.com, user: JAVIER.MORALES@ATSCALE.COM, role: ACCOUNTADMIN, database: SE_DEMO_LIBRARY, schema: AS_ADVENTURE, warehouse: SE_DEMO_JM_MEDIUM, proxy was not configured, password is not provided, region: undefined, authenticator: SNOWFLAKE_JWT, ocsp mode: FAIL_OPEN, os: darwin, os version: 25.5.0"}
{"level":"INFO","message":"[1:10:42.609 PM]: Connection[id: 54e0501d-8e02-45b5-90ff-cb6e8c6c4cb2] additional details: passcode in password is provided, passcode is not provided, private key is provided, application: undefined, client name: snowflake-sdk, client version: 2.4.0, retry timeout: 300, private key path: undefined, private key pass is not provided, client store temporary credential: false, browser response timeout: 120000"}
{"level":"INFO","message":"[1:10:42.610 PM]: Connection[id: 54e0501d-8e02-45b5-90ff-cb6e8c6c4cb2] - connection object created successfully."}
{"level":"INFO","message":"[1:10:42.610 PM]: Connection[id: 54e0501d-8e02-45b5-90ff-cb6e8c6c4cb2] - async connecting. Associated Snowflake domain: GLOBAL"}
{"level":"INFO","message":"[1:10:42.610 PM]: Trying to initialize Easy Logging"}
{"level":"INFO","message":"[1:10:42.613 PM]: No client config detected."}
{"level":"INFO","message":"[1:10:42.613 PM]: No config file path found. Client config will not be used."}
{"level":"INFO","message":"[1:10:42.613 PM]: Easy Logging is disabled as no config has been found"}
{"level":"INFO","message":"[1:10:42.615 PM]: Connection[id: 54e0501d-8e02-45b5-90ff-cb6e8c6c4cb2] - authentication successful using: SNOWFLAKE_JWT"}
{"level":"INFO","message":"[1:10:42.959 PM]: Connection[id: 54e0501d-8e02-45b5-90ff-cb6e8c6c4cb2] - connection established successfully after 349.54 milliseconds"}
{"level":"INFO","message":"[1:11:42.610 PM]: Creating new connection object"}
{"level":"INFO","message":"[1:11:42.616 PM]: Creating Connection[id: fb41a4d2-02b5-4994-aecc-0c8b9f068127] with host: udnznon-atscalepartner.snowflakecomputing.com, account: ck01391, accessUrl: https://udnznon-atscalepartner.snowflakecomputing.com, user: JAVIER.MORALES@ATSCALE.COM, role: ACCOUNTADMIN, database: SE_DEMO_LIBRARY, schema: AS_ADVENTURE, warehouse: SE_DEMO_JM_MEDIUM, proxy was not configured, password is not provided, region: undefined, authenticator: SNOWFLAKE_JWT, ocsp mode: FAIL_OPEN, os: darwin, os version: 25.5.0"}
{"level":"INFO","message":"[1:11:42.616 PM]: Connection[id: fb41a4d2-02b5-4994-aecc-0c8b9f068127] additional details: passcode in password is provided, passcode is not provided, private key is provided, application: undefined, client name: snowflake-sdk, client version: 2.4.0, retry timeout: 300, private key path: undefined, private key pass is not provided, client store temporary credential: false, browser response timeout: 120000"}
{"level":"INFO","message":"[1:11:42.616 PM]: Connection[id: fb41a4d2-02b5-4994-aecc-0c8b9f068127] - connection object created successfully."}
{"level":"INFO","message":"[1:11:42.617 PM]: Connection[id: fb41a4d2-02b5-4994-aecc-0c8b9f068127] - async connecting. Associated Snowflake domain: GLOBAL"}
{"level":"INFO","message":"[1:11:42.617 PM]: Trying to initialize Easy Logging"}
{"level":"INFO","message":"[1:11:42.618 PM]: No client config detected."}
{"level":"INFO","message":"[1:11:42.618 PM]: No config file path found. Client config will not be used."}
{"level":"INFO","message":"[1:11:42.618 PM]: Easy Logging is disabled as no config has been found"}
{"level":"INFO","message":"[1:11:42.620 PM]: Connection[id: fb41a4d2-02b5-4994-aecc-0c8b9f068127] - authentication successful using: SNOWFLAKE_JWT"}
{"level":"INFO","message":"[1:11:43.198 PM]: Connection[id: fb41a4d2-02b5-4994-aecc-0c8b9f068127] - connection established successfully after 580.91 milliseconds"}
{"level":"INFO","message":"[1:15:06.337 PM]: Creating new connection object"}
{"level":"INFO","message":"[1:15:06.343 PM]: Creating Connection[id: 32dffe3d-4dc4-40d2-a562-53c833b21bfc] with host: udnznon-atscalepartner.snowflakecomputing.com, account: ck01391, accessUrl: https://udnznon-atscalepartner.snowflakecomputing.com, user: JAVIER.MORALES@ATSCALE.COM, role: ACCOUNTADMIN, database: SE_DEMO_LIBRARY, schema: AS_ADVENTURE, warehouse: SE_DEMO_JM_MEDIUM, proxy was not configured, password is not provided, region: undefined, authenticator: SNOWFLAKE_JWT, ocsp mode: FAIL_OPEN, os: darwin, os version: 25.5.0"}
{"level":"INFO","message":"[1:15:06.344 PM]: Connection[id: 32dffe3d-4dc4-40d2-a562-53c833b21bfc] additional details: passcode in password is provided, passcode is not provided, private key is provided, application: undefined, client name: snowflake-sdk, client version: 2.4.0, retry timeout: 300, private key path: undefined, private key pass is not provided, client store temporary credential: false, browser response timeout: 120000"}
{"level":"INFO","message":"[1:15:06.344 PM]: Connection[id: 32dffe3d-4dc4-40d2-a562-53c833b21bfc] - connection object created successfully."}
{"level":"INFO","message":"[1:15:06.344 PM]: Connection[id: 32dffe3d-4dc4-40d2-a562-53c833b21bfc] - async connecting. Associated Snowflake domain: GLOBAL"}
{"level":"INFO","message":"[1:15:06.344 PM]: Trying to initialize Easy Logging"}
{"level":"INFO","message":"[1:15:06.345 PM]: No client config detected."}
{"level":"INFO","message":"[1:15:06.345 PM]: No config file path found. Client config will not be used."}
{"level":"INFO","message":"[1:15:06.345 PM]: Easy Logging is disabled as no config has been found"}
{"level":"INFO","message":"[1:15:06.347 PM]: Connection[id: 32dffe3d-4dc4-40d2-a562-53c833b21bfc] - authentication successful using: SNOWFLAKE_JWT"}
{"level":"INFO","message":"[1:15:06.927 PM]: Connection[id: 32dffe3d-4dc4-40d2-a562-53c833b21bfc] - connection established successfully after 582.89 milliseconds"}
{"level":"INFO","message":"[1:15:37.280 PM]: Creating new connection object"}
{"level":"INFO","message":"[1:15:37.288 PM]: Creating Connection[id: c86bdbc1-2846-491b-a43e-beb43df362e2] with host: udnznon-atscalepartner.snowflakecomputing.com, account: ck01391, accessUrl: https://udnznon-atscalepartner.snowflakecomputing.com, user: JAVIER.MORALES@ATSCALE.COM, role: ACCOUNTADMIN, database: SE_DEMO_LIBRARY, schema: AS_ADVENTURE, warehouse: SE_DEMO_JM_MEDIUM, proxy was not configured, password is not provided, region: undefined, authenticator: SNOWFLAKE_JWT, ocsp mode: FAIL_OPEN, os: darwin, os version: 25.5.0"}
{"level":"INFO","message":"[1:15:37.288 PM]: Connection[id: c86bdbc1-2846-491b-a43e-beb43df362e2] additional details: passcode in password is provided, passcode is not provided, private key is provided, application: undefined, client name: snowflake-sdk, client version: 2.4.0, retry timeout: 300, private key path: undefined, private key pass is not provided, client store temporary credential: false, browser response timeout: 120000"}
{"level":"INFO","message":"[1:15:37.290 PM]: Connection[id: c86bdbc1-2846-491b-a43e-beb43df362e2] - connection object created successfully."}
{"level":"INFO","message":"[1:15:37.290 PM]: Connection[id: c86bdbc1-2846-491b-a43e-beb43df362e2] - async connecting. Associated Snowflake domain: GLOBAL"}
{"level":"INFO","message":"[1:15:37.290 PM]: Trying to initialize Easy Logging"}
{"level":"INFO","message":"[1:15:37.291 PM]: No client config detected."}
{"level":"INFO","message":"[1:15:37.291 PM]: No config file path found. Client config will not be used."}
{"level":"INFO","message":"[1:15:37.292 PM]: Easy Logging is disabled as no config has been found"}
{"level":"INFO","message":"[1:15:37.294 PM]: Connection[id: c86bdbc1-2846-491b-a43e-beb43df362e2] - authentication successful using: SNOWFLAKE_JWT"}
{"level":"INFO","message":"[1:15:37.748 PM]: Connection[id: c86bdbc1-2846-491b-a43e-beb43df362e2] - connection established successfully after 458.59 milliseconds"}
{"level":"INFO","message":"[1:19:04.316 PM]: Creating new connection object"}
{"level":"INFO","message":"[1:19:04.326 PM]: Creating Connection[id: f54832d7-bc9a-4fdb-b426-7a7aa0f4647b] with host: udnznon-atscalepartner.snowflakecomputing.com, account: ck01391, accessUrl: https://udnznon-atscalepartner.snowflakecomputing.com, user: JAVIER.MORALES@ATSCALE.COM, role: ACCOUNTADMIN, database: SE_DEMO_LIBRARY, schema: AS_ADVENTURE, warehouse: SE_DEMO_JM_MEDIUM, proxy was not configured, password is not provided, region: undefined, authenticator: SNOWFLAKE_JWT, ocsp mode: FAIL_OPEN, os: darwin, os version: 25.5.0"}
{"level":"INFO","message":"[1:19:04.327 PM]: Connection[id: f54832d7-bc9a-4fdb-b426-7a7aa0f4647b] additional details: passcode in password is provided, passcode is not provided, private key is provided, application: undefined, client name: snowflake-sdk, client version: 2.4.0, retry timeout: 300, private key path: undefined, private key pass is not provided, client store temporary credential: false, browser response timeout: 120000"}
{"level":"INFO","message":"[1:19:04.327 PM]: Connection[id: f54832d7-bc9a-4fdb-b426-7a7aa0f4647b] - connection object created successfully."}
{"level":"INFO","message":"[1:19:04.327 PM]: Connection[id: f54832d7-bc9a-4fdb-b426-7a7aa0f4647b] - async connecting. Associated Snowflake domain: GLOBAL"}
{"level":"INFO","message":"[1:19:04.327 PM]: Trying to initialize Easy Logging"}
{"level":"INFO","message":"[1:19:04.328 PM]: No client config detected."}
{"level":"INFO","message":"[1:19:04.329 PM]: No config file path found. Client config will not be used."}
{"level":"INFO","message":"[1:19:04.329 PM]: Easy Logging is disabled as no config has been found"}
{"level":"INFO","message":"[1:19:04.332 PM]: Connection[id: f54832d7-bc9a-4fdb-b426-7a7aa0f4647b] - authentication successful using: SNOWFLAKE_JWT"}
{"level":"INFO","message":"[1:19:04.756 PM]: Connection[id: f54832d7-bc9a-4fdb-b426-7a7aa0f4647b] - connection established successfully after 428.43 milliseconds"}
{"level":"INFO","message":"[1:19:27.465 PM]: Creating new connection object"}
{"level":"INFO","message":"[1:19:27.472 PM]: Creating Connection[id: a1ce526b-4cac-4248-8161-4e6789a06092] with host: udnznon-atscalepartner.snowflakecomputing.com, account: ck01391, accessUrl: https://udnznon-atscalepartner.snowflakecomputing.com, user: JAVIER.MORALES@ATSCALE.COM, role: ACCOUNTADMIN, database: SE_DEMO_LIBRARY, schema: AS_ADVENTURE, warehouse: SE_DEMO_JM_MEDIUM, proxy was not configured, password is not provided, region: undefined, authenticator: SNOWFLAKE_JWT, ocsp mode: FAIL_OPEN, os: darwin, os version: 25.5.0"}
{"level":"INFO","message":"[1:19:27.473 PM]: Connection[id: a1ce526b-4cac-4248-8161-4e6789a06092] additional details: passcode in password is provided, passcode is not provided, private key is provided, application: undefined, client name: snowflake-sdk, client version: 2.4.0, retry timeout: 300, private key path: undefined, private key pass is not provided, client store temporary credential: false, browser response timeout: 120000"}
{"level":"INFO","message":"[1:19:27.473 PM]: Connection[id: a1ce526b-4cac-4248-8161-4e6789a06092] - connection object created successfully."}
{"level":"INFO","message":"[1:19:27.473 PM]: Connection[id: a1ce526b-4cac-4248-8161-4e6789a06092] - async connecting. Associated Snowflake domain: GLOBAL"}
{"level":"INFO","message":"[1:19:27.473 PM]: Trying to initialize Easy Logging"}
{"level":"INFO","message":"[1:19:27.474 PM]: No client config detected."}
{"level":"INFO","message":"[1:19:27.474 PM]: No config file path found. Client config will not be used."}
{"level":"INFO","message":"[1:19:27.474 PM]: Easy Logging is disabled as no config has been found"}
{"level":"INFO","message":"[1:19:27.476 PM]: Connection[id: a1ce526b-4cac-4248-8161-4e6789a06092] - authentication successful using: SNOWFLAKE_JWT"}
{"level":"INFO","message":"[1:19:28.331 PM]: Connection[id: a1ce526b-4cac-4248-8161-4e6789a06092] - connection established successfully after 858.02 milliseconds"}
{"level":"INFO","message":"[1:20:44.807 PM]: Creating new connection object"}
{"level":"INFO","message":"[1:20:44.814 PM]: Creating Connection[id: b04a1c4a-6a16-40d4-b543-697dca1eb19b] with host: udnznon-atscalepartner.snowflakecomputing.com, account: ck01391, accessUrl: https://udnznon-atscalepartner.snowflakecomputing.com, user: JAVIER.MORALES@ATSCALE.COM, role: ACCOUNTADMIN, database: SE_DEMO_LIBRARY, schema: AS_ADVENTURE, warehouse: SE_DEMO_JM_MEDIUM, proxy was not configured, password is not provided, region: undefined, authenticator: SNOWFLAKE_JWT, ocsp mode: FAIL_OPEN, os: darwin, os version: 25.5.0"}
{"level":"INFO","message":"[1:20:44.815 PM]: Connection[id: b04a1c4a-6a16-40d4-b543-697dca1eb19b] additional details: passcode in password is provided, passcode is not provided, private key is provided, application: undefined, client name: snowflake-sdk, client version: 2.4.0, retry timeout: 300, private key path: undefined, private key pass is not provided, client store temporary credential: false, browser response timeout: 120000"}
{"level":"INFO","message":"[1:20:44.815 PM]: Connection[id: b04a1c4a-6a16-40d4-b543-697dca1eb19b] - connection object created successfully."}
{"level":"INFO","message":"[1:20:44.815 PM]: Connection[id: b04a1c4a-6a16-40d4-b543-697dca1eb19b] - async connecting. Associated Snowflake domain: GLOBAL"}
{"level":"INFO","message":"[1:20:44.815 PM]: Trying to initialize Easy Logging"}
{"level":"INFO","message":"[1:20:44.816 PM]: No client config detected."}
{"level":"INFO","message":"[1:20:44.816 PM]: No config file path found. Client config will not be used."}
{"level":"INFO","message":"[1:20:44.816 PM]: Easy Logging is disabled as no config has been found"}
{"level":"INFO","message":"[1:20:44.818 PM]: Connection[id: b04a1c4a-6a16-40d4-b543-697dca1eb19b] - authentication successful using: SNOWFLAKE_JWT"}
{"level":"INFO","message":"[1:20:45.348 PM]: Connection[id: b04a1c4a-6a16-40d4-b543-697dca1eb19b] - connection established successfully after 533.48 milliseconds"}
{"level":"INFO","message":"[1:22:04.500 PM]: Creating new connection object"}
{"level":"INFO","message":"[1:22:04.507 PM]: Creating Connection[id: 46cdcd81-7777-4de8-8f50-2fc7fe9c5636] with host: udnznon-atscalepartner.snowflakecomputing.com, account: ck01391, accessUrl: https://udnznon-atscalepartner.snowflakecomputing.com, user: JAVIER.MORALES@ATSCALE.COM, role: ACCOUNTADMIN, database: SE_DEMO_LIBRARY, schema: AS_ADVENTURE, warehouse: SE_DEMO_JM_MEDIUM, proxy was not configured, password is not provided, region: undefined, authenticator: SNOWFLAKE_JWT, ocsp mode: FAIL_OPEN, os: darwin, os version: 25.5.0"}
{"level":"INFO","message":"[1:22:04.507 PM]: Connection[id: 46cdcd81-7777-4de8-8f50-2fc7fe9c5636] additional details: passcode in password is provided, passcode is not provided, private key is provided, application: undefined, client name: snowflake-sdk, client version: 2.4.0, retry timeout: 300, private key path: undefined, private key pass is not provided, client store temporary credential: false, browser response timeout: 120000"}
{"level":"INFO","message":"[1:22:04.508 PM]: Connection[id: 46cdcd81-7777-4de8-8f50-2fc7fe9c5636] - connection object created successfully."}
{"level":"INFO","message":"[1:22:04.508 PM]: Connection[id: 46cdcd81-7777-4de8-8f50-2fc7fe9c5636] - async connecting. Associated Snowflake domain: GLOBAL"}
{"level":"INFO","message":"[1:22:04.508 PM]: Trying to initialize Easy Logging"}
{"level":"INFO","message":"[1:22:04.509 PM]: No client config detected."}
{"level":"INFO","message":"[1:22:04.509 PM]: No config file path found. Client config will not be used."}
{"level":"INFO","message":"[1:22:04.509 PM]: Easy Logging is disabled as no config has been found"}
{"level":"INFO","message":"[1:22:04.511 PM]: Connection[id: 46cdcd81-7777-4de8-8f50-2fc7fe9c5636] - authentication successful using: SNOWFLAKE_JWT"}
{"level":"INFO","message":"[1:22:05.251 PM]: Connection[id: 46cdcd81-7777-4de8-8f50-2fc7fe9c5636] - connection established successfully after 743.64 milliseconds"}
{"level":"INFO","message":"[1:23:42.633 PM]: Creating new connection object"}
{"level":"INFO","message":"[1:23:42.638 PM]: Creating Connection[id: f536586b-d263-465a-8405-6a9bde36e53e] with host: udnznon-atscalepartner.snowflakecomputing.com, account: ck01391, accessUrl: https://udnznon-atscalepartner.snowflakecomputing.com, user: JAVIER.MORALES@ATSCALE.COM, role: ACCOUNTADMIN, database: SE_DEMO_LIBRARY, schema: AS_ADVENTURE, warehouse: SE_DEMO_JM_MEDIUM, proxy was not configured, password is not provided, region: undefined, authenticator: SNOWFLAKE_JWT, ocsp mode: FAIL_OPEN, os: darwin, os version: 25.5.0"}
{"level":"INFO","message":"[1:23:42.638 PM]: Connection[id: f536586b-d263-465a-8405-6a9bde36e53e] additional details: passcode in password is provided, passcode is not provided, private key is provided, application: undefined, client name: snowflake-sdk, client version: 2.4.0, retry timeout: 300, private key path: undefined, private key pass is not provided, client store temporary credential: false, browser response timeout: 120000"}
{"level":"INFO","message":"[1:23:42.638 PM]: Connection[id: f536586b-d263-465a-8405-6a9bde36e53e] - connection object created successfully."}
{"level":"INFO","message":"[1:23:42.638 PM]: Connection[id: f536586b-d263-465a-8405-6a9bde36e53e] - async connecting. Associated Snowflake domain: GLOBAL"}
{"level":"INFO","message":"[1:23:42.639 PM]: Trying to initialize Easy Logging"}
{"level":"INFO","message":"[1:23:42.640 PM]: No client config detected."}
{"level":"INFO","message":"[1:23:42.640 PM]: No config file path found. Client config will not be used."}
{"level":"INFO","message":"[1:23:42.640 PM]: Easy Logging is disabled as no config has been found"}
{"level":"INFO","message":"[1:23:42.642 PM]: Connection[id: f536586b-d263-465a-8405-6a9bde36e53e] - authentication successful using: SNOWFLAKE_JWT"}
{"level":"INFO","message":"[1:23:43.071 PM]: Connection[id: f536586b-d263-465a-8405-6a9bde36e53e] - connection established successfully after 432.58 milliseconds"}
{"level":"INFO","message":"[1:23:57.524 PM]: Creating new connection object"}
{"level":"INFO","message":"[1:23:57.532 PM]: Creating Connection[id: 960695da-4c4b-4f55-83b3-6cc039be2c2e] with host: udnznon-atscalepartner.snowflakecomputing.com, account: ck01391, accessUrl: https://udnznon-atscalepartner.snowflakecomputing.com, user: JAVIER.MORALES@ATSCALE.COM, role: ACCOUNTADMIN, database: SE_DEMO_LIBRARY, schema: AS_ADVENTURE, warehouse: SE_DEMO_JM_MEDIUM, proxy was not configured, password is not provided, region: undefined, authenticator: SNOWFLAKE_JWT, ocsp mode: FAIL_OPEN, os: darwin, os version: 25.5.0"}
{"level":"INFO","message":"[1:23:57.532 PM]: Connection[id: 960695da-4c4b-4f55-83b3-6cc039be2c2e] additional details: passcode in password is provided, passcode is not provided, private key is provided, application: undefined, client name: snowflake-sdk, client version: 2.4.0, retry timeout: 300, private key path: undefined, private key pass is not provided, client store temporary credential: false, browser response timeout: 120000"}
{"level":"INFO","message":"[1:23:57.532 PM]: Connection[id: 960695da-4c4b-4f55-83b3-6cc039be2c2e] - connection object created successfully."}
{"level":"INFO","message":"[1:23:57.532 PM]: Connection[id: 960695da-4c4b-4f55-83b3-6cc039be2c2e] - async connecting. Associated Snowflake domain: GLOBAL"}
{"level":"INFO","message":"[1:23:57.532 PM]: Trying to initialize Easy Logging"}
{"level":"INFO","message":"[1:23:57.533 PM]: No client config detected."}
{"level":"INFO","message":"[1:23:57.533 PM]: No config file path found. Client config will not be used."}
{"level":"INFO","message":"[1:23:57.533 PM]: Easy Logging is disabled as no config has been found"}
{"level":"INFO","message":"[1:23:57.535 PM]: Connection[id: 960695da-4c4b-4f55-83b3-6cc039be2c2e] - authentication successful using: SNOWFLAKE_JWT"}
{"level":"INFO","message":"[1:23:57.882 PM]: Connection[id: 960695da-4c4b-4f55-83b3-6cc039be2c2e] - connection established successfully after 349.56 milliseconds"}
{"level":"INFO","message":"[1:25:11.825 PM]: Creating new connection object"}
{"level":"INFO","message":"[1:25:11.832 PM]: Creating Connection[id: 05d4703b-5fba-4e5c-86ba-edfcb449a1c6] with host: udnznon-atscalepartner.snowflakecomputing.com, account: ck01391, accessUrl: https://udnznon-atscalepartner.snowflakecomputing.com, user: JAVIER.MORALES@ATSCALE.COM, role: ACCOUNTADMIN, database: SE_DEMO_LIBRARY, schema: AS_ADVENTURE, warehouse: SE_DEMO_JM_MEDIUM, proxy was not configured, password is not provided, region: undefined, authenticator: SNOWFLAKE_JWT, ocsp mode: FAIL_OPEN, os: darwin, os version: 25.5.0"}
{"level":"INFO","message":"[1:25:11.832 PM]: Connection[id: 05d4703b-5fba-4e5c-86ba-edfcb449a1c6] additional details: passcode in password is provided, passcode is not provided, private key is provided, application: undefined, client name: snowflake-sdk, client version: 2.4.0, retry timeout: 300, private key path: undefined, private key pass is not provided, client store temporary credential: false, browser response timeout: 120000"}
{"level":"INFO","message":"[1:25:11.833 PM]: Connection[id: 05d4703b-5fba-4e5c-86ba-edfcb449a1c6] - connection object created successfully."}
{"level":"INFO","message":"[1:25:11.833 PM]: Connection[id: 05d4703b-5fba-4e5c-86ba-edfcb449a1c6] - async connecting. Associated Snowflake domain: GLOBAL"}
{"level":"INFO","message":"[1:25:11.833 PM]: Trying to initialize Easy Logging"}
{"level":"INFO","message":"[1:25:11.834 PM]: No client config detected."}
{"level":"INFO","message":"[1:25:11.834 PM]: No config file path found. Client config will not be used."}
{"level":"INFO","message":"[1:25:11.834 PM]: Easy Logging is disabled as no config has been found"}
{"level":"INFO","message":"[1:25:11.836 PM]: Connection[id: 05d4703b-5fba-4e5c-86ba-edfcb449a1c6] - authentication successful using: SNOWFLAKE_JWT"}
{"level":"INFO","message":"[1:25:12.309 PM]: Connection[id: 05d4703b-5fba-4e5c-86ba-edfcb449a1c6] - connection established successfully after 476.48 milliseconds"}
{"level":"INFO","message":"[3:36:39.145 AM]: Creating new connection object"}
{"level":"INFO","message":"[3:36:39.152 AM]: Creating Connection[id: 1ee9d379-cce3-4b57-8559-8c8c9cf17713] with host: udnznon-atscalepartner.snowflakecomputing.com, account: ck01391, accessUrl: https://udnznon-atscalepartner.snowflakecomputing.com, user: JAVIER.MORALES@ATSCALE.COM, role: ACCOUNTADMIN, database: SE_DEMO_LIBRARY, schema: AS_ADVENTURE, warehouse: SE_DEMO_JM_MEDIUM, proxy was not configured, password is not provided, region: undefined, authenticator: SNOWFLAKE_JWT, ocsp mode: FAIL_OPEN, os: darwin, os version: 25.5.0"}
{"level":"INFO","message":"[3:36:39.152 AM]: Connection[id: 1ee9d379-cce3-4b57-8559-8c8c9cf17713] additional details: passcode in password is provided, passcode is not provided, private key is provided, application: undefined, client name: snowflake-sdk, client version: 2.4.0, retry timeout: 300, private key path: undefined, private key pass is not provided, client store temporary credential: false, browser response timeout: 120000"}
{"level":"INFO","message":"[3:36:39.152 AM]: Connection[id: 1ee9d379-cce3-4b57-8559-8c8c9cf17713] - connection object created successfully."}
{"level":"INFO","message":"[3:36:39.153 AM]: Connection[id: 1ee9d379-cce3-4b57-8559-8c8c9cf17713] - async connecting. Associated Snowflake domain: GLOBAL"}
{"level":"INFO","message":"[3:36:39.153 AM]: Trying to initialize Easy Logging"}
{"level":"INFO","message":"[3:36:39.154 AM]: No client config detected."}
{"level":"INFO","message":"[3:36:39.154 AM]: No config file path found. Client config will not be used."}
{"level":"INFO","message":"[3:36:39.154 AM]: Easy Logging is disabled as no config has been found"}
{"level":"INFO","message":"[3:36:39.156 AM]: Connection[id: 1ee9d379-cce3-4b57-8559-8c8c9cf17713] - authentication successful using: SNOWFLAKE_JWT"}
{"level":"INFO","message":"[3:36:39.720 AM]: Connection[id: 1ee9d379-cce3-4b57-8559-8c8c9cf17713] - connection established successfully after 567.27 milliseconds"}
{"level":"INFO","message":"[3:41:10.484 AM]: Creating new connection object"}
{"level":"INFO","message":"[3:41:10.490 AM]: Creating Connection[id: 2c2f5830-4104-45ad-9d9c-7afeaca0f93a] with host: udnznon-atscalepartner.snowflakecomputing.com, account: ck01391, accessUrl: https://udnznon-atscalepartner.snowflakecomputing.com, user: JAVIER.MORALES@ATSCALE.COM, role: ACCOUNTADMIN, database: SE_DEMO_LIBRARY, schema: AS_ADVENTURE, warehouse: SE_DEMO_JM_MEDIUM, proxy was not configured, password is not provided, region: undefined, authenticator: SNOWFLAKE_JWT, ocsp mode: FAIL_OPEN, os: darwin, os version: 25.5.0"}
{"level":"INFO","message":"[3:41:10.490 AM]: Connection[id: 2c2f5830-4104-45ad-9d9c-7afeaca0f93a] additional details: passcode in password is provided, passcode is not provided, private key is provided, application: undefined, client name: snowflake-sdk, client version: 2.4.0, retry timeout: 300, private key path: undefined, private key pass is not provided, client store temporary credential: false, browser response timeout: 120000"}
{"level":"INFO","message":"[3:41:10.491 AM]: Connection[id: 2c2f5830-4104-45ad-9d9c-7afeaca0f93a] - connection object created successfully."}
{"level":"INFO","message":"[3:41:10.491 AM]: Connection[id: 2c2f5830-4104-45ad-9d9c-7afeaca0f93a] - async connecting. Associated Snowflake domain: GLOBAL"}
{"level":"INFO","message":"[3:41:10.491 AM]: Trying to initialize Easy Logging"}
{"level":"INFO","message":"[3:41:10.492 AM]: No client config detected."}
{"level":"INFO","message":"[3:41:10.492 AM]: No config file path found. Client config will not be used."}
{"level":"INFO","message":"[3:41:10.492 AM]: Easy Logging is disabled as no config has been found"}
{"level":"INFO","message":"[3:41:10.494 AM]: Connection[id: 2c2f5830-4104-45ad-9d9c-7afeaca0f93a] - authentication successful using: SNOWFLAKE_JWT"}
{"level":"INFO","message":"[3:41:11.007 AM]: Connection[id: 2c2f5830-4104-45ad-9d9c-7afeaca0f93a] - connection established successfully after 515.84 milliseconds"}
{"level":"INFO","message":"[3:41:18.137 AM]: Creating new connection object"}
{"level":"INFO","message":"[3:41:18.142 AM]: Creating Connection[id: e306ef9a-a150-4caa-9bfd-758358ecd793] with host: udnznon-atscalepartner.snowflakecomputing.com, account: ck01391, accessUrl: https://udnznon-atscalepartner.snowflakecomputing.com, user: JAVIER.MORALES@ATSCALE.COM, role: ACCOUNTADMIN, database: SE_DEMO_LIBRARY, schema: AS_ADVENTURE, warehouse: SE_DEMO_JM_MEDIUM, proxy was not configured, password is not provided, region: undefined, authenticator: SNOWFLAKE_JWT, ocsp mode: FAIL_OPEN, os: darwin, os version: 25.5.0"}
{"level":"INFO","message":"[3:41:18.142 AM]: Connection[id: e306ef9a-a150-4caa-9bfd-758358ecd793] additional details: passcode in password is provided, passcode is not provided, private key is provided, application: undefined, client name: snowflake-sdk, client version: 2.4.0, retry timeout: 300, private key path: undefined, private key pass is not provided, client store temporary credential: false, browser response timeout: 120000"}
{"level":"INFO","message":"[3:41:18.143 AM]: Connection[id: e306ef9a-a150-4caa-9bfd-758358ecd793] - connection object created successfully."}
{"level":"INFO","message":"[3:41:18.143 AM]: Connection[id: e306ef9a-a150-4caa-9bfd-758358ecd793] - async connecting. Associated Snowflake domain: GLOBAL"}
{"level":"INFO","message":"[3:41:18.143 AM]: Trying to initialize Easy Logging"}
{"level":"INFO","message":"[3:41:18.144 AM]: No client config detected."}
{"level":"INFO","message":"[3:41:18.144 AM]: No config file path found. Client config will not be used."}
{"level":"INFO","message":"[3:41:18.144 AM]: Easy Logging is disabled as no config has been found"}
{"level":"INFO","message":"[3:41:18.146 AM]: Connection[id: e306ef9a-a150-4caa-9bfd-758358ecd793] - authentication successful using: SNOWFLAKE_JWT"}
{"level":"INFO","message":"[3:41:18.459 AM]: Connection[id: e306ef9a-a150-4caa-9bfd-758358ecd793] - connection established successfully after 316.68 milliseconds"}
{"level":"INFO","message":"[3:41:35.221 AM]: Creating new connection object"}
{"level":"INFO","message":"[3:41:35.226 AM]: Creating Connection[id: 2bc96f8b-d268-4d84-a6f3-e891823df69c] with host: udnznon-atscalepartner.snowflakecomputing.com, account: ck01391, accessUrl: https://udnznon-atscalepartner.snowflakecomputing.com, user: JAVIER.MORALES@ATSCALE.COM, role: ACCOUNTADMIN, database: SE_DEMO_LIBRARY, schema: AS_ADVENTURE, warehouse: SE_DEMO_JM_MEDIUM, proxy was not configured, password is not provided, region: undefined, authenticator: SNOWFLAKE_JWT, ocsp mode: FAIL_OPEN, os: darwin, os version: 25.5.0"}
{"level":"INFO","message":"[3:41:35.226 AM]: Connection[id: 2bc96f8b-d268-4d84-a6f3-e891823df69c] additional details: passcode in password is provided, passcode is not provided, private key is provided, application: undefined, client name: snowflake-sdk, client version: 2.4.0, retry timeout: 300, private key path: undefined, private key pass is not provided, client store temporary credential: false, browser response timeout: 120000"}
{"level":"INFO","message":"[3:41:35.226 AM]: Connection[id: 2bc96f8b-d268-4d84-a6f3-e891823df69c] - connection object created successfully."}
{"level":"INFO","message":"[3:41:35.227 AM]: Connection[id: 2bc96f8b-d268-4d84-a6f3-e891823df69c] - async connecting. Associated Snowflake domain: GLOBAL"}
{"level":"INFO","message":"[3:41:35.227 AM]: Trying to initialize Easy Logging"}
{"level":"INFO","message":"[3:41:35.228 AM]: No client config detected."}
{"level":"INFO","message":"[3:41:35.228 AM]: No config file path found. Client config will not be used."}
{"level":"INFO","message":"[3:41:35.228 AM]: Easy Logging is disabled as no config has been found"}
{"level":"INFO","message":"[3:41:35.230 AM]: Connection[id: 2bc96f8b-d268-4d84-a6f3-e891823df69c] - authentication successful using: SNOWFLAKE_JWT"}
{"level":"INFO","message":"[3:41:35.536 AM]: Connection[id: 2bc96f8b-d268-4d84-a6f3-e891823df69c] - connection established successfully after 309.04 milliseconds"}
